zeta,turn_g0.2,turn_g0.5,turn_g0.7,turn_g0.9,turn_g0.95,turn_g1.0
1.000000000000e-04,0.000000000000e+00,0.000000000000e+00,0.000000000000e+00,0.000000000000e+00,0.000000000000e+00,0.000000000000e+00
1.013254101240e-04,-9.684618455652e-03,-2.176744075880e-03,-5.590954614829e-04,-1.208439780378e-04,-8.081203834238e-05,-5.369797621038e-05
1.026683873680e-04,-1.940469816059e-02,-4.368140282716e-03,-1.123380726524e-03,-2.431288118415e-04,-1.626413533918e-04,-1.081076708287e-04
1.040291645683e-04,-2.916039834714e-02,-6.574289008164e-03,-1.692904082437e-03,-3.668716843516e-04,-2.455007516770e-04,-1.632385170556e-04
1.054079776474e-04,-3.895187913367e-02,-8.795291350226e-03,-2.267714267821e-03,-4.920899834822e-04,-3.294032009557e-04,-2.191000730942e-04
1.068050656546e-04,-4.877930153048e-02,-1.103124912254e-02,-2.847860476822e-03,-6.188013045773e-04,-4.143618322687e-04,-2.757020238606e-04
1.082206708077e-04,-5.864282744566e-02,-1.328226485976e-02,-3.433392363422e-03,-7.470234528971e-04,-5.003899419630e-04,-3.330541826000e-04
1.096550385349e-04,-6.854261969106e-02,-1.554844182293e-02,-4.024360045770e-03,-8.767744461185e-04,-5.875009938418e-04,-3.911664926679e-04
1.111084175171e-04,-7.847884198832e-02,-1.782988400488e-02,-4.620814110557e-03,-1.008072516873e-03,-6.757086211747e-04,-4.500490291710e-04
1.125810597314e-04,-8.845165897486e-02,-2.012669613580e-02,-5.222805617434e-03,-1.140936115310e-03,-7.650266289111e-04,-5.097120007800e-04
1.140732204948e-04,-9.846123620996e-02,-2.243898368870e-02,-5.830386103479e-03,-1.275383911674e-03,-8.554689958243e-04,-5.701657514541e-04
1.155851585080e-04,-1.085077401809e-01,-2.476685288498e-02,-6.443607587696e-03,-1.411434798994e-03,-9.470498766802e-04,-6.314207622530e-04
1.171171359007e-04,-1.185913383093e-01,-2.711041070009e-02,-7.062522575552e-03,-1.549107895654e-03,-1.039783604464e-03,-6.934876531762e-04
1.186694182769e-04,-1.287121989568e-01,-2.946976486914e-02,-7.687184063599e-03,-1.688422548173e-03,-1.133684692638e-03,-7.563771849498e-04
1.202422747608e-04,-1.388704914321e-01,-3.184502389264e-02,-8.317645544059e-03,-1.829398333857e-03,-1.228767837383e-03,-8.201002609478e-04
1.218359780438e-04,-1.490663859966e-01,-3.423629704227e-02,-8.953961009534e-03,-1.972055063606e-03,-1.325047919945e-03,-8.846679290430e-04
1.234508044315e-04,-1.593000538713e-01,-3.664369436664e-02,-9.596184957733e-03,-2.116412784659e-03,-1.422540008924e-03,-9.500913835413e-04
1.250870338916e-04,-1.695716672425e-01,-3.906732669716e-02,-1.024437239623e-02,-2.262491783453e-03,-1.521259362647e-03,-1.016381967140e-03
1.267449501026e-04,-1.798813992692e-01,-4.150730565396e-02,-1.089857884727e-02,-2.410312588470e-03,-1.621221431582e-03,-1.083551172851e-03
1.284248405029e-04,-1.902294240886e-01,-4.396374365177e-02,-1.155886035263e-02,-2.559895973104e-03,-1.722441860724e-03,-1.151610646006e-03
1.301269963406e-04,-2.006159168236e-01,-4.643675390602e-02,-1.222527347857e-02,-2.711262958625e-03,-1.824936492035e-03,-1.220572186299e-03
1.318517127242e-04,-2.110410535884e-01,-4.892645043875e-02,-1.289787532069e-02,-2.864434817092e-03,-1.928721366992e-03,-1.290447749836e-03
1.335992886733e-04,-2.215050114963e-01,-5.143294808485e-02,-1.357672350908e-02,-3.019433074380e-03,-2.033812729019e-03,-1.361249451171e-03
1.353700271709e-04,-2.320079686652e-01,-5.395636249807e-02,-1.426187621318e-02,-3.176279513209e-03,-2.140227026099e-03,-1.432989565419e-03
1.371642352159e-04,-2.425501042252e-01,-5.649681015730e-02,-1.495339214708e-02,-3.334996176204e-03,-2.247980913277e-03,-1.505680530407e-03
1.389822238760e-04,-2.531315983251e-01,-5.905440837277e-02,-1.565133057448e-02,-3.495605368995e-03,-2.357091255343e-03,-1.579334948797e-03
1.408243083418e-04,-2.637526321393e-01,-6.162927529236e-02,-1.635575131406e-02,-3.658129663363e-03,-2.467575129439e-03,-1.653965590311e-03
1.426908079816e-04,-2.744133878744e-01,-6.422152990802e-02,-1.706671474459e-02,-3.822591900410e-03,-2.579449827713e-03,-1.729585393905e-03
1.445820463966e-04,-2.851140487768e-01,-6.683129206199e-02,-1.778428181027e-02,-3.989015193812e-03,-2.692732860059e-03,-1.806207470028e-03
1.464983514770e-04,-2.958547991390e-01,-6.945868245345e-02,-1.850851402614e-02,-4.157422932993e-03,-2.807441956850e-03,-1.883845102910e-03
1.484400554589e-04,-3.066358243070e-01,-7.210382264491e-02,-1.923947348339e-02,-4.327838786533e-03,-2.923595071723e-03,-1.962511752823e-03
1.504074949820e-04,-3.174573106875e-01,-7.476683506880e-02,-1.997722285484e-02,-4.500286705378e-03,-3.041210384362e-03,-2.042221058495e-03
1.524010111478e-04,-3.283194457548e-01,-7.744784303412e-02,-2.072182540050e-02,-4.674790926314e-03,-3.160306303396e-03,-2.122986839378e-03
1.544209495786e-04,-3.392224180582e-01,-8.014697073304e-02,-2.147334497303e-02,-4.851375975318e-03,-3.280901469211e-03,-2.204823098080e-03
1.564676604779e-04,-3.501664172291e-01,-8.286434324768e-02,-2.223184602346e-02,-5.030066671052e-03,-3.403014756949e-03,-2.287744022847e-03
1.585414986906e-04,-3.611516339885e-01,-8.560008655689e-02,-2.299739360674e-02,-5.210888128322e-03,-3.526665279401e-03,-2.371763989958e-03
1.606428237650e-04,-3.721782601542e-01,-8.835432754304e-02,-2.377005338756e-02,-5.393865761642e-03,-3.651872390046e-03,-2.456897566199e-03
1.627720000147e-04,-3.832464886485e-01,-9.112719399897e-02,-2.454989164605e-02,-5.579025288812e-03,-3.778655686044e-03,-2.543159511495e-03
1.649293965819e-04,-3.943565135054e-01,-9.391881463492e-02,-2.533697528368e-02,-5.766392734498e-03,-3.907035011333e-03,-2.630564781341e-03
1.671153875016e-04,-4.055085298781e-01,-9.672931908551e-02,-2.613137182909e-02,-5.955994433999e-03,-4.037030459729e-03,-2.719128529479e-03
1.693303517663e-04,-4.167027340470e-01,-9.955883791690e-02,-2.693314944405e-02,-6.147857036818e-03,-4.168662378074e-03,-2.808866110505e-03
1.715746733916e-04,-4.279393234268e-01,-1.024075026338e-01,-2.774237692947e-02,-6.342007510537e-03,-4.301951369408e-03,-2.899793082505e-03
1.738487414830e-04,-4.392184965748e-01,-1.052754456867e-01,-2.855912373146e-02,-6.538473144556e-03,-4.436918296238e-03,-2.991925209815e-03
1.761529503030e-04,-4.505404531982e-01,-1.081628004791e-01,-2.938345994745e-02,-6.737281553938e-03,-4.573584283750e-03,-3.085278465658e-03
1.784876993400e-04,-4.619053941621e-01,-1.110697013750e-01,-3.021545633232e-02,-6.938460683331e-03,-4.711970723159e-03,-3.179869035004e-03
1.808533933772e-04,-4.733135214975e-01,-1.139962837060e-01,-3.105518430472e-02,-7.142038810855e-03,-4.852099275060e-03,-3.275713317334e-03
1.832504425626e-04,-4.847650384089e-01,-1.169426837787e-01,-3.190271595333e-02,-7.348044552138e-03,-4.993991872794e-03,-3.372827929489e-03
1.856792624806e-04,-4.962601492827e-01,-1.199090388827e-01,-3.275812404316e-02,-7.556506864324e-03,-5.137670725893e-03,-3.471229708536e-03
1.881402742236e-04,-5.077990596951e-01,-1.228954872975e-01,-3.362148202205e-02,-7.767455050151e-03,-5.283158323577e-03,-3.570935714729e-03
1.906339044655e-04,-5.193819764201e-01,-1.259021683005e-01,-3.449286402714e-02,-7.980918762062e-03,-5.430477438274e-03,-3.671963234426e-03
1.931605855351e-04,-5.310091074379e-01,-1.289292221746e-01,-3.537234489137e-02,-8.196928006447e-03,-5.579651129152e-03,-3.774329783095e-03
1.957207554913e-04,-5.426806619430e-01,-1.319767902158e-01,-3.626000015011e-02,-8.415513147790e-03,-5.730702745794e-03,-3.878053108371e-03
1.983148581993e-04,-5.543968503525e-01,-1.350450147415e-01,-3.715590604788e-02,-8.636704913007e-03,-5.883655931783e-03,-3.983151193085e-03
2.009433434073e-04,-5.661578843147e-01,-1.381340390978e-01,-3.806013954500e-02,-8.860534395743e-03,-6.038534628464e-03,-4.089642258463e-03
2.036066668243e-04,-5.779639767170e-01,-1.412440076676e-01,-3.897277832442e-02,-9.087033060774e-03,-6.195363078686e-03,-4.197544767205e-03
2.063052901995e-04,-5.898153416951e-01,-1.443750658788e-01,-3.989390079866e-02,-9.316232748423e-03,-6.354165830569e-03,-4.306877426723e-03
2.090396814022e-04,-6.017121946410e-01,-1.475273602124e-01,-4.082358611666e-02,-9.548165679081e-03,-6.514967741368e-03,-4.417659192372e-03
2.118103145026e-04,-6.136547522119e-01,-1.507010382104e-01,-4.176191417078e-02,-9.782864457698e-03,-6.677793981383e-03,-4.529909270758e-03
2.146176698547e-04,-6.256432323388e-01,-1.538962484841e-01,-4.270896560396e-02,-1.002036207842e-02,-6.842670037887e-03,-4.643647123047e-03
2.174622341788e-04,-6.376778542353e-01,-1.571131407226e-01,-4.366482181674e-02,-1.026069192922e-02,-7.009621719128e-03,-4.758892468354e-03
2.203445006465e-04,-6.497588384061e-01,-1.603518657007e-01,-4.462956497457e-02,-1.050388779662e-02,-7.178675158331e-03,-4.875665287127e-03
2.232649689657e-04,-6.618864066567e-01,-1.636125752879e-01,-4.560327801502e-02,-1.074998387043e-02,-7.349856817876e-03,-4.993985824664e-03
2.262241454677e-04,-6.740607821012e-01,-1.668954224566e-01,-4.658604465514e-02,-1.099901474859e-02,-7.523193493358e-03,-5.113874594583e-03
2.292225431947e-04,-6.862821891725e-01,-1.702005612904e-01,-4.757794939893e-02,-1.125101544202e-02,-7.698712317847e-03,-5.235352382406e-03
2.322606819887e-04,-6.985508536304e-01,-1.735281469935e-01,-4.857907754478e-02,-1.150602137960e-02,-7.876440766106e-03,-5.358440249119e-03
2.353390885818e-04,-7.108670025713e-01,-1.768783358986e-01,-4.958951519303e-02,-1.176406841313e-02,-8.056406658906e-03,-5.483159534875e-03
2.384582966876e-04,-7.232308644373e-01,-1.802512854762e-01,-5.060934925366e-02,-1.202519282237e-02,-8.238638167398e-03,-5.609531862681e-03
2.416188470934e-04,-7.356426690255e-01,-1.836471543433e-01,-5.163866745397e-02,-1.228943132021e-02,-8.423163817495e-03,-5.737579142101e-03
2.448212877542e-04,-7.481026474973e-01,-1.870661022724e-01,-5.267755834634e-02,-1.255682105780e-02,-8.610012494376e-03,-5.867323573138e-03
2.480661738878e-04,-7.606110323879e-01,-1.905082902004e-01,-5.372611131619e-02,-1.282739962981e-02,-8.799213446983e-03,-5.998787649999e-03
2.513540680707e-04,-7.731680576157e-01,-1.939738802379e-01,-5.478441658979e-02,-1.310120507972e-02,-8.990796292653e-03,-6.131994165034e-03
2.546855403360e-04,-7.857739584920e-01,-1.974630356782e-01,-5.585256524241e-02,-1.337827590518e-02,-9.184791021688e-03,-6.266966212710e-03
2.580611682719e-04,-7.984289717306e-01,-2.009759210067e-01,-5.693064920630e-02,-1.365865106347e-02,-9.381228002128e-03,-6.403727193575e-03
2.614815371223e-04,-8.111333354574e-01,-2.045127019101e-01,-5.801876127896e-02,-1.394236997696e-02,-9.580137984439e-03,-6.542300818321e-03
2.649472398877e-04,-8.238872892203e-01,-2.080735452859e-01,-5.911699513134e-02,-1.422947253868e-02,-9.781552106398e-03,-6.682711111917e-03
2.684588774284e-04,-8.366910739993e-01,-2.116586192518e-01,-6.022544531620e-02,-1.451999911796e-02,-9.985501897925e-03,-6.824982417762e-03
2.720170585686e-04,-8.495449322158e-01,-2.152680931555e-01,-6.134420727653e-02,-1.481399056611e-02,-1.019201928606e-02,-6.969139401898e-03
2.756224002019e-04,-8.624491077433e-01,-2.189021375841e-01,-6.247337735403e-02,-1.511148822216e-02,-1.040113659992e-02,-7.115207057301e-03
2.792755273981e-04,-8.754038459169e-01,-2.225609243739e-01,-6.361305279772e-02,-1.541253391876e-02,-1.061288657583e-02,-7.263210708189e-03
2.829770735121e-04,-8.884093935441e-01,-2.262446266205e-01,-6.476333177256e-02,-1.571716998801e-02,-1.082730236239e-02,-7.413176014446e-03
2.867276802930e-04,-9.014659989143e-01,-2.299534186883e-01,-6.592431336830e-02,-1.602543926747e-02,-1.104441752572e-02,-7.565128976062e-03
2.905279979959e-04,-9.145739118098e-01,-2.336874762208e-01,-6.709609760819e-02,-1.633738510618e-02,-1.126426605469e-02,-7.719095937616e-03
2.943786854944e-04,-9.277333835156e-01,-2.374469761505e-01,-6.827878545802e-02,-1.665305137080e-02,-1.148688236628e-02,-7.875103592867e-03
2.982804103948e-04,-9.409446668305e-01,-2.412320967092e-01,-6.947247883504e-02,-1.697248245179e-02,-1.171230131090e-02,-8.033178989374e-03
3.022338491521e-04,-9.542080160770e-01,-2.450430174383e-01,-7.067728061713e-02,-1.729572326965e-02,-1.194055817794e-02,-8.193349533180e-03
3.062396871869e-04,-9.675236871123e-01,-2.488799191989e-01,-7.189329465199e-02,-1.762281928132e-02,-1.217168870128e-02,-8.355642993602e-03
3.102986190045e-04,-9.808919373390e-01,-2.527429841825e-01,-7.312062576632e-02,-1.795381648652e-02,-1.240572906485e-02,-8.520087507981e-03
3.144113483154e-04,-9.943130257157e-01,-2.566323959214e-01,-7.435937977531e-02,-1.828876143428e-02,-1.264271590832e-02,-8.686711586594e-03
3.185785881570e-04,-1.007787212768e+00,-2.605483392994e-01,-7.560966349208e-02,-1.862770122951e-02,-1.288268633290e-02,-8.855544117611e-03
3.228010610173e-04,-1.021314760600e+00,-2.644910005625e-01,-7.687158473716e-02,-1.897068353966e-02,-1.312567790707e-02,-9.026614372090e-03
3.270794989604e-04,-1.034895932904e+00,-2.684605673295e-01,-7.814525234823e-02,-1.931775660139e-02,-1.337172867250e-02,-9.199952009047e-03
3.314146437531e-04,-1.048530994972e+00,-2.724572286034e-01,-7.943077618981e-02,-1.966896922747e-02,-1.362087715007e-02,-9.375587080583e-03
3.358072469938e-04,-1.062220213708e+00,-2.764811747817e-01,-8.072826716314e-02,-2.002437081356e-02,-1.387316234579e-02,-9.553550037144e-03
3.402580702425e-04,-1.075963857639e+00,-2.805325976682e-01,-8.203783721608e-02,-2.038401134528e-02,-1.412862375704e-02,-9.733871732750e-03
3.447678851532e-04,-1.089762196926e+00,-2.846116904836e-01,-8.335959935318e-02,-2.074794140524e-02,-1.438730137869e-02,-9.916583430358e-03
3.493374736073e-04,-1.103615503373e+00,-2.887186478773e-01,-8.469366764574e-02,-2.111621218012e-02,-1.464923570940e-02,-1.010171680731e-02
3.539676278494e-04,-1.117524050444e+00,-2.928536659383e-01,-8.604015724219e-02,-2.148887546800e-02,-1.491446775793e-02,-1.028930396079e-02
3.586591506246e-04,-1.131488113269e+00,-2.970169422071e-01,-8.739918437826e-02,-2.186598368555e-02,-1.518303904961e-02,-1.047937741338e-02
3.634128553176e-04,-1.145507968660e+00,-3.012086756871e-01,-8.877086638754e-02,-2.224758987558e-02,-1.545499163281e-02,-1.067197011876e-02
3.682295660939e-04,-1.159583895121e+00,-3.054290668561e-01,-9.015532171194e-02,-2.263374771438e-02,-1.573036808563e-02,-1.086711546735e-02
3.731101180424e-04,-1.173716172858e+00,-3.096783176785e-01,-9.155266991238e-02,-2.302451151941e-02,-1.600921152243e-02,-1.106484729215e-02
3.780553573206e-04,-1.187905083795e+00,-3.139566316169e-01,-9.296303167951e-02,-2.341993625691e-02,-1.629156560068e-02,-1.126519987458e-02
3.830661413008e-04,-1.202150911583e+00,-3.182642136442e-01,-9.438652884461e-02,-2.382007754968e-02,-1.657747452784e-02,-1.146820795041e-02
3.881433387192e-04,-1.216453941613e+00,-3.226012702558e-01,-9.582328439049e-02,-2.422499168496e-02,-1.686698306820e-02,-1.167390671584e-02
3.932878298262e-04,-1.230814461028e+00,-3.269680094815e-01,-9.727342246260e-02,-2.463473562233e-02,-1.716013654993e-02,-1.188233183352e-02
3.985005065392e-04,-1.245232758737e+00,-3.313646408981e-01,-9.873706838020e-02,-2.504936700178e-02,-1.745698087221e-02,-1.209351943881e-02
4.037822725970e-04,-1.259709125425e+00,-3.357913756419e-01,-1.002143486477e-01,-2.546894415190e-02,-1.775756251246e-02,-1.230750614602e-02
4.091340437169e-04,-1.274243853567e+00,-3.402484264210e-01,-1.017053909659e-01,-2.589352609801e-02,-1.806192853351e-02,-1.252432905470e-02
4.145567477530e-04,-1.288837237439e+00,-3.447360075278e-01,-1.032103242437e-01,-2.632317257061e-02,-1.837012659112e-02,-1.274402575617e-02
4.200513248574e-04,-1.303489573135e+00,-3.492543348525e-01,-1.047292786097e-01,-2.675794401376e-02,-1.868220494135e-02,-1.296663433996e-02
4.256187276431e-04,-1.318201158573e+00,-3.538036258950e-01,-1.062623854237e-01,-2.719790159362e-02,-1.899821244818e-02,-1.319219340045e-02
4.312599213489e-04,-1.332972293514e+00,-3.583840997787e-01,-1.078097772890e-01,-2.764310720712e-02,-1.931819859117e-02,-1.342074204356e-02
4.369758840071e-04,-1.347803279572e+00,-3.629959772631e-01,-1.093715880640e-01,-2.809362349068e-02,-1.964221347318e-02,-1.365231989354e-02
4.427676066132e-04,-1.362694420227e+00,-3.676394807573e-01,-1.109479528744e-01,-2.854951382908e-02,-1.997030782830e-02,-1.388696709978e-02
4.486360932970e-04,-1.377646020841e+00,-3.723148343331e-01,-1.125390081255e-01,-2.901084236440e-02,-2.030253302972e-02,-1.412472434385e-02
4.545823614974e-04,-1.392658388667e+00,-3.770222637387e-01,-1.141448915145e-01,-2.947767400511e-02,-2.063894109786e-02,-1.436563284650e-02
4.606074421386e-04,-1.407731832865e+00,-3.817619964121e-01,-1.157657420429e-01,-2.995007443521e-02,-2.097958470852e-02,-1.460973437482e-02
4.667123798086e-04,-1.422866664516e+00,-3.865342614950e-01,-1.174017000292e-01,-3.042811012355e-02,-2.132451720106e-02,-1.485707124953e-02
4.728982329405e-04,-1.438063196633e+00,-3.913392898462e-01,-1.190529071213e-01,-3.091184833319e-02,-2.167379258691e-02,-1.510768635221e-02
4.791660739961e-04,-1.453321744178e+00,-3.961773140561e-01,-1.207195063100e-01,-3.140135713096e-02,-2.202746555789e-02,-1.536162313283e-02
4.855169896515e-04,-1.468642624073e+00,-4.010485684603e-01,-1.224016419412e-01,-3.189670539703e-02,-2.238559149492e-02,-1.561892561726e-02
4.919520809861e-04,-1.484026155216e+00,-4.059532891542e-01,-1.240994597295e-01,-3.239796283464e-02,-2.274822647661e-02,-1.587963841485e-02
4.984724636727e-04,-1.499472658493e+00,-4.108917140070e-01,-1.258131067711e-01,-3.290519998005e-02,-2.311542728812e-02,-1.614380672627e-02
5.050792681715e-04,-1.514982456793e+00,-4.158640826760e-01,-1.275427315575e-01,-3.341848821241e-02,-2.348725143004e-02,-1.641147635124e-02
5.117736399261e-04,-1.530555875023e+00,-4.208706366219e-01,-1.292884839887e-01,-3.393789976389e-02,-2.386375712740e-02,-1.668269369650e-02
5.185567395616e-04,-1.546193240121e+00,-4.259116191228e-01,-1.310505153869e-01,-3.446350772991e-02,-2.424500333885e-02,-1.695750578392e-02
5.254297430864e-04,-1.561894881072e+00,-4.309872752891e-01,-1.328289785105e-01,-3.499538607947e-02,-2.463104976583e-02,-1.723596025856e-02
5.323938420957e-04,-1.577661128920e+00,-4.360978520790e-01,-1.346240275674e-01,-3.553360966558e-02,-2.502195686204e-02,-1.751810539700e-02
5.394502439783e-04,-1.593492316784e+00,-4.412435983130e-01,-1.364358182298e-01,-3.607825423592e-02,-2.541778584286e-02,-1.780399011568e-02
5.466001721259e-04,-1.609388779876e+00,-4.464247646896e-01,-1.382645076478e-01,-3.662939644347e-02,-2.581859869493e-02,-1.809366397936e-02
5.538448661451e-04,-1.625350855508e+00,-4.516416038003e-01,-1.401102544639e-01,-3.718711385743e-02,-2.622445818595e-02,-1.838717720976e-02
5.611855820722e-04,-1.641378883116e+00,-4.568943701454e-01,-1.419732188276e-01,-3.775148497412e-02,-2.663542787448e-02,-1.868458069422e-02
5.686235925913e-04,-1.657473204267e+00,-4.621833201497e-01,-1.438535624096e-01,-3.832258922818e-02,-2.705157211990e-02,-1.898592599457e-02
5.761601872550e-04,-1.673634162681e+00,-4.675087121778e-01,-1.457514484173e-01,-3.890050700370e-02,-2.747295609259e-02,-1.929126535605e-02
5.837966727073e-04,-1.689862104241e+00,-4.728708065509e-01,-1.476670416087e-01,-3.948531964567e-02,-2.789964578404e-02,-1.960065171634e-02
5.915343729109e-04,-1.706157377013e+00,-4.782698655620e-01,-1.496005083084e-01,-4.007710947152e-02,-2.833170801730e-02,-1.991413871477e-02
5.993746293763e-04,-1.722520331255e+00,-4.837061534928e-01,-1.515520164222e-01,-4.067595978265e-02,-2.876921045742e-02,-2.023178070160e-02
6.073188013947e-04,-1.738951319441e+00,-4.891799366295e-01,-1.535217354525e-01,-4.128195487633e-02,-2.921222162208e-02,-2.055363274750e-02
6.153682662733e-04,-1.755450696270e+00,-4.946914832799e-01,-1.555098365141e-01,-4.189518005761e-02,-2.966081089235e-02,-2.087975065299e-02
6.235244195743e-04,-1.772018818686e+00,-5.002410637899e-01,-1.575164923497e-01,-4.251572165135e-02,-3.011504852359e-02,-2.121019095822e-02
6.317886753569e-04,-1.788656045889e+00,-5.058289505599e-01,-1.595418773458e-01,-4.314366701448e-02,-3.057500565642e-02,-2.154501095272e-02
6.401624664224e-04,-1.805362739359e+00,-5.114554180625e-01,-1.615861675483e-01,-4.377910454840e-02,-3.104075432796e-02,-2.188426868531e-02
6.486472445623e-04,-1.822139262864e+00,-5.171207428590e-01,-1.636495406791e-01,-4.442212371141e-02,-3.151236748307e-02,-2.222802297423e-02
6.572444808108e-04,-1.838985982481e+00,-5.228252036171e-01,-1.657321761524e-01,-4.507281503146e-02,-3.198991898586e-02,-2.257633341731e-02
6.659556656988e-04,-1.855903266612e+00,-5.285690811281e-01,-1.678342550907e-01,-4.573127011890e-02,-3.247348363128e-02,-2.292926040226e-02
6.747823095133e-04,-1.872891486000e+00,-5.343526583248e-01,-1.699559603419e-01,-4.639758167954e-02,-3.296313715677e-02,-2.328686511720e-02
6.837259425585e-04,-1.889951013743e+00,-5.401762202989e-01,-1.720974764959e-01,-4.707184352769e-02,-3.345895625428e-02,-2.364920956123e-02
6.927881154215e-04,-1.907082225317e+00,-5.460400543192e-01,-1.742589899016e-01,-4.775415059950e-02,-3.396101858221e-02,-2.401635655521e-02
7.019703992412e-04,-1.924285498588e+00,-5.519444498497e-01,-1.764406886841e-01,-4.844459896643e-02,-3.446940277764e-02,-2.438836975261e-02
7.112743859801e-04,-1.941561213830e+00,-5.578896985675e-01,-1.786427627616e-01,-4.914328584878e-02,-3.498418846870e-02,-2.476531365061e-02
7.207016887013e-04,-1.958909753742e+00,-5.638760943818e-01,-1.808654038638e-01,-4.985030962955e-02,-3.550545628703e-02,-2.514725360118e-02
7.302539418471e-04,-1.976331503467e+00,-5.699039334521e-01,-1.831088055486e-01,-5.056576986835e-02,-3.603328788043e-02,-2.553425582252e-02
7.399328015232e-04,-1.993826850609e+00,-5.759735142069e-01,-1.853731632203e-01,-5.128976731547e-02,-3.656776592574e-02,-2.592638741050e-02
7.497399457854e-04,-2.011396185249e+00,-5.820851373630e-01,-1.876586741480e-01,-5.202240392622e-02,-3.710897414178e-02,-2.632371635023e-02
7.596770749304e-04,-2.029039899962e+00,-5.882391059444e-01,-1.899655374831e-01,-5.276378287533e-02,-3.765699730248e-02,-2.672631152796e-02
7.697459117912e-04,-2.046758389840e+00,-5.944357253013e-01,-1.922939542782e-01,-5.351400857163e-02,-3.821192125022e-02,-2.713424274293e-02
7.799482020351e-04,-2.064552052503e+00,-6.006753031303e-01,-1.946441275057e-01,-5.427318667276e-02,-3.877383290932e-02,-2.754758071952e-02
7.902857144668e-04,-2.082421288123e+00,-6.069581494932e-01,-1.970162620761e-01,-5.504142410028e-02,-3.934282029968e-02,-2.796639711951e-02
8.007602413348e-04,-2.100366499438e+00,-6.132845768375e-01,-1.994105648573e-01,-5.581882905471e-02,-3.991897255054e-02,-2.839076455446e-02
8.113735986424e-04,-2.118388091772e+00,-6.196549000159e-01,-2.018272446939e-01,-5.660551103090e-02,-4.050237991458e-02,-2.882075659835e-02
8.221276264622e-04,-2.136486473055e+00,-6.260694363068e-01,-2.042665124260e-01,-5.740158083361e-02,-4.109313378207e-02,-2.925644780032e-02
8.330241892554e-04,-2.154662053839e+00,-6.325285054347e-01,-2.067285809094e-01,-5.820715059320e-02,-4.169132669514e-02,-2.969791369760e-02
8.440651761951e-04,-2.172915247316e+00,-6.390324295903e-01,-2.092136650348e-01,-5.902233378145e-02,-4.229705236242e-02,-3.014523082858e-02
8.552525014935e-04,-2.191246469343e+00,-6.455815334520e-01,-2.117219817479e-01,-5.984724522782e-02,-4.291040567370e-02,-3.059847674609e-02
8.665881047340e-04,-2.209656138453e+00,-6.521761442061e-01,-2.142537500696e-01,-6.068200113559e-02,-4.353148271486e-02,-3.105773003088e-02
8.780739512075e-04,-2.228144675880e+00,-6.588165915686e-01,-2.168091911165e-01,-6.152671909841e-02,-4.416038078295e-02,-3.152307030520e-02
8.897120322529e-04,-2.246712505575e+00,-6.655032078058e-01,-2.193885281209e-01,-6.238151811698e-02,-4.479719840147e-02,-3.199457824663e-02
9.015043656028e-04,-2.265360054226e+00,-6.722363277565e-01,-2.219919864522e-01,-6.324651861595e-02,-4.544203533586e-02,-3.247233560205e-02
9.134529957328e-04,-2.284087751280e+00,-6.790162888535e-01,-2.246197936375e-01,-6.412184246096e-02,-4.609499260920e-02,-3.295642520182e-02
9.255599942161e-04,-2.302896028960e+00,-6.858434311451e-01,-2.272721793828e-01,-6.500761297601e-02,-4.675617251799e-02,-3.344693097417e-02
9.378274600831e-04,-2.321785322286e+00,-6.927180973182e-01,-2.299493755947e-01,-6.590395496089e-02,-4.742567864832e-02,-3.394393795967e-02
9.502575201846e-04,-2.340756069093e+00,-6.996406327194e-01,-2.326516164014e-01,-6.681099470891e-02,-4.810361589213e-02,-3.444753232608e-02
9.628523295611e-04,-2.359808710055e+00,-7.066113853788e-01,-2.353791381753e-01,-6.772886002493e-02,-4.879009046363e-02,-3.495780138321e-02
9.756140718163e-04,-2.378943688702e+00,-7.136307060316e-01,-2.381321795545e-01,-6.865768024333e-02,-4.948520991602e-02,-3.547483359808e-02
9.885449594952e-04,-2.398161451442e+00,-7.206989481420e-01,-2.409109814652e-01,-6.959758624653e-02,-5.018908315845e-02,-3.599871861027e-02
1.001647234469e-03,-2.417462447581e+00,-7.278164679257e-01,-2.437157871444e-01,-7.054871048347e-02,-5.090182047305e-02,-3.652954724745e-02
1.014923168321e-03,-2.436847129343e+00,-7.349836243738e-01,-2.465468421626e-01,-7.151118698851e-02,-5.162353353229e-02,-3.706741154113e-02
1.028375062745e-03,-2.456315951894e+00,-7.422007792761e-01,-2.494043944466e-01,-7.248515140038e-02,-5.235433541656e-02,-3.761240474259e-02
1.042005249939e-03,-2.475869373357e+00,-7.494682972448e-01,-2.522886943028e-01,-7.347074098153e-02,-5.309434063189e-02,-3.816462133915e-02
1.055816093014e-03,-2.495507854841e+00,-7.567865457391e-01,-2.551999944407e-01,-7.446809463755e-02,-5.384366512798e-02,-3.872415707037e-02
1.069809986402e-03,-2.515231860454e+00,-7.641558950890e-01,-2.581385499967e-01,-7.547735293699e-02,-5.460242631647e-02,-3.929110894482e-02
1.083989356269e-03,-2.535041857333e+00,-7.715767185197e-01,-2.611046185575e-01,-7.649865813126e-02,-5.537074308925e-02,-3.986557525682e-02
1.098356660940e-03,-2.554938315657e+00,-7.790493921769e-01,-2.640984601853e-01,-7.753215417490e-02,-5.614873583730e-02,-4.044765560347e-02
1.112914391322e-03,-2.574921708676e+00,-7.865742951513e-01,-2.671203374410e-01,-7.857798674598e-02,-5.693652646958e-02,-4.103745090197e-02
1.127665071335e-03,-2.594992512728e+00,-7.941518095038e-01,-2.701705154097e-01,-7.963630326688e-02,-5.773423843213e-02,-4.163506340706e-02
1.142611258356e-03,-2.615151207265e+00,-8.017823202912e-01,-2.732492617257e-01,-8.070725292521e-02,-5.854199672752e-02,-4.224059672880e-02
1.157755543652e-03,-2.635398274872e+00,-8.094662155916e-01,-2.763568465969e-01,-8.179098669500e-02,-5.935992793453e-02,-4.285415585049e-02
1.173100552838e-03,-2.655734201289e+00,-8.172038865305e-01,-2.794935428311e-01,-8.288765735820e-02,-6.018816022801e-02,-4.347584714689e-02
1.188648946330e-03,-2.676159475439e+00,-8.249957273068e-01,-2.826596258613e-01,-8.399741952638e-02,-6.102682339904e-02,-4.410577840268e-02
1.204403419804e-03,-2.696674589443e+00,-8.328421352192e-01,-2.858553737716e-01,-8.512042966275e-02,-6.187604887538e-02,-4.474405883110e-02
1.220366704664e-03,-2.717280038650e+00,-8.407435106930e-01,-2.890810673238e-01,-8.625684610442e-02,-6.273596974206e-02,-4.539079909295e-02
1.236541568517e-03,-2.737976321653e+00,-8.487002573068e-01,-2.923369899834e-01,-8.740682908484e-02,-6.360672076236e-02,-4.604611131570e-02
1.252930815654e-03,-2.758763940319e+00,-8.567127818198e-01,-2.956234279470e-01,-8.857054075670e-02,-6.448843839901e-02,-4.671010911299e-02
1.269537287531e-03,-2.779643399808e+00,-8.647814941991e-01,-2.989406701688e-01,-8.974814521498e-02,-6.538126083564e-02,-4.738290760431e-02
1.286363863268e-03,-2.800615208598e+00,-8.729068076473e-01,-3.022890083882e-01,-9.093980852021e-02,-6.628532799847e-02,-4.806462343496e-02
1.303413460143e-03,-2.821679878509e+00,-8.810891386304e-01,-3.056687371576e-01,-9.214569872226e-02,-6.720078157841e-02,-4.875537479623e-02
1.320689034101e-03,-2.842837924724e+00,-8.893289069064e-01,-3.090801538698e-01,-9.336598588409e-02,-6.812776505326e-02,-4.945528144598e-02
1.338193580265e-03,-2.864089865818e+00,-8.976265355530e-01,-3.125235587869e-01,-9.460084210612e-02,-6.906642371031e-02,-5.016446472933e-02
1.355930133457e-03,-2.885436223777e+00,-9.059824509970e-01,-3.159992550680e-01,-9.585044155060e-02,-7.001690466921e-02,-5.088304759971e-02
1.373901768720e-03,-2.906877524026e+00,-9.143970830429e-01,-3.195075487987e-01,-9.711496046650e-02,-7.097935690512e-02,-5.161115464020e-02
1.392111601856e-03,-2.928414295452e+00,-9.228708649020e-01,-3.230487490197e-01,-9.839457721452e-02,-7.195393127210e-02,-5.234891208513e-02
1.410562789965e-03,-2.950047070429e+00,-9.314042332226e-01,-3.266231677565e-01,-9.968947229262e-02,-7.294078052687e-02,-5.309644784191e-02
1.429258531988e-03,-2.971776384843e+00,-9.399976281188e-01,-3.302311200487e-01,-1.009998283616e-01,-7.394005935289e-02,-5.385389151329e-02
1.448202069269e-03,-2.993602778115e+00,-9.486514932018e-01,-3.338729239806e-01,-1.023258302711e-01,-7.495192438462e-02,-5.462137441979e-02
1.467396686111e-03,-3.015526793229e+00,-9.573662756089e-01,-3.375489007108e-01,-1.036676650863e-01,-7.597653423220e-02,-5.539902962242e-02
1.486845710348e-03,-3.037548976756e+00,-9.661424260355e-01,-3.412593745035e-01,-1.050255221138e-01,-7.701404950646e-02,-5.618699194585e-02
1.506552513921e-03,-3.059669878880e+00,-9.749803987650e-01,-3.450046727588e-01,-1.063995929296e-01,-7.806463284410e-02,-5.698539800167e-02
1.526520513464e-03,-3.081890053423e+00,-9.838806517005e-01,-3.487851260446e-01,-1.077900714056e-01,-7.912844893338e-02,-5.779438621220e-02
1.546753170894e-03,-3.104210057872e+00,-9.928436463965e-01,-3.526010681276e-01,-1.091971537376e-01,-8.020566453995e-02,-5.861409683436e-02
1.567253994014e-03,-3.126630453403e+00,-1.001869848090e+00,-3.564528360056e-01,-1.106210384731e-01,-8.129644853317e-02,-5.944467198410e-02
1.588026537120e-03,-3.149151804909e+00,-1.010959725734e+00,-3.603407699398e-01,-1.120619265398e-01,-8.240097191269e-02,-6.028625566096e-02
1.609074401614e-03,-3.171774681026e+00,-1.020113752028e+00,-3.642652134870e-01,-1.135200212742e-01,-8.351940783530e-02,-6.113899377308e-02
1.630401236636e-03,-3.194499654159e+00,-1.029332403453e+00,-3.682265135328e-01,-1.149955284505e-01,-8.465193164227e-02,-6.200303416247e-02
1.652010739688e-03,-3.217327300510e+00,-1.038616160302e+00,-3.722250203250e-01,-1.164886563099e-01,-8.579872088689e-02,-6.287852663064e-02
1.673906657281e-03,-3.240258200104e+00,-1.047965506715e+00,-3.762610875067e-01,-1.179996155907e-01,-8.695995536246e-02,-6.376562296465e-02
1.696092785583e-03,-3.263292936814e+00,-1.057380930713e+00,-3.803350721510e-01,-1.195286195579e-01,-8.813581713062e-02,-6.466447696325e-02
1.718572971076e-03,-3.286432098394e+00,-1.066862924232e+00,-3.844473347947e-01,-1.210758840337e-01,-8.932649054994e-02,-6.557524446375e-02
1.741351111222e-03,-3.309676276500e+00,-1.076411983156e+00,-3.885982394732e-01,-1.226416274288e-01,-9.053216230503e-02,-6.649808336893e-02
1.764431155145e-03,-3.333026066722e+00,-1.086028607350e+00,-3.927881537557e-01,-1.242260707727e-01,-9.175302143590e-02,-6.743315367436e-02
1.787817104306e-03,-3.356482068610e+00,-1.095713300702e+00,-3.970174487804e-01,-1.258294377462e-01,-9.298925936774e-02,-6.838061749630e-02
1.811513013205e-03,-3.380044885703e+00,-1.105466571149e+00,-4.012864992902e-01,-1.274519547126e-01,-9.424106994106e-02,-6.934063909965e-02
1.835522990079e-03,-3.403715125555e+00,-1.115288930721e+00,-4.055956836692e-01,-1.290938507505e-01,-9.550864944226e-02,-7.031338492654e-02
1.859851197618e-03,-3.427493399767e+00,-1.125180895571e+00,-4.099453839791e-01,-1.307553576861e-01,-9.679219663446e-02,-7.129902362509e-02
1.884501853683e-03,-3.451380324012e+00,-1.135142986013e+00,-4.143359859958e-01,-1.324367101268e-01,-9.809191278891e-02,-7.229772607873e-02
1.909479232038e-03,-3.475376518066e+00,-1.145175726563e+00,-4.187678792472e-01,-1.341381454944e-01,-9.940800171665e-02,-7.330966543580e-02
1.934787663095e-03,-3.499482605836e+00,-1.155279645967e+00,-4.232414570505e-01,-1.358599040588e-01,-1.007406698006e-01,-7.433501713958e-02
1.960431534660e-03,-3.523699215389e+00,-1.165455277247e+00,-4.277571165505e-01,-1.376022289731e-01,-1.020901260281e-01,-7.537395895862e-02
1.986415292694e-03,-3.548026978983e+00,-1.175703157735e+00,-4.323152587581e-01,-1.393653663075e-01,-1.034565820240e-01,-7.642667101773e-02
2.012743442088e-03,-3.572466533093e+00,-1.186023829111e+00,-4.369162885891e-01,-1.411495650849e-01,-1.048402520834e-01,-7.749333582904e-02
2.039420547439e-03,-3.597018518446e+00,-1.196417837440e+00,-4.415606149037e-01,-1.429550773165e-01,-1.062413532065e-01,-7.857413832375e-02
2.066451233846e-03,-3.621683580044e+00,-1.206885733216e+00,-4.462486505457e-01,-1.447821580379e-01,-1.076601051315e-01,-7.966926588413e-02
2.093840187707e-03,-3.646462367201e+00,-1.217428071396e+00,-4.509808123834e-01,-1.466310653452e-01,-1.090967303705e-01,-8.077890837608e-02
2.121592157535e-03,-3.671355533568e+00,-1.228045411440e+00,-4.557575213496e-01,-1.485020604324e-01,-1.105514542435e-01,-8.190325818197e-02
2.149711954780e-03,-3.696363737167e+00,-1.238738317355e+00,-4.605792024827e-01,-1.503954076284e-01,-1.120245049146e-01,-8.304251023400e-02
2.178204454666e-03,-3.721487640419e+00,-1.249507357731e+00,-4.654462849684e-01,-1.523113744349e-01,-1.135161134277e-01,-8.419686204807e-02
2.207074597029e-03,-3.746727910178e+00,-1.260353105784e+00,-4.703592021811e-01,-1.542502315649e-01,-1.150265137430e-01,-8.536651375795e-02
2.236327387182e-03,-3.772085217757e+00,-1.271276139394e+00,-4.753183917266e-01,-1.562122529811e-01,-1.165559427738e-01,-8.655166815001e-02
2.265967896778e-03,-3.797560238966e+00,-1.282277041153e+00,-4.803242954847e-01,-1.581977159355e-01,-1.181046404240e-01,-8.775253069836e-02
2.296001264688e-03,-3.823153654136e+00,-1.293356398398e+00,-4.853773596522e-01,-1.602069010086e-01,-1.196728496257e-01,-8.896930960051e-02
2.326432697897e-03,-3.848866148158e+00,-1.304514803262e+00,-4.904780347869e-01,-1.622400921501e-01,-1.212608163776e-01,-9.020221581342e-02
2.357267472403e-03,-3.874698410510e+00,-1.315752852710e+00,-4.956267758515e-01,-1.642975767191e-01,-1.228687897842e-01,-9.145146309008e-02
2.388510934132e-03,-3.900651135289e+00,-1.327071148585e+00,-5.008240422584e-01,-1.663796455258e-01,-1.244970220942e-01,-9.271726801662e-02
2.420168499866e-03,-3.926725021245e+00,-1.338470297652e+00,-5.060702979144e-01,-1.684865928725e-01,-1.261457687412e-01,-9.399985004982e-02
2.452245658180e-03,-3.952920771815e+00,-1.349950911640e+00,-5.113660112664e-01,-1.706187165962e-01,-1.278152883834e-01,-9.529943155513e-02
2.484747970399e-03,-3.979239095151e+00,-1.361513607288e+00,-5.167116553477e-01,-1.727763181114e-01,-1.295058429447e-01,-9.661623784528e-02
2.517681071555e-03,-4.005680704157e+00,-1.373159006389e+00,-5.221077078241e-01,-1.749597024528e-01,-1.312176976558e-01,-9.795049721931e-02
2.551050671367e-03,-4.032246316519e+00,-1.384887735835e+00,-5.275546510409e-01,-1.771691783195e-01,-1.329511210963e-01,-9.930244100217e-02
2.584862555233e-03,-4.058936654741e+00,-1.396700427662e+00,-5.330529720708e-01,-1.794050581191e-01,-1.347063852368e-01,-1.006723035848e-01
2.619122585232e-03,-4.085752446177e+00,-1.408597719099e+00,-5.386031627614e-01,-1.816676580122e-01,-1.364837654820e-01,-1.020603224648e-01
2.653836701136e-03,-4.112694423064e+00,-1.420580252609e+00,-5.442057197843e-01,-1.839572979583e-01,-1.382835407142e-01,-1.034667382875e-01
2.689010921447e-03,-4.139763322557e+00,-1.432648675942e+00,-5.498611446834e-01,-1.862743017614e-01,-1.401059933369e-01,-1.048917948879e-01
2.724651344435e-03,-4.166959886762e+00,-1.444803642179e+00,-5.555699439251e-01,-1.886189971164e-01,-1.419514093201e-01,-1.063357393328e-01
2.760764149198e-03,-4.194284862771e+00,-1.457045809779e+00,-5.613326289478e-01,-1.909917156561e-01,-1.438200782447e-01,-1.077988219636e-01
2.797355596731e-03,-4.221739002698e+00,-1.469375842631e+00,-5.671497162132e-01,-1.933927929990e-01,-1.457122933486e-01,-1.092812964397e-01
2.834432031014e-03,-4.249323063708e+00,-1.481794410097e+00,-5.730217272568e-01,-1.958225687975e-01,-1.476283515731e-01,-1.107834197825e-01
2.871999880111e-03,-4.277037808060e+00,-1.494302187067e+00,-5.789491887398e-01,-1.982813867863e-01,-1.495685536095e-01,-1.123054524202e-01
2.910065657283e-03,-4.304884003134e+00,-1.506899854005e+00,-5.849326325014e-01,-2.007695948321e-01,-1.515332039464e-01,-1.138476582326e-01
2.948635962119e-03,-4.332862421474e+00,-1.519588097002e+00,-5.909725956119e-01,-2.032875449835e-01,-1.535226109184e-01,-1.154103045970e-01
2.987717481681e-03,-4.360973840816e+00,-1.532367607822e+00,-5.970696204253e-01,-2.058355935214e-01,-1.555370867543e-01,-1.169936624344e-01
3.027316991660e-03,-4.389219044130e+00,-1.545239083959e+00,-6.032242546338e-01,-2.084141010105e-01,-1.575769476265e-01,-1.185980062570e-01
3.067441357552e-03,-4.417598819650e+00,-1.558203228683e+00,-6.094370513225e-01,-2.110234323508e-01,-1.596425137009e-01,-1.202236142150e-01
3.108097535853e-03,-4.446113960916e+00,-1.571260751096e+00,-6.157085690237e-01,-2.136639568301e-01,-1.617341091879e-01,-1.218707681454e-01
3.149292575257e-03,-4.474765266805e+00,-1.584412366184e+00,-6.220393717733e-01,-2.163360481775e-01,-1.638520623928e-01,-1.235397536208e-01
3.191033617883e-03,-4.503553541573e+00,-1.597658794867e+00,-6.284300291669e-01,-2.190400846164e-01,-1.659967057683e-01,-1.252308599987e-01
3.233327900515e-03,-4.532479594885e+00,-1.611000764056e+00,-6.348811164164e-01,-2.217764489195e-01,-1.681683759669e-01,-1.269443804717e-01
3.276182755850e-03,-4.561544241857e+00,-1.624439006707e+00,-6.413932144077e-01,-2.245455284637e-01,-1.703674138938e-01,-1.286806121185e-01
3.319605613777e-03,-4.590748303094e+00,-1.637974261872e+00,-6.479669097590e-01,-2.273477152855e-01,-1.725941647614e-01,-1.304398559553e-01
3.363604002658e-03,-4.620092604720e+00,-1.651607274758e+00,-6.546027948791e-01,-2.301834061380e-01,-1.748489781429e-01,-1.322224169881e-01
3.408185550641e-03,-4.649577978425e+00,-1.665338796783e+00,-6.613014680270e-01,-2.330530025475e-01,-1.771322080284e-01,-1.340286042653e-01
3.453357986973e-03,-4.679205261495e+00,-1.679169585626e+00,-6.680635333719e-01,-2.359569108716e-01,-1.794442128806e-01,-1.358587309315e-01
3.499129143350e-03,-4.708975296855e+00,-1.693100405293e+00,-6.748896010536e-01,-2.388955423574e-01,-1.817853556911e-01,-1.377131142817e-01
3.545506955268e-03,-4.738888933105e+00,-1.707132026167e+00,-6.817802872443e-01,-2.418693132011e-01,-1.841560040383e-01,-1.395920758167e-01
3.592499463400e-03,-4.768947024557e+00,-1.721265225066e+00,-6.887362142097e-01,-2.448786446076e-01,-1.865565301450e-01,-1.414959412981e-01
3.640114814992e-03,-4.799150431278e+00,-1.735500785309e+00,-6.957580103727e-01,-2.479239628514e-01,-1.889873109379e-01,-1.434250408053e-01
3.688361265275e-03,-4.829500019122e+00,-1.749839496764e+00,-7.028463103755e-01,-2.510056993379e-01,-1.914487281064e-01,-1.453797087927e-01
3.737247178894e-03,-4.859996659777e+00,-1.764282155915e+00,-7.100017551445e-01,-2.541242906656e-01,-1.939411681637e-01,-1.473602841475e-01
3.786781031362e-03,-4.890641230797e+00,-1.778829565921e+00,-7.172249919545e-01,-2.572801786891e-01,-1.964650225074e-01,-1.493671102485e-01
3.836971410525e-03,-4.921434615645e+00,-1.793482536675e+00,-7.245166744940e-01,-2.604738105827e-01,-1.990206874817e-01,-1.514005350259e-01
3.887827018055e-03,-4.952377703733e+00,-1.808241884863e+00,-7.318774629315e-01,-2.637056389049e-01,-2.016085644398e-01,-1.534609110211e-01
3.939356670956e-03,-4.983471390460e+00,-1.823108434031e+00,-7.393080239820e-01,-2.669761216637e-01,-2.042290598077e-01,-1.555485954484e-01
3.991569303093e-03,-5.014716577253e+00,-1.838083014646e+00,-7.468090309746e-01,-2.702857223826e-01,-2.068825851483e-01,-1.576639502564e-01
4.044473966742e-03,-5.046114171606e+00,-1.853166464153e+00,-7.543811639209e-01,-2.736349101678e-01,-2.095695572268e-01,-1.598073421912e-01
4.098079834160e-03,-5.077665087121e+00,-1.868359627048e+00,-7.620251095834e-01,-2.770241597753e-01,-2.122903980760e-01,-1.619791428597e-01
4.152396199171e-03,-5.109370243552e+00,-1.883663354935e+00,-7.697415615456e-01,-2.804539516800e-01,-2.150455350637e-01,-1.641797287941e-01
4.207432478783e-03,-5.141230566839e+00,-1.899078506593e+00,-7.775312202825e-01,-2.839247721447e-01,-2.178354009603e-01,-1.664094815173e-01
4.263198214817e-03,-5.173246989155e+00,-1.914605948041e+00,-7.853947932314e-01,-2.874371132905e-01,-2.206604340069e-01,-1.686687876088e-01
4.319703075562e-03,-5.205420448943e+00,-1.930246552606e+00,-7.933329948642e-01,-2.909914731679e-01,-2.235210779848e-01,-1.709580387720e-01
4.376956857452e-03,-5.237751890961e+00,-1.946001200987e+00,-8.013465467598e-01,-2.945883558286e-01,-2.264177822862e-01,-1.732776319019e-01
4.434969486764e-03,-5.270242266321e+00,-1.961870781323e+00,-8.094361776781e-01,-2.982282713983e-01,-2.293510019845e-01,-1.756279691539e-01
4.493751021337e-03,-5.302892532531e+00,-1.977856189260e+00,-8.176026236339e-01,-3.019117361508e-01,-2.323211979071e-01,-1.780094580139e-01
4.553311652321e-03,-5.335703653540e+00,-1.993958328024e+00,-8.258466279721e-01,-3.056392725822e-01,-2.353288367081e-01,-1.804225113683e-01
4.613661705938e-03,-5.368676599775e+00,-2.010178108484e+00,-8.341689414438e-01,-3.094114094866e-01,-2.383743909421e-01,-1.828675475761e-01
4.674811645275e-03,-5.401812348188e+00,-2.026516449223e+00,-8.425703222828e-01,-3.132286820326e-01,-2.414583391393e-01,-1.853449905414e-01
4.736772072099e-03,-5.435111882296e+00,-2.042974276614e+00,-8.510515362833e-01,-3.170916318407e-01,-2.445811658807e-01,-1.878552697866e-01
4.799553728693e-03,-5.468576192225e+00,-2.059552524885e+00,-8.596133568786e-01,-3.210008070617e-01,-2.477433618758e-01,-1.903988205270e-01
4.863167499720e-03,-5.502206274752e+00,-2.076252136191e+00,-8.682565652197e-01,-3.249567624559e-01,-2.509454240394e-01,-1.929760837464e-01
4.927624414108e-03,-5.536003133350e+00,-2.093074060693e+00,-8.769819502561e-01,-3.289600594736e-01,-2.541878555709e-01,-1.955875062735e-01
4.992935646965e-03,-5.569967778228e+00,-2.110019256621e+00,-8.857903088164e-01,-3.330112663361e-01,-2.574711660340e-01,-1.982335408591e-01
5.059112521514e-03,-5.604101226379e+00,-2.127088690359e+00,-8.946824456902e-01,-3.371109581181e-01,-2.607958714370e-01,-2.009146462550e-01
5.126166511058e-03,-5.638404501620e+00,-2.144283336509e+00,-9.036591737113e-01,-3.412597168313e-01,-2.641624943151e-01,-2.036312872933e-01
5.194109240969e-03,-5.672878634637e+00,-2.161604177974e+00,-9.127213138405e-01,-3.454581315082e-01,-2.675715638130e-01,-2.063839349669e-01
5.262952490700e-03,-5.707524663030e+00,-2.179052206031e+00,-9.218696952510e-01,-3.497067982877e-01,-2.710236157687e-01,-2.091730665114e-01
5.332708195833e-03,-5.742343631356e+00,-2.196628420407e+00,-9.311051554135e-01,-3.540063205016e-01,-2.745191927985e-01,-2.119991654879e-01
5.403388450143e-03,-5.777336591175e+00,-2.214333829357e+00,-9.404285401825e-01,-3.583573087619e-01,-2.780588443833e-01,-2.148627218662e-01
5.475005507700e-03,-5.812504601093e+00,-2.232169449743e+00,-9.498407038839e-01,-3.627603810494e-01,-2.816431269551e-01,-2.177642321107e-01
5.547571784988e-03,-5.847848726808e+00,-2.250136307112e+00,-9.593425094032e-01,-3.672161628034e-01,-2.852726039859e-01,-2.207041992658e-01
5.621099863062e-03,-5.883370041155e+00,-2.268235435776e+00,-9.689348282747e-01,-3.717252870121e-01,-2.889478460767e-01,-2.236831330431e-01
5.695602489727e-03,-5.919069624149e+00,-2.286467878892e+00,-9.786185407717e-01,-3.762883943050e-01,-2.926694310479e-01,-2.267015499104e-01
5.771092581748e-03,-5.954948563035e+00,-2.304834688542e+00,-9.883945359979e-01,-3.809061330453e-01,-2.964379440313e-01,-2.297599731803e-01
5.847583227092e-03,-5.991007952329e+00,-2.323336925817e+00,-9.982637119793e-01,-3.855791594245e-01,-3.002539775627e-01,-2.328589331020e-01
5.925087687193e-03,-6.027248893865e+00,-2.341975660899e+00,-1.008226975758e+00,-3.903081375574e-01,-3.041181316760e-01,-2.359989669521e-01
6.003619399254e-03,-6.063672496843e+00,-2.360751973143e+00,-1.018285243484e+00,-3.950937395784e-01,-3.080310139982e-01,-2.391806191288e-01
6.083191978578e-03,-6.100279877870e+00,-2.379666951163e+00,-1.028439440516e+00,-3.999366457397e-01,-3.119932398463e-01,-2.424044412456e-01
6.163819220924e-03,-6.137072161014e+00,-2.398721692916e+00,-1.038690501511e+00,-4.048375445095e-01,-3.160054323243e-01,-2.456709922271e-01
6.245515104903e-03,-6.174050477843e+00,-2.417917305786e+00,-1.049039370526e+00,-4.097971326725e-01,-3.200682224226e-01,-2.489808384060e-01
6.328293794398e-03,-6.211215967475e+00,-2.437254906676e+00,-1.059487001114e+00,-4.148161154309e-01,-3.241822491180e-01,-2.523345536213e-01
6.412169641025e-03,-6.248569776625e+00,-2.456735622087e+00,-1.070034356425e+00,-4.198952065071e-01,-3.283481594752e-01,-2.557327193175e-01
6.497157186615e-03,-6.286113059648e+00,-2.476360588216e+00,-1.080682409306e+00,-4.250351282477e-01,-3.325666087494e-01,-2.591759246459e-01
6.583271165738e-03,-6.323846978593e+00,-2.496130951035e+00,-1.091432142404e+00,-4.302366117279e-01,-3.368382604903e-01,-2.626647665663e-01
6.670526508259e-03,-6.361772703244e+00,-2.516047866388e+00,-1.102284548265e+00,-4.355003968587e-01,-3.411637866479e-01,-2.661998499508e-01
6.758938341923e-03,-6.399891411169e+00,-2.536112500079e+00,-1.113240629442e+00,-4.408272324941e-01,-3.455438676786e-01,-2.697817876883e-01
6.848521994981e-03,-6.438204287769e+00,-2.556326027963e+00,-1.124301398596e+00,-4.462178765399e-01,-3.499791926540e-01,-2.734112007912e-01
6.939292998847e-03,-6.476712526323e+00,-2.576689636039e+00,-1.135467878607e+00,-4.516730960649e-01,-3.544704593696e-01,-2.770887185028e-01
7.031267090787e-03,-6.515417328038e+00,-2.597204520544e+00,-1.146741102675e+00,-4.571936674117e-01,-3.590183744561e-01,-2.808149784065e-01
7.124460216653e-03,-6.554319902096e+00,-2.617871888045e+00,-1.158122114437e+00,-4.627803763103e-01,-3.636236534919e-01,-2.845906265362e-01
7.218888533645e-03,-6.593421465702e+00,-2.638692955535e+00,-1.169611968067e+00,-4.684340179924e-01,-3.682870211163e-01,-2.884163174885e-01
7.314568413109e-03,-6.632723244132e+00,-2.659668950529e+00,-1.181211728393e+00,-4.741553973074e-01,-3.730092111448e-01,-2.922927145359e-01
7.411516443383e-03,-6.672226470780e+00,-2.680801111160e+00,-1.192922471007e+00,-4.799453288399e-01,-3.777909666860e-01,-2.962204897423e-01
7.509749432665e-03,-6.711932387210e+00,-2.702090686278e+00,-1.204745282381e+00,-4.858046370279e-01,-3.826330402596e-01,-3.002003240789e-01
7.609284411932e-03,-6.751842243199e+00,-2.723538935544e+00,-1.216681259976e+00,-4.917341562838e-01,-3.875361939159e-01,-3.042329075427e-01
7.710138637891e-03,-6.791957296793e+00,-2.745147129536e+00,-1.228731512362e+00,-4.977347311155e-01,-3.925011993570e-01,-3.083189392760e-01
7.812329595972e-03,-6.832278814347e+00,-2.766916549844e+00,-1.240897159335e+00,-5.038072162500e-01,-3.975288380598e-01,-3.124591276876e-01
7.915875003357e-03,-6.872808070580e+00,-2.788848489173e+00,-1.253179332032e+00,-5.099524767581e-01,-4.026199013998e-01,-3.166541905755e-01
8.020792812054e-03,-6.913546348624e+00,-2.810944251445e+00,-1.265579173055e+00,-5.161713881805e-01,-4.077751907775e-01,-3.209048552516e-01
8.127101212009e-03,-6.954494940068e+00,-2.833205151902e+00,-1.278097836587e+00,-5.224648366560e-01,-4.129955177453e-01,-3.252118586677e-01
8.234818634260e-03,-6.995655145012e+00,-2.855632517209e+00,-1.290736488519e+00,-5.288337190505e-01,-4.182817041373e-01,-3.295759475432e-01
8.343963754131e-03,-7.037028272114e+00,-2.878227685561e+00,-1.303496306570e+00,-5.352789430885e-01,-4.236345821994e-01,-3.339978784943e-01
8.454555494471e-03,-7.078615638640e+00,-2.900992006786e+00,-1.316378480413e+00,-5.418014274855e-01,-4.290549947222e-01,-3.384784181660e-01
8.566613028933e-03,-7.120418570513e+00,-2.923926842453e+00,-1.329384211802e+00,-5.484021020822e-01,-4.345437951748e-01,-3.430183433642e-01
8.680155785302e-03,-7.162438402363e+00,-2.947033565981e+00,-1.342514714697e+00,-5.550819079806e-01,-4.401018478409e-01,-3.476184411905e-01
8.795203448859e-03,-7.204676477573e+00,-2.970313562745e+00,-1.355771215397e+00,-5.618417976817e-01,-4.457300279562e-01,-3.522795091791e-01
8.911775965796e-03,-7.247134148337e+00,-2.993768230190e+00,-1.369154952667e+00,-5.686827352247e-01,-4.514292218479e-01,-3.570023554347e-01
9.029893546674e-03,-7.289812775700e+00,-3.017398977937e+00,-1.382667177871e+00,-5.756056963283e-01,-4.572003270758e-01,-3.617877987727e-01
9.149576669927e-03,-7.332713729614e+00,-3.041207227895e+00,-1.396309155106e+00,-5.826116685329e-01,-4.630442525748e-01,-3.666366688613e-01
9.270846085413e-03,-7.375838388985e+00,-3.065194414377e+00,-1.410082161335e+00,-5.897016513460e-01,-4.689619188005e-01,-3.715498063648e-01
9.393722818009e-03,-7.419188141722e+00,-3.089361984213e+00,-1.423987486523e+00,-5.968766563880e-01,-4.749542578750e-01,-3.765280630903e-01
9.518228171259e-03,-7.462764384792e+00,-3.113711396861e+00,-1.438026433780e+00,-6.041377075404e-01,-4.810222137359e-01,-3.815723021344e-01
9.644383731065e-03,-7.506568524264e+00,-3.138244124526e+00,-1.452200319490e+00,-6.114858410962e-01,-4.871667422862e-01,-3.866833980334e-01
9.772211369434e-03,-7.550601975360e+00,-3.162961652277e+00,-1.466510473461e+00,-6.189221059112e-01,-4.933888115472e-01,-3.918622369150e-01
9.901733248262e-03,-7.594866162509e+00,-3.187865478162e+00,-1.480958239064e+00,-6.264475635582e-01,-4.996894018124e-01,-3.971097166514e-01
1.003297182319e-02,-7.639362519391e+00,-3.212957113329e+00,-1.495544973375e+00,-6.340632884824e-01,-5.060695058037e-01,-4.024267470154e-01
1.016594984747e-02,-7.684092488992e+00,-3.238238082147e+00,-1.510272047321e+00,-6.417703681592e-01,-5.125301288298e-01,-4.078142498382e-01
1.030069037595e-02,-7.729057523651e+00,-3.263709922323e+00,-1.525140845830e+00,-6.495699032533e-01,-5.190722889463e-01,-4.132731591689e-01
1.043721676903e-02,-7.774259085111e+00,-3.289374185027e+00,-1.540152767975e+00,-6.574630077806e-01,-5.256970171182e-01,-4.188044214365e-01
1.057555269675e-02,-7.819698644570e+00,-3.315232435014e+00,-1.555309227128e+00,-6.654508092717e-01,-5.324053573839e-01,-4.244089956141e-01
1.071572214286e-02,-7.865377682727e+00,-3.341286250749e+00,-1.570611651107e+00,-6.735344489370e-01,-5.391983670224e-01,-4.300878533853e-01
1.085774940900e-02,-7.911297689837e+00,-3.367537224531e+00,-1.586061482334e+00,-6.817150818348e-01,-5.460771167212e-01,-4.358419793124e-01
1.100165911891e-02,-7.957460165759e+00,-3.393986962619e+00,-1.601660177990e+00,-6.899938770405e-01,-5.530426907473e-01,-4.416723710070e-01
1.114747622267e-02,-8.003866620002e+00,-3.420637085363e+00,-1.617409210167e+00,-6.983720178188e-01,-5.600961871203e-01,-4.475800393034e-01
1.129522600110e-02,-8.050518571782e+00,-3.447489227327e+00,-1.633310066031e+00,-7.068507017972e-01,-5.672387177878e-01,-4.535660084335e-01
1.144493407005e-02,-8.097417550064e+00,-3.474545037422e+00,-1.649364247980e+00,-7.154311411421e-01,-5.744714088022e-01,-4.596313162045e-01
1.159662638490e-02,-8.144565093620e+00,-3.501806179038e+00,-1.665573273808e+00,-7.241145627373e-01,-5.817954005008e-01,-4.657770141788e-01
1.175032924504e-02,-8.191962751071e+00,-3.529274330172e+00,-1.681938676865e+00,-7.329022083640e-01,-5.892118476879e-01,-4.720041678561e-01
1.190606929846e-02,-8.239612080940e+00,-3.556951183564e+00,-1.698462006226e+00,-7.417953348838e-01,-5.967219198189e-01,-4.783138568588e-01
1.206387354631e-02,-8.287514651702e+00,-3.584838446830e+00,-1.715144826855e+00,-7.507952144235e-01,-6.043268011871e-01,-4.847071751182e-01
1.222376934764e-02,-8.335672041831e+00,-3.612937842597e+00,-1.731988719780e+00,-7.599031345624e-01,-6.120276911126e-01,-4.911852310652e-01
1.238578442411e-02,-8.384085839854e+00,-3.641251108641e+00,-1.748995282255e+00,-7.691203985216e-01,-6.198258041343e-01,-4.977491478215e-01
1.254994686480e-02,-8.432757644392e+00,-3.669779998023e+00,-1.766166127940e+00,-7.784483253563e-01,-6.277223702032e-01,-5.044000633950e-01
1.271628513110e-02,-8.481689064217e+00,-3.698526279229e+00,-1.783502887072e+00,-7.878882501496e-01,-6.357186348794e-01,-5.111391308769e-01
1.288482806162e-02,-8.530881718298e+00,-3.727491736308e+00,-1.801007206644e+00,-7.974415242096e-01,-6.438158595309e-01,-5.179675186414e-01
1.305560487721e-02,-8.580337235848e+00,-3.756678169016e+00,-1.818680750580e+00,-8.071095152684e-01,-6.520153215349e-01,-5.248864105487e-01
1.322864518600e-02,-8.630057256374e+00,-3.786087392957e+00,-1.836525199920e+00,-8.168936076833e-01,-6.603183144821e-01,-5.318970061498e-01
1.340397898857e-02,-8.680043429726e+00,-3.815721239724e+00,-1.854542252995e+00,-8.267952026418e-01,-6.687261483835e-01,-5.390005208947e-01
1.358163668310e-02,-8.730297416144e+00,-3.845581557050e+00,-1.872733625621e+00,-8.368157183672e-01,-6.772401498794e-01,-5.461981863433e-01
1.376164907070e-02,-8.780820886308e+00,-3.875670208946e+00,-1.891101051277e+00,-8.469565903284e-01,-6.858616624521e-01,-5.534912503783e-01
1.394404736071e-02,-8.831615521384e+00,-3.905989075856e+00,-1.909646281296e+00,-8.572192714517e-01,-6.945920466399e-01,-5.608809774225e-01
1.412886317612e-02,-8.882683013071e+00,-3.936540054800e+00,-1.928371085058e+00,-8.676052323349e-01,-7.034326802551e-01,-5.683686486570e-01
1.431612855907e-02,-8.934025063651e+00,-3.967325059524e+00,-1.947277250177e+00,-8.781159614647e-01,-7.123849586042e-01,-5.759555622441e-01
1.450587597635e-02,-8.985643386034e+00,-3.998346020655e+00,-1.966366582701e+00,-8.887529654361e-01,-7.214502947111e-01,-5.836430335520e-01
1.469813832512e-02,-9.037539703808e+00,-4.029604885848e+00,-1.985640907305e+00,-8.995177691753e-01,-7.306301195428e-01,-5.914323953829e-01
1.489294893852e-02,-9.089715751280e+00,-4.061103619943e+00,-2.005102067489e+00,-9.104119161648e-01,-7.399258822387e-01,-5.993249982041e-01
1.509034159151e-02,-9.142173273530e+00,-4.092844205117e+00,-2.024751925783e+00,-9.214369686714e-01,-7.493390503422e-01,-6.073222103821e-01
1.529035050671e-02,-9.194914026450e+00,-4.124828641042e+00,-2.044592363945e+00,-9.325945079770e-01,-7.588711100355e-01,-6.154254184200e-01
1.549301036032e-02,-9.247939776794e+00,-4.157058945041e+00,-2.064625283168e+00,-9.438861346128e-01,-7.685235663773e-01,-6.236360271976e-01
1.569835628814e-02,-9.301252302225e+00,-4.189537152246e+00,-2.084852604291e+00,-9.553134685954e-01,-7.782979435441e-01,-6.319554602151e-01
1.590642389169e-02,-9.354853391354e+00,-4.222265315759e+00,-2.105276268001e+00,-9.668781496668e-01,-7.881957850736e-01,-6.403851598401e-01
1.611724924431e-02,-9.408744843793e+00,-4.255245506811e+00,-2.125898235053e+00,-9.785818375369e-01,-7.982186541121e-01,-6.489265875574e-01
1.633086889751e-02,-9.462928470193e+00,-4.288479814927e+00,-2.146720486476e+00,-9.904262121287e-01,-8.083681336646e-01,-6.575812242224e-01
1.654731988721e-02,-9.517406092292e+00,-4.321970348087e+00,-2.167745023796e+00,-1.002412973828e+00,-8.186458268486e-01,-6.663505703179e-01
1.676663974024e-02,-9.572179542956e+00,-4.355719232892e+00,-2.188973869252e+00,-1.014543843733e+00,-8.290533571502e-01,-6.752361462144e-01
1.698886648081e-02,-9.627250666226e+00,-4.389728614729e+00,-2.210409066017e+00,-1.026820563912e+00,-8.395923686845e-01,-6.842394924334e-01
1.721403863710e-02,-9.682621317360e+00,-4.424000657940e+00,-2.232052678420e+00,-1.039244897659e+00,-8.502645264590e-01,-6.933621699147e-01
1.744219524795e-02,-9.738293362872e+00,-4.458537545989e+00,-2.253906792176e+00,-1.051818629756e+00,-8.610715166401e-01,-7.026057602869e-01
1.767337586961e-02,-9.794268680579e+00,-4.493341481635e+00,-2.275973514609e+00,-1.064543566739e+00,-8.720150468233e-01,-7.119718661417e-01
1.790762058264e-02,-9.850549159642e+00,-4.528414687099e+00,-2.298254974887e+00,-1.077421537161e+00,-8.830968463068e-01,-7.214621113118e-01
1.814496999881e-02,-9.907136700604e+00,-4.563759404241e+00,-2.320753324251e+00,-1.090454391869e+00,-8.943186663686e-01,-7.310781411521e-01
1.838546526817e-02,-9.964033215436e+00,-4.599377894731e+00,-2.343470736255e+00,-1.103644004274e+00,-9.056822805473e-01,-7.408216228254e-01
1.862914808617e-02,-1.002124062757e+01,-4.635272440226e+00,-2.366409407001e+00,-1.116992270631e+00,-9.171894849261e-01,-7.506942455913e-01
1.887606070092e-02,-1.007876087195e+01,-4.671445342544e+00,-2.389571555381e+00,-1.130501110319e+00,-9.288420984210e-01,-7.606977210988e-01
1.912624592046e-02,-1.013659589506e+01,-4.707898923848e+00,-2.412959423317e+00,-1.144172466128e+00,-9.406419630721e-01,-7.708337836834e-01
1.937974712023e-02,-1.019474765497e+01,-4.744635526816e+00,-2.436575276012e+00,-1.158008304545e+00,-9.525909443393e-01,-7.811041906677e-01
1.963660825057e-02,-1.025321812137e+01,-4.781657514833e+00,-2.460421402195e+00,-1.172010616046e+00,-9.646909314010e-01,-7.915107226660e-01
1.989687384433e-02,-1.031200927560e+01,-4.818967272162e+00,-2.484500114372e+00,-1.186181415395e+00,-9.769438374576e-01,-8.020551838929e-01
2.016058902462e-02,-1.037112311072e+01,-4.856567204136e+00,-2.508813749081e+00,-1.200522741937e+00,-9.893516000379e-01,-8.127394024764e-01
2.042779951261e-02,-1.043056163150e+01,-4.894459737337e+00,-2.533364667147e+00,-1.215036659907e+00,-1.001916181310e+00,-8.235652307748e-01
2.069855163546e-02,-1.049032685449e+01,-4.932647319786e+00,-2.558155253942e+00,-1.229725258734e+00,-1.014639568397e+00,-8.345345456973e-01
2.097289233435e-02,-1.055042080803e+01,-4.971132421127e+00,-2.583187919646e+00,-1.244590653350e+00,-1.027523773693e+00,-8.456492490305e-01
2.125086917265e-02,-1.061084553233e+01,-5.009917532819e+00,-2.608465099511e+00,-1.259634984508e+00,-1.040570835190e+00,-8.569112677668e-01
2.153253034410e-02,-1.067160307943e+01,-5.049005168324e+00,-2.633989254130e+00,-1.274860419096e+00,-1.053782816803e+00,-8.683225544396e-01
2.181792468123e-02,-1.073269551330e+01,-5.088397863299e+00,-2.659762869707e+00,-1.290269150464e+00,-1.067161808700e+00,-8.798850874613e-01
2.210710166380e-02,-1.079412490985e+01,-5.128098175789e+00,-2.685788458327e+00,-1.305863398746e+00,-1.080709927638e+00,-8.916008714662e-01
2.240011142738e-02,-1.085589335693e+01,-5.168108686422e+00,-2.712068558235e+00,-1.321645411192e+00,-1.094429317307e+00,-9.034719376584e-01
2.269700477202e-02,-1.091800295442e+01,-5.208431998604e+00,-2.738605734114e+00,-1.337617462504e+00,-1.108322148666e+00,-9.155003441638e-01
2.299783317111e-02,-1.098045581421e+01,-5.249070738715e+00,-2.765402577366e+00,-1.353781855169e+00,-1.122390620301e+00,-9.276881763868e-01
2.330264878026e-02,-1.104325406026e+01,-5.290027556308e+00,-2.792461706394e+00,-1.370140919809e+00,-1.136636958770e+00,-9.400375473719e-01
2.361150444635e-02,-1.110639982861e+01,-5.331305124309e+00,-2.819785766897e+00,-1.386697015524e+00,-1.151063418966e+00,-9.525505981703e-01
2.392445371671e-02,-1.116989526741e+01,-5.372906139218e+00,-2.847377432151e+00,-1.403452530242e+00,-1.165672284475e+00,-9.652294982108e-01
2.424155084838e-02,-1.123374253694e+01,-5.414833321312e+00,-2.875239403311e+00,-1.420409881077e+00,-1.180465867948e+00,-9.780764456761e-01
2.456285081754e-02,-1.129794380967e+01,-5.457089414846e+00,-2.903374409699e+00,-1.437571514688e+00,-1.195446511465e+00,-9.910936678837e-01
2.488840932902e-02,-1.136250127025e+01,-5.499677188262e+00,-2.931785209113e+00,-1.454939907646e+00,-1.210616586921e+00,-1.004283421672e+00
2.521828282596e-02,-1.142741711552e+01,-5.542599434393e+00,-2.960474588123e+00,-1.472517566798e+00,-1.225978496398e+00,-1.017647993793e+00
2.555252849964e-02,-1.149269355459e+01,-5.585858970670e+00,-2.989445362378e+00,-1.490307029644e+00,-1.241534672556e+00,-1.031189701305e+00
2.589120429931e-02,-1.155833280879e+01,-5.629458639334e+00,-3.018700376917e+00,-1.508310864716e+00,-1.257287579024e+00,-1.044910891980e+00
2.623436894231e-02,-1.162433711177e+01,-5.673401307644e+00,-3.048242506480e+00,-1.526531671959e+00,-1.273239710794e+00,-1.058813944706e+00
2.658208192424e-02,-1.169070870944e+01,-5.717689868090e+00,-3.078074655823e+00,-1.544972083118e+00,-1.289393594622e+00,-1.072901269899e+00
2.693440352923e-02,-1.175744986003e+01,-5.762327238606e+00,-3.108199760037e+00,-1.563634762133e+00,-1.305751789437e+00,-1.087175309927e+00
2.729139484045e-02,-1.182456283411e+01,-5.807316362784e+00,-3.138620784872e+00,-1.582522405535e+00,-1.322316886749e+00,-1.101638539527e+00
2.765311775064e-02,-1.189204991460e+01,-5.852660210091e+00,-3.169340727058e+00,-1.601637742847e+00,-1.339091511067e+00,-1.116293466236e+00
2.801963497291e-02,-1.195991339678e+01,-5.898361776083e+00,-3.200362614636e+00,-1.620983536994e+00,-1.356078320324e+00,-1.131142630827e+00
2.839101005155e-02,-1.202815558829e+01,-5.944424082629e+00,-3.231689507291e+00,-1.640562584714e+00,-1.373280006298e+00,-1.146188607749e+00
2.876730737307e-02,-1.209677880917e+01,-5.990850178124e+00,-3.263324496683e+00,-1.660377716972e+00,-1.390699295051e+00,-1.161434005572e+00
2.914859217739e-02,-1.216578539185e+01,-6.037643137717e+00,-3.295270706793e+00,-1.680431799390e+00,-1.408338947365e+00,-1.176881467442e+00
2.953493056912e-02,-1.223517768118e+01,-6.084806063528e+00,-3.327531294257e+00,-1.700727732667e+00,-1.426201759184e+00,-1.192533671535e+00
2.992638952899e-02,-1.230495803442e+01,-6.132342084873e+00,-3.360109448716e+00,-1.721268453018e+00,-1.444290562068e+00,-1.208393331525e+00
3.032303692556e-02,-1.237512882125e+01,-6.180254358489e+00,-3.393008393166e+00,-1.742056932608e+00,-1.462608223648e+00,-1.224463197055e+00
3.072494152687e-02,-1.244569242376e+01,-6.228546068763e+00,-3.426231384305e+00,-1.763096179999e+00,-1.481157648082e+00,-1.240746054210e+00
3.113217301246e-02,-1.251665123650e+01,-6.277220427955e+00,-3.459781712897e+00,-1.784389240598e+00,-1.499941776529e+00,-1.257244726002e+00
3.154480198538e-02,-1.258800766645e+01,-6.326280676429e+00,-3.493662704126e+00,-1.805939197113e+00,-1.518963587619e+00,-1.273962072860e+00
3.196289998449e-02,-1.265976413299e+01,-6.375730082881e+00,-3.527877717959e+00,-1.827749170010e+00,-1.538226097933e+00,-1.290900993125e+00
3.238653949681e-02,-1.273192306798e+01,-6.425571944575e+00,-3.562430149517e+00,-1.849822317984e+00,-1.557732362487e+00,-1.308064423555e+00
3.281579397011e-02,-1.280448691567e+01,-6.475809587568e+00,-3.597323429443e+00,-1.872161838428e+00,-1.577485475229e+00,-1.325455339830e+00
3.325073782566e-02,-1.287745813277e+01,-6.526446366951e+00,-3.632561024276e+00,-1.894770967913e+00,-1.597488569528e+00,-1.343076757069e+00
3.369144647110e-02,-1.295083918839e+01,-6.577485667077e+00,-3.668146436828e+00,-1.917652982667e+00,-1.617744818688e+00,-1.360931730356e+00
3.413799631355e-02,-1.302463256406e+01,-6.628930901802e+00,-3.704083206571e+00,-1.940811199072e+00,-1.638257436451e+00,-1.379023355267e+00
3.459046477282e-02,-1.309884075371e+01,-6.680785514719e+00,-3.740374910014e+00,-1.964248974153e+00,-1.659029677522e+00,-1.397354768406e+00
3.504893029485e-02,-1.317346626367e+01,-6.733052979399e+00,-3.777025161101e+00,-1.987969706083e+00,-1.680064838084e+00,-1.415929147951e+00
3.551347236533e-02,-1.324851161264e+01,-6.785736799625e+00,-3.814037611597e+00,-2.011976834692e+00,-1.701366256339e+00,-1.434749714203e+00
3.598417152344e-02,-1.332397933171e+01,-6.838840509640e+00,-3.851415951488e+00,-2.036273841977e+00,-1.722937313035e+00,-1.453819730145e+00
3.646110937585e-02,-1.339987196428e+01,-6.892367674382e+00,-3.889163909384e+00,-2.060864252629e+00,-1.744781432020e+00,-1.473142502009e+00
3.694436861084e-02,-1.347619206611e+01,-6.946321889730e+00,-3.927285252920e+00,-2.085751634554e+00,-1.766902080787e+00,-1.492721379848e+00
3.743403301265e-02,-1.355294220526e+01,-7.000706782745e+00,-3.965783789164e+00,-2.110939599409e+00,-1.789302771034e+00,-1.512559758116e+00
3.793018747602e-02,-1.363012496209e+01,-7.055526011918e+00,-4.004663365035e+00,-2.136431803144e+00,-1.811987059232e+00,-1.532661076257e+00
3.843291802088e-02,-1.370774292919e+01,-7.110783267413e+00,-4.043927867713e+00,-2.162231946545e+00,-1.834958547194e+00,-1.553028819305e+00
3.894231180727e-02,-1.378579871141e+01,-7.166482271316e+00,-4.083581225066e+00,-2.188343775791e+00,-1.858220882660e+00,-1.573666518481e+00
3.945845715048e-02,-1.386429492582e+01,-7.222626777878e+00,-4.123627406067e+00,-2.214771083012e+00,-1.881777759879e+00,-1.594577751811e+00
3.998144353633e-02,-1.394323420162e+01,-7.279220573771e+00,-4.164070421232e+00,-2.241517706857e+00,-1.905632920208e+00,-1.615766144744e+00
4.051136163668e-02,-1.402261918019e+01,-7.336267478329e+00,-4.204914323043e+00,-2.268587533067e+00,-1.929790152713e+00,-1.637235370783e+00
4.104830332518e-02,-1.410245251500e+01,-7.393771343805e+00,-4.246163206393e+00,-2.295984495059e+00,-1.954253294781e+00,-1.658989152117e+00
4.159236169317e-02,-1.418273687160e+01,-7.451736055619e+00,-4.287821209022e+00,-2.323712574510e+00,-1.979026232737e+00,-1.681031260272e+00
4.214363106586e-02,-1.426347492754e+01,-7.510165532612e+00,-4.329892511964e+00,-2.351775801959e+00,-2.004112902470e+00,-1.703365516759e+00
4.270220701863e-02,-1.434466937237e+01,-7.569063727295e+00,-4.372381339996e+00,-2.380178257401e+00,-2.029517290069e+00,-1.725995793743e+00
4.326818639362e-02,-1.442632290759e+01,-7.628434626109e+00,-4.415291962093e+00,-2.408924070907e+00,-2.055243432461e+00,-1.748926014709e+00
4.384166731655e-02,-1.450843824656e+01,-7.688282249671e+00,-4.458628691883e+00,-2.438017423234e+00,-2.081295418066e+00,-1.772160155145e+00
4.442274921369e-02,-1.459101811450e+01,-7.748610653039e+00,-4.502395888111e+00,-2.467462546454e+00,-2.107677387455e+00,-1.795702243231e+00
4.501153282913e-02,-1.467406524841e+01,-7.809423925959e+00,-4.546597955105e+00,-2.497263724587e+00,-2.134393534014e+00,-1.819556360536e+00
4.560812024221e-02,-1.475758239701e+01,-7.870726193127e+00,-4.591239343248e+00,-2.527425294239e+00,-2.161448104622e+00,-1.843726642726e+00
4.621261488526e-02,-1.484157232070e+01,-7.932521614441e+00,-4.636324549448e+00,-2.557951645253e+00,-2.188845400338e+00,-1.868217280284e+00
4.682512156151e-02,-1.492603779147e+01,-7.994814385266e+00,-4.681858117626e+00,-2.588847221368e+00,-2.216589777089e+00,-1.893032519231e+00
4.744574646326e-02,-1.501098159288e+01,-8.057608736686e+00,-4.727844639190e+00,-2.620116520875e+00,-2.244685646372e+00,-1.918176661868e+00
4.807459719029e-02,-1.509640651993e+01,-8.120908935763e+00,-4.774288753530e+00,-2.651764097300e+00,-2.273137475972e+00,-1.943654067517e+00
4.871178276852e-02,-1.518231537905e+01,-8.184719285799e+00,-4.821195148508e+00,-2.683794560078e+00,-2.301949790672e+00,-1.969469153279e+00
4.935741366891e-02,-1.526871098799e+01,-8.249044126595e+00,-4.868568560954e+00,-2.716212575242e+00,-2.331127172990e+00,-1.995626394802e+00
5.001160182662e-02,-1.535559630613e+01,-8.313888034114e+00,-4.916413969529e+00,-2.749022849591e+00,-2.360674279504e+00,-2.022130326501e+00
5.067446066040e-02,-1.544297385515e+01,-8.379254928065e+00,-4.964735766190e+00,-2.782230326384e+00,-2.390595859528e+00,-2.048985565275e+00
5.134610509227e-02,-1.553084677359e+01,-8.445149574207e+00,-5.013539014500e+00,-2.815839428905e+00,-2.420896510439e+00,-2.076196695438e+00
5.202665156744e-02,-1.561921761526e+01,-8.511576577381e+00,-5.062828850493e+00,-2.849855349026e+00,-2.451581055358e+00,-2.103768523735e+00
5.271621807449e-02,-1.570808999752e+01,-8.578540428405e+00,-5.112610200206e+00,-2.884283583873e+00,-2.482654581610e+00,-2.131705789261e+00
5.341492416584e-02,-1.579746530618e+01,-8.646045074406e+00,-5.162887714582e+00,-2.919127665018e+00,-2.514121814653e+00,-2.160013301049e+00
5.412289097845e-02,-1.588734828286e+01,-8.714096211547e+00,-5.213667482828e+00,-2.954394351771e+00,-2.545988212191e+00,-2.188696082695e+00
5.484024125488e-02,-1.597774048152e+01,-8.782697510497e+00,-5.264953401046e+00,-2.990087782448e+00,-2.578258167393e+00,-2.217758961001e+00
5.556709936449e-02,-1.606864569161e+01,-8.851854391576e+00,-5.316751578105e+00,-3.026213294859e+00,-2.610937423262e+00,-2.247207039666e+00
5.630359132508e-02,-1.616006605182e+01,-8.921570800693e+00,-5.369066812778e+00,-3.062776579804e+00,-2.644030480062e+00,-2.277045474429e+00
5.704984482467e-02,-1.625200504839e+01,-8.991852135487e+00,-5.421904427847e+00,-3.099782394911e+00,-2.677543449792e+00,-2.307279350127e+00
5.780598924370e-02,-1.634446576749e+01,-9.062703232734e+00,-5.475270204641e+00,-3.137236707535e+00,-2.711481308406e+00,-2.337913980342e+00
5.857215567741e-02,-1.643745025656e+01,-9.134128255344e+00,-5.529169110605e+00,-3.175144517744e+00,-2.745849098038e+00,-2.368954619592e+00
5.934847695860e-02,-1.653096248086e+01,-9.206132694418e+00,-5.583606767612e+00,-3.213511517372e+00,-2.780652871281e+00,-2.400406679078e+00
6.013508768065e-02,-1.662500483008e+01,-9.278721404251e+00,-5.638588622803e+00,-3.252343593711e+00,-2.815897515764e+00,-2.432275601156e+00
6.093212422084e-02,-1.671958092210e+01,-9.351899295140e+00,-5.694120750453e+00,-3.291646013816e+00,-2.851589496349e+00,-2.464566932110e+00
6.173972476403e-02,-1.681469253541e+01,-9.425670846233e+00,-5.750207836372e+00,-3.331424611575e+00,-2.887733785743e+00,-2.497286257383e+00
6.255802932657e-02,-1.691034387252e+01,-9.500041867156e+00,-5.806856523226e+00,-3.371685503082e+00,-2.924336463066e+00,-2.530439196757e+00
6.338717978064e-02,-1.700653795478e+01,-9.575017286124e+00,-5.864072537220e+00,-3.412434080259e+00,-2.961403364969e+00,-2.564031629473e+00
6.422731987877e-02,-1.710327649493e+01,-9.650601519421e+00,-5.921860766855e+00,-3.453676584948e+00,-2.998939839242e+00,-2.598069240911e+00
6.507859527881e-02,-1.720056401557e+01,-9.726800630425e+00,-5.980227992329e+00,-3.495419079984e+00,-3.036952876158e+00,-2.632557998261e+00
6.594115356919e-02,-1.729840261520e+01,-9.803619339530e+00,-6.039179862537e+00,-3.537667512206e+00,-3.075447828077e+00,-2.667503906006e+00
6.681514429447e-02,-1.739679589178e+01,-9.881063223980e+00,-6.098722403190e+00,-3.580428460967e+00,-3.114431047999e+00,-2.702912990995e+00
6.770071898131e-02,-1.749574651328e+01,-9.959137147107e+00,-6.158861764380e+00,-3.623707435058e+00,-3.153908675873e+00,-2.738791362916e+00
6.859803116470e-02,-1.759525804763e+01,-1.003784684332e+01,-6.219604183968e+00,-3.667511585749e+00,-3.193886874260e+00,-2.775145293773e+00
6.950723641462e-02,-1.769533286618e+01,-1.011719731198e+01,-6.280955461520e+00,-3.711846784902e+00,-3.234372329125e+00,-2.811981024221e+00
7.042849236297e-02,-1.779597472652e+01,-1.019719455589e+01,-6.342922262550e+00,-3.756719556207e+00,-3.275371445538e+00,-2.849304997769e+00
7.136195873092e-02,-1.789718674625e+01,-1.027784356548e+01,-6.405510738332e+00,-3.802137001875e+00,-3.316890669767e+00,-2.887123685798e+00
7.230779735662e-02,-1.799897084077e+01,-1.035914964464e+01,-6.468727017323e+00,-3.848104782348e+00,-3.358936358534e+00,-2.925443606892e+00
7.326617222322e-02,-1.810133147160e+01,-1.044111898313e+01,-6.532578259853e+00,-3.894630569406e+00,-3.401515447430e+00,-2.964271426715e+00
7.423724948733e-02,-1.820427112976e+01,-1.052375671449e+01,-6.597070326212e+00,-3.941720728162e+00,-3.444634841555e+00,-3.003613887946e+00
7.522119750781e-02,-1.830779322459e+01,-1.060706873567e+01,-6.662210101257e+00,-3.989382166195e+00,-3.488301464270e+00,-3.043477789739e+00
7.621818687497e-02,-1.841190035206e+01,-1.069106055713e+01,-6.728004068500e+00,-4.037622023259e+00,-3.532521963801e+00,-3.083870055855e+00
7.722839044013e-02,-1.851659633577e+01,-1.077573807067e+01,-6.794459340494e+00,-4.086447182776e+00,-3.577303629622e+00,-3.124797674958e+00
7.825198334562e-02,-1.862188396482e+01,-1.086110697852e+01,-6.861582268889e+00,-4.135865013363e+00,-3.622653513990e+00,-3.166267748154e+00
7.928914305511e-02,-1.872776635334e+01,-1.094717305958e+01,-6.929380060318e+00,-4.185882639913e+00,-3.668578732187e+00,-3.208287483522e+00
8.034004938439e-02,-1.883424660189e+01,-1.103394219734e+01,-6.997859490460e+00,-4.236507125532e+00,-3.715086935631e+00,-3.250864160594e+00
8.140488453255e-02,-1.894132817104e+01,-1.112142043835e+01,-7.067027574191e+00,-4.287746492309e+00,-3.762185424273e+00,-3.294005126029e+00
8.248383311357e-02,-1.904901409632e+01,-1.120961366732e+01,-7.136891469741e+00,-4.339607717305e+00,-3.809881562158e+00,-3.337717917076e+00
8.357708218832e-02,-1.915730710133e+01,-1.129852777265e+01,-7.207458138194e+00,-4.392098550238e+00,-3.858182956367e+00,-3.382010055606e+00
8.468482129698e-02,-1.926621112677e+01,-1.138816905898e+01,-7.278735000539e+00,-4.445227013408e+00,-3.907097427104e+00,-3.426889271100e+00
8.580724249194e-02,-1.937572859645e+01,-1.147854330929e+01,-7.350729278101e+00,-4.499000213035e+00,-3.956632782428e+00,-3.472363292416e+00
8.694454037104e-02,-1.948586338817e+01,-1.156965706372e+01,-7.423448594357e+00,-4.553426763247e+00,-4.006797054714e+00,-3.518440048681e+00
8.809691211138e-02,-1.959661804539e+01,-1.166151606482e+01,-7.496899926873e+00,-4.608514100687e+00,-4.057597881785e+00,-3.565127488396e+00
8.926455750343e-02,-1.970799618640e+01,-1.175412698932e+01,-7.571091210892e+00,-4.664270656230e+00,-4.109043678452e+00,-3.612433770340e+00
9.044767898572e-02,-1.982000128396e+01,-1.184749609059e+01,-7.646029959674e+00,-4.720704743804e+00,-4.161142653128e+00,-3.660367035285e+00
9.164648167991e-02,-1.993263513619e+01,-1.194162911392e+01,-7.721723506410e+00,-4.777823820406e+00,-4.213902831975e+00,-3.708935608189e+00
9.286117342638e-02,-2.004590274712e+01,-1.203653334283e+01,-7.798180301415e+00,-4.835637273694e+00,-4.267333105994e+00,-3.758147895049e+00
9.409196482023e-02,-2.015980587461e+01,-1.213221449048e+01,-7.875407563103e+00,-4.894152947079e+00,-4.321441533601e+00,-3.808012476663e+00
9.533906924782e-02,-2.027434892968e+01,-1.222867946857e+01,-7.953413480798e+00,-4.953379594094e+00,-4.376237088121e+00,-3.858537954487e+00
9.660270292375e-02,-2.038953395436e+01,-1.232593464558e+01,-8.032205910344e+00,-5.013326105264e+00,-4.431728168803e+00,-3.909733117961e+00
9.788308492836e-02,-2.050536525073e+01,-1.242398663547e+01,-8.111793217137e+00,-5.074001010879e+00,-4.487924127814e+00,-3.961606789612e+00
9.918043724567e-02,-2.062184535446e+01,-1.252284219410e+01,-8.192183358518e+00,-5.135413483800e+00,-4.544833711880e+00,-4.014168049233e+00
1.004949848019e-01,-2.073897727335e+01,-1.262250761350e+01,-8.273384457800e+00,-5.197572152248e+00,-4.602465710163e+00,-4.067425921495e+00
1.018269555046e-01,-2.085676512646e+01,-1.272299023711e+01,-8.355405329738e+00,-5.260486563978e+00,-4.660829890836e+00,-4.121389709654e+00
1.031765802818e-01,-2.097521083972e+01,-1.282429617134e+01,-8.438253676997e+00,-5.324165700491e+00,-4.719934825093e+00,-4.176068722946e+00
1.045440931225e-01,-2.109431869804e+01,-1.292643269413e+01,-8.521938515413e+00,-5.388618924615e+00,-4.779790776775e+00,-4.231472459347e+00
1.059297311168e-01,-2.121409133788e+01,-1.302940657190e+01,-8.606468283814e+00,-5.453855838872e+00,-4.840406863591e+00,-4.287610513275e+00
1.073337344973e-01,-2.133453257170e+01,-1.313322483002e+01,-8.691851610118e+00,-5.519886088717e+00,-4.901792852469e+00,-4.344492628330e+00
1.087563466808e-01,-2.145564464965e+01,-1.323789424108e+01,-8.778097343464e+00,-5.586718982619e+00,-4.963958496133e+00,-4.402128670559e+00
1.101978143102e-01,-2.157743177440e+01,-1.334342205643e+01,-8.865214410012e+00,-5.654364867507e+00,-5.026913685189e+00,-4.460528638605e+00
1.116583872975e-01,-2.169989665320e+01,-1.344981525840e+01,-8.953211530979e+00,-5.722833251349e+00,-5.090668714152e+00,-4.519702633174e+00
1.131383188670e-01,-2.182304224613e+01,-1.355708089754e+01,-9.042097756802e+00,-5.792134378376e+00,-5.155233553246e+00,-4.579660937235e+00
1.146378655994e-01,-2.194687220415e+01,-1.366522630033e+01,-9.131882328781e+00,-5.862278573879e+00,-5.220618597998e+00,-4.640413908402e+00
1.161572874760e-01,-2.207138934812e+01,-1.377425857870e+01,-9.222574254038e+00,-5.933275759367e+00,-5.286834262457e+00,-4.701972134971e+00
1.176968479239e-01,-2.219659721923e+01,-1.388418515643e+01,-9.314183118014e+00,-6.005136812066e+00,-5.353891062363e+00,-4.764346246651e+00
1.192568138619e-01,-2.232249854954e+01,-1.399501318317e+01,-9.406718014711e+00,-6.077871940499e+00,-5.421799901683e+00,-4.827547058718e+00
1.208374557464e-01,-2.244909730986e+01,-1.410675029460e+01,-9.500188779139e+00,-6.151492057396e+00,-5.490571608331e+00,-4.891585558624e+00
1.224390476184e-01,-2.257639555973e+01,-1.421940367966e+01,-9.594604576213e+00,-6.226007962597e+00,-5.560216976472e+00,-4.956472832966e+00
1.240618671513e-01,-2.270439726084e+01,-1.433298096384e+01,-9.689975285974e+00,-6.301430394914e+00,-5.630747254735e+00,-5.022220121823e+00
1.257061956985e-01,-2.283310539779e+01,-1.444748966461e+01,-9.786310732555e+00,-6.377770786853e+00,-5.702173656473e+00,-5.088838815911e+00
1.273723183428e-01,-2.296252302297e+01,-1.456293737753e+01,-9.883620678868e+00,-6.455040142903e+00,-5.774507714466e+00,-5.156340506979e+00
1.290605239453e-01,-2.309265349324e+01,-1.467933184675e+01,-9.981915148043e+00,-6.533249838685e+00,-5.847761094658e+00,-5.224736861637e+00
1.307711051957e-01,-2.322349926515e+01,-1.479668031186e+01,-1.008120399462e+01,-6.612411342937e+00,-5.921945075014e+00,-5.294039755169e+00
1.325043586633e-01,-2.335506445979e+01,-1.491499110082e+01,-1.018149770484e+01,-6.692536367301e+00,-5.997071956308e+00,-5.364261193229e+00
1.342605848477e-01,-2.348735131720e+01,-1.503427170242e+01,-1.028280624369e+01,-6.773636720254e+00,-6.073153432234e+00,-5.435413353899e+00
1.360400882318e-01,-2.362036381070e+01,-1.515453012322e+01,-1.038514032911e+01,-6.855724371458e+00,-6.150201850693e+00,-5.507508565880e+00
1.378431773339e-01,-2.375410416074e+01,-1.527577402094e+01,-1.048850999724e+01,-6.938811153114e+00,-6.228229548283e+00,-5.580559358296e+00
1.396701647615e-01,-2.388857600333e+01,-1.539801160891e+01,-1.059292601915e+01,-7.022909571263e+00,-6.307248925452e+00,-5.654578354871e+00
1.415213672655e-01,-2.402378216580e+01,-1.552125072334e+01,-1.069839905779e+01,-7.108031764554e+00,-6.387272574622e+00,-5.729578390440e+00
1.433971057948e-01,-2.415972564982e+01,-1.564549937219e+01,-1.080493979590e+01,-7.194190307170e+00,-6.468313278610e+00,-5.805572502458e+00
1.452977055526e-01,-2.429641005657e+01,-1.577076596102e+01,-1.091255931381e+01,-7.281398157282e+00,-6.550384161456e+00,-5.882573850819e+00
1.472234960519e-01,-2.443383755919e+01,-1.589705813462e+01,-1.102126828308e+01,-7.369667574937e+00,-6.633498135813e+00,-5.960595778017e+00
1.491748111735e-01,-2.457201186103e+01,-1.602438457948e+01,-1.113107804495e+01,-7.459012075317e+00,-6.717668687051e+00,-6.039651811617e+00
1.511519892232e-01,-2.471093563317e+01,-1.615275327215e+01,-1.124199962253e+01,-7.549444457714e+00,-6.802909112717e+00,-6.119755673124e+00
1.531553729910e-01,-2.485061194535e+01,-1.628217264066e+01,-1.135404443592e+01,-7.640978138427e+00,-6.889233064503e+00,-6.200921225761e+00
1.551853098100e-01,-2.499104385630e+01,-1.641265100227e+01,-1.146722378670e+01,-7.733626706750e+00,-6.976654329416e+00,-6.283162555386e+00
1.572421516172e-01,-2.513223403228e+01,-1.654419670611e+01,-1.158154917046e+01,-7.827403468821e+00,-7.065186954787e+00,-6.366493942498e+00
1.593262550139e-01,-2.527418584574e+01,-1.667681834808e+01,-1.169703239576e+01,-7.922322566420e+00,-7.154845169603e+00,-6.450929785212e+00
1.614379813281e-01,-2.541690183914e+01,-1.681052426019e+01,-1.181368495869e+01,-8.018397683406e+00,-7.245643092190e+00,-6.536484771943e+00
1.635776966766e-01,-2.556038514504e+01,-1.694532316873e+01,-1.193151890125e+01,-8.115643077893e+00,-7.337595423388e+00,-6.623173697682e+00
1.657457720289e-01,-2.570463847080e+01,-1.708122348380e+01,-1.205054601776e+01,-8.214073015184e+00,-7.430716615040e+00,-6.711011603640e+00
1.679425832715e-01,-2.584966481509e+01,-1.721823402870e+01,-1.217077851137e+01,-8.313701940231e+00,-7.525021891560e+00,-6.800013724315e+00
1.701685112726e-01,-2.599546672368e+01,-1.735636339122e+01,-1.229222843753e+01,-8.414544531644e+00,-7.620526115193e+00,-6.890195491563e+00
1.724239419489e-01,-2.614204761447e+01,-1.749562046187e+01,-1.241490830971e+01,-8.516615698360e+00,-7.717244617917e+00,-6.981572545511e+00
1.747092663317e-01,-2.628940966489e+01,-1.763601392840e+01,-1.253883032600e+01,-8.619930185622e+00,-7.815192850898e+00,-7.074160716577e+00
1.770248806352e-01,-2.643755596016e+01,-1.777755255243e+01,-1.266400706083e+01,-8.724503435945e+00,-7.914386315447e+00,-7.167976052158e+00
1.793711863251e-01,-2.658648903899e+01,-1.792024540588e+01,-1.279045122194e+01,-8.830350640777e+00,-8.014841130253e+00,-7.263034822068e+00
1.817485901882e-01,-2.673621192484e+01,-1.806410136233e+01,-1.291817555755e+01,-8.937487459104e+00,-8.116573229278e+00,-7.359353531914e+00
1.841575044028e-01,-2.688672696999e+01,-1.820912938208e+01,-1.304719290081e+01,-9.045929668419e+00,-8.219598849794e+00,-7.456948848016e+00
1.865983466102e-01,-2.703803702294e+01,-1.835533846009e+01,-1.317751631740e+01,-9.155692965790e+00,-8.323934460597e+00,-7.555837691037e+00
1.890715399874e-01,-2.719014470008e+01,-1.850273784050e+01,-1.330915892106e+01,-9.266793787225e+00,-8.429596717220e+00,-7.656037221602e+00
1.915775133200e-01,-2.734305265283e+01,-1.865133654648e+01,-1.344213394322e+01,-9.379248241454e+00,-8.536602667166e+00,-7.757564819179e+00
1.941167010768e-01,-2.749676336475e+01,-1.880114372954e+01,-1.357645477142e+01,-9.493072867529e+00,-8.644969216211e+00,-7.860438072489e+00
1.966895434852e-01,-2.765127946588e+01,-1.895216862374e+01,-1.371213482742e+01,-9.608284447529e+00,-8.754713770592e+00,-7.964674813812e+00
1.992964866074e-01,-2.780660316428e+01,-1.910442047773e+01,-1.384918771903e+01,-9.724899807000e+00,-8.865853810125e+00,-8.070293113556e+00
2.019379824177e-01,-2.796273739464e+01,-1.925790865969e+01,-1.398762729103e+01,-9.842936153993e+00,-8.978407097427e+00,-8.177311298946e+00
2.046144888808e-01,-2.811968426054e+01,-1.941264239202e+01,-1.412746723832e+01,-9.962410681880e+00,-9.092391635392e+00,-8.285747908295e+00
2.073264700316e-01,-2.827744638203e+01,-1.956863121494e+01,-1.426872168271e+01,-1.008334107028e+01,-9.207825754689e+00,-8.395621743876e+00
2.100743960551e-01,-2.843602609893e+01,-1.972588445854e+01,-1.441140467321e+01,-1.020574497256e+01,-9.324727705877e+00,-8.506951859750e+00
2.128587433684e-01,-2.859542567159e+01,-1.988441163531e+01,-1.455553044752e+01,-1.032964040172e+01,-9.443116276496e+00,-8.619757556901e+00
2.156799947028e-01,-2.875564747256e+01,-2.004422233531e+01,-1.470111339027e+01,-1.045504548544e+01,-9.563010315625e+00,-8.734058401961e+00
2.185386391880e-01,-2.891669345998e+01,-2.020532585651e+01,-1.484816788535e+01,-1.058197850608e+01,-9.684428935302e+00,-8.849874182328e+00
2.214351724366e-01,-2.907856645148e+01,-2.036773216215e+01,-1.499670869192e+01,-1.071045834049e+01,-9.807391665580e+00,-8.967225020555e+00
2.243700966302e-01,-2.924126804780e+01,-2.053145053231e+01,-1.514675041895e+01,-1.084050353846e+01,-9.931918010362e+00,-9.086131213688e+00
2.273439206061e-01,-2.940480060178e+01,-2.069649083668e+01,-1.529830801447e+01,-1.097213330500e+01,-1.005802788416e+01,-9.206613422781e+00
2.303571599461e-01,-2.956916622217e+01,-2.086286268502e+01,-1.545139645044e+01,-1.110536686609e+01,-1.018574143295e+01,-9.328692512277e+00
2.334103370654e-01,-2.973436699081e+01,-2.103057595944e+01,-1.560603087149e+01,-1.124022379361e+01,-1.031507911029e+01,-9.452389646315e+00
2.365039813033e-01,-2.990040484170e+01,-2.119964028293e+01,-1.576222657955e+01,-1.137672379658e+01,-1.044606142002e+01,-9.577726271889e+00
2.396386290152e-01,-3.006728183489e+01,-2.137006553598e+01,-1.591999887354e+01,-1.151488683186e+01,-1.057870939771e+01,-9.704724128077e+00
2.428148236651e-01,-3.023499974800e+01,-2.154186159914e+01,-1.607936337940e+01,-1.165473319032e+01,-1.071304412904e+01,-9.833405216569e+00
2.460331159205e-01,-3.040356051287e+01,-2.171503822518e+01,-1.624033570765e+01,-1.179628325304e+01,-1.084908708763e+01,-9.963791855557e+00
2.492940637473e-01,-3.057296584641e+01,-2.188960550259e+01,-1.640293163557e+01,-1.193955779888e+01,-1.098686000851e+01,-1.009590667349e+01
2.525982325067e-01,-3.074321747705e+01,-2.206557316655e+01,-1.656716704202e+01,-1.208457767829e+01,-1.112638476043e+01,-1.022977253463e+01
2.559461950534e-01,-3.091431717993e+01,-2.224295131147e+01,-1.673305807768e+01,-1.223136418064e+01,-1.126768369434e+01,-1.036541267368e+01
2.593385318346e-01,-3.108626668499e+01,-2.242174995398e+01,-1.690062091243e+01,-1.237993872215e+01,-1.141077934479e+01,-1.050285059628e+01
2.627758309910e-01,-3.125906737299e+01,-2.260197901658e+01,-1.706987181623e+01,-1.253032299983e+01,-1.155569446485e+01,-1.064211013812e+01
2.662586884583e-01,-3.143272097042e+01,-2.278364862933e+01,-1.724082731398e+01,-1.268253900227e+01,-1.170245222554e+01,-1.078321544255e+01
2.697877080712e-01,-3.160722884554e+01,-2.296676878015e+01,-1.741350392132e+01,-1.283660889279e+01,-1.185107598240e+01,-1.092619096866e+01
2.733635016672e-01,-3.178259237294e+01,-2.315134961802e+01,-1.758791843709e+01,-1.299255522026e+01,-1.200158944283e+01,-1.107106151327e+01
2.769866891936e-01,-3.195881296925e+01,-2.333740125641e+01,-1.776408771755e+01,-1.315040070486e+01,-1.215401659662e+01,-1.121785217764e+01
2.806578988143e-01,-3.213589190772e+01,-2.352493381096e+01,-1.794202873107e+01,-1.331016836734e+01,-1.230838170447e+01,-1.136658842905e+01
2.843777670190e-01,-3.231383037811e+01,-2.371395744957e+01,-1.812175861556e+01,-1.347188147771e+01,-1.246470940890e+01,-1.151729603822e+01
2.881469387335e-01,-3.249262954688e+01,-2.390448234639e+01,-1.830329470006e+01,-1.363556364227e+01,-1.262302455541e+01,-1.167000114173e+01
2.919660674314e-01,-3.267229059659e+01,-2.409651868014e+01,-1.848665433339e+01,-1.380123866603e+01,-1.278335241024e+01,-1.182473022069e+01
2.958358152478e-01,-3.285281436031e+01,-2.429007658809e+01,-1.867185504900e+01,-1.396893066354e+01,-1.294571846028e+01,-1.198151009230e+01
2.997568530935e-01,-3.303420181499e+01,-2.448516637902e+01,-1.885891458640e+01,-1.413866405051e+01,-1.311014853323e+01,-1.214036794141e+01
3.037298607717e-01,-3.321645404835e+01,-2.468179823001e+01,-1.904785071080e+01,-1.431046352731e+01,-1.327666889895e+01,-1.230133129781e+01
3.077555270960e-01,-3.339957164197e+01,-2.487998236576e+01,-1.923868142059e+01,-1.448435405469e+01,-1.344530594725e+01,-1.246442808133e+01
3.118345500093e-01,-3.358355539971e+01,-2.507972903526e+01,-1.943142479653e+01,-1.466036091712e+01,-1.361608657659e+01,-1.262968657671e+01
3.159676367052e-01,-3.376840598877e+01,-2.528104844428e+01,-1.962609902942e+01,-1.483850965091e+01,-1.378903794081e+01,-1.279713541722e+01
3.201555037506e-01,-3.395412393815e+01,-2.548395090196e+01,-1.982272251533e+01,-1.501882615707e+01,-1.396418750565e+01,-1.296680364197e+01
3.243988772098e-01,-3.414070975546e+01,-2.568844659077e+01,-2.002131377361e+01,-1.520133658312e+01,-1.414156317387e+01,-1.313872066993e+01
3.286984927705e-01,-3.432816377580e+01,-2.589454579452e+01,-2.022189135600e+01,-1.538606737790e+01,-1.432119310932e+01,-1.331291630006e+01
3.330550958711e-01,-3.451648649811e+01,-2.610225878532e+01,-2.042447412469e+01,-1.557304535623e+01,-1.450310587713e+01,-1.348942073805e+01
3.374694418303e-01,-3.470567806454e+01,-2.631159571807e+01,-2.062908097246e+01,-1.576229760325e+01,-1.468733038347e+01,-1.366826459092e+01
3.419422959777e-01,-3.489573866205e+01,-2.652256687006e+01,-2.083573089638e+01,-1.595385147204e+01,-1.487389584781e+01,-1.384947885158e+01
3.464744337868e-01,-3.508666824761e+01,-2.673518245548e+01,-2.104444311474e+01,-1.614773473660e+01,-1.506283196810e+01,-1.403309493760e+01
3.510666410092e-01,-3.527846689382e+01,-2.694945266854e+01,-2.125523691080e+01,-1.634397540122e+01,-1.525416868368e+01,-1.421914470501e+01
3.557197138111e-01,-3.547113445840e+01,-2.716538767123e+01,-2.146813172929e+01,-1.654260184272e+01,-1.544793637735e+01,-1.440766038132e+01
3.604344589110e-01,-3.566467074500e+01,-2.738299771147e+01,-2.168314716054e+01,-1.674364273954e+01,-1.564416581338e+01,-1.459867467199e+01
3.652116937198e-01,-3.585907536935e+01,-2.760229288855e+01,-2.190030291750e+01,-1.694712712794e+01,-1.584288809532e+01,-1.479222068055e+01
3.700522464823e-01,-3.605434808171e+01,-2.782328337083e+01,-2.211961884880e+01,-1.715308435577e+01,-1.604413477542e+01,-1.498833196346e+01
3.749569564213e-01,-3.625048830718e+01,-2.804597923840e+01,-2.234111489926e+01,-1.736154411001e+01,-1.624793772328e+01,-1.518704252956e+01
3.799266738823e-01,-3.644749534623e+01,-2.827039057566e+01,-2.256481120057e+01,-1.757253641782e+01,-1.645432923219e+01,-1.538838683111e+01
3.849622604817e-01,-3.664536867994e+01,-2.849652740145e+01,-2.279072795097e+01,-1.778609164816e+01,-1.666334204793e+01,-1.559239976743e+01
3.900645892557e-01,-3.684410732057e+01,-2.872439978469e+01,-2.301888556143e+01,-1.800224053799e+01,-1.687500924649e+01,-1.579911671037e+01
3.952345448118e-01,-3.704371039592e+01,-2.895401762671e+01,-2.324930448772e+01,-1.822101412933e+01,-1.708936432798e+01,-1.600857350117e+01
4.004730234822e-01,-3.724417690635e+01,-2.918539090079e+01,-2.348200531184e+01,-1.844244386252e+01,-1.730644127173e+01,-1.622080645331e+01
4.057809334793e-01,-3.744550567860e+01,-2.941852951991e+01,-2.371700881931e+01,-1.866656152264e+01,-1.752627434265e+01,-1.643585235800e+01
4.111591950529e-01,-3.764769548728e+01,-2.965344331557e+01,-2.395433590454e+01,-1.889339926769e+01,-1.774889841122e+01,-1.665374851228e+01
4.166087406498e-01,-3.785074492088e+01,-2.989014203680e+01,-2.419400746998e+01,-1.912298953839e+01,-1.797434859961e+01,-1.687453267406e+01
4.221305150759e-01,-3.805465260080e+01,-3.012863548609e+01,-2.443604468340e+01,-1.935536526497e+01,-1.820266058653e+01,-1.709824314196e+01
4.277254756591e-01,-3.825941675019e+01,-3.036893328102e+01,-2.468046877184e+01,-1.959055965883e+01,-1.843387042868e+01,-1.732491868137e+01
4.333945924164e-01,-3.846503584900e+01,-3.061104508294e+01,-2.492730102442e+01,-1.982860634855e+01,-1.866801462758e+01,-1.755459860931e+01
4.391388482212e-01,-3.867150787711e+01,-3.085498041460e+01,-2.517656296801e+01,-2.006953933829e+01,-1.890513017947e+01,-1.778732272875e+01
4.449592389739e-01,-3.887883094721e+01,-3.110074883143e+01,-2.542827617449e+01,-2.031339298597e+01,-1.914525450068e+01,-1.802313140705e+01
4.508567737749e-01,-3.908700287602e+01,-3.134835962273e+01,-2.568246227216e+01,-2.056020202384e+01,-1.938842541398e+01,-1.826206551484e+01
4.568324750992e-01,-3.929602157943e+01,-3.159782225256e+01,-2.593914313402e+01,-2.081000166377e+01,-1.963468135134e+01,-1.850416647190e+01
4.628873789738e-01,-3.950588448006e+01,-3.184914586618e+01,-2.619834062735e+01,-2.106282737659e+01,-1.988406102997e+01,-1.874947626864e+01
4.690225351574e-01,-3.971658922774e+01,-3.210233968355e+01,-2.646007676582e+01,-2.131871512781e+01,-2.013660381135e+01,-1.899803742403e+01
4.752390073222e-01,-3.992813317758e+01,-3.235741275769e+01,-2.672437369510e+01,-2.157770125379e+01,-2.039234942941e+01,-1.924989303646e+01
4.815378732384e-01,-4.014051352668e+01,-3.261437411093e+01,-2.699125362957e+01,-2.183982245706e+01,-2.065133812745e+01,-1.950508676293e+01
4.879202249612e-01,-4.035372737592e+01,-3.287323257202e+01,-2.726073885630e+01,-2.210511590263e+01,-2.091361068140e+01,-1.976366285518e+01
4.943871690199e-01,-4.056777167391e+01,-3.313399695211e+01,-2.753285184281e+01,-2.237361913943e+01,-2.117920828752e+01,-2.002566614330e+01
5.009398266098e-01,-4.078264322043e+01,-3.339667587190e+01,-2.780761507956e+01,-2.264537010114e+01,-2.144817273022e+01,-2.029114204054e+01
5.075793337868e-01,-4.099833859852e+01,-3.366127790536e+01,-2.808505113769e+01,-2.292040715839e+01,-2.172054624547e+01,-2.056013659188e+01
5.143068416641e-01,-4.121485437223e+01,-3.392781150765e+01,-2.836518276824e+01,-2.319876911368e+01,-2.199637156703e+01,-2.083269642427e+01
5.211235166119e-01,-4.143218692627e+01,-3.419628494156e+01,-2.864803269509e+01,-2.348049521046e+01,-2.227569202577e+01,-2.110886878816e+01
5.280305404596e-01,-4.165033236446e+01,-3.446670640150e+01,-2.893362379413e+01,-2.376562504643e+01,-2.255855138782e+01,-2.138870156888e+01
5.350291107006e-01,-4.186928676152e+01,-3.473908391197e+01,-2.922197898766e+01,-2.405419871129e+01,-2.284499399676e+01,-2.167224328591e+01
5.421204407001e-01,-4.208904607757e+01,-3.501342540565e+01,-2.951312133304e+01,-2.434625670949e+01,-2.313506477235e+01,-2.195954309357e+01
5.493057599054e-01,-4.230960584982e+01,-3.528973853980e+01,-2.980707381043e+01,-2.464183995906e+01,-2.342880904799e+01,-2.225065079487e+01
5.565863140589e-01,-4.253096179851e+01,-3.556803099918e+01,-3.010385967163e+01,-2.494098987084e+01,-2.372627286040e+01,-2.254561687329e+01
5.639633654142e-01,-4.275310927243e+01,-3.584831017188e+01,-3.040350207229e+01,-2.524374824598e+01,-2.402750269305e+01,-2.284449245754e+01
5.714381929550e-01,-4.297604343218e+01,-3.613058330077e+01,-3.070602425212e+01,-2.555015734905e+01,-2.433254561865e+01,-2.314732937397e+01
5.790120926168e-01,-4.319975938591e+01,-3.641485751742e+01,-3.101144958144e+01,-2.586025990936e+01,-2.464144930690e+01,-2.345418011752e+01
5.866863775114e-01,-4.342425196479e+01,-3.670113968142e+01,-3.131980138671e+01,-2.617409908248e+01,-2.495426194109e+01,-2.376509789029e+01
5.944623781551e-01,-4.364951591719e+01,-3.698943654658e+01,-3.163110311351e+01,-2.649171850592e+01,-2.527103233647e+01,-2.408013660388e+01
6.023414426985e-01,-4.387554570695e+01,-3.727975463470e+01,-3.194537817876e+01,-2.681316225514e+01,-2.559180987256e+01,-2.439935087235e+01
6.103249371610e-01,-4.410233571388e+01,-3.757210025223e+01,-3.226265009138e+01,-2.713847488032e+01,-2.591664449883e+01,-2.472279603202e+01
6.184142456674e-01,-4.432988010205e+01,-3.786647953115e+01,-3.258294234585e+01,-2.746770141008e+01,-2.624558680504e+01,-2.505052817038e+01
6.266107706877e-01,-4.455817285642e+01,-3.816289838372e+01,-3.290627850382e+01,-2.780088730984e+01,-2.657868793387e+01,-2.538260411187e+01
6.349159332804e-01,-4.478720771041e+01,-3.846136243657e+01,-3.323268208493e+01,-2.813807852339e+01,-2.691599968268e+01,-2.571908141268e+01
6.433311733389e-01,-4.501697829761e+01,-3.876187716469e+01,-3.356217665183e+01,-2.847932149913e+01,-2.725757443437e+01,-2.606001842001e+01
6.518579498412e-01,-4.524747799980e+01,-3.906444776606e+01,-3.389478578788e+01,-2.882466313270e+01,-2.760346519654e+01,-2.640547423722e+01
6.604977411024e-01,-4.547870007435e+01,-3.936907916849e+01,-3.423053303549e+01,-2.917415081748e+01,-2.795372563593e+01,-2.675550876080e+01
6.692520450317e-01,-4.571063749486e+01,-3.967577609860e+01,-3.456944196683e+01,-2.952783242107e+01,-2.830841001534e+01,-2.711018268520e+01
6.781223793916e-01,-4.594328309071e+01,-3.998454297283e+01,-3.491153611367e+01,-2.988575629913e+01,-2.866757326017e+01,-2.746955749215e+01
6.871102820611e-01,-4.617662947604e+01,-4.029538393741e+01,-3.525683898512e+01,-3.024797130153e+01,-2.903127093393e+01,-2.783369548840e+01
6.962173113026e-01,-4.641066902821e+01,-4.060830284584e+01,-3.560537403947e+01,-3.061452676951e+01,-2.939955925519e+01,-2.820265980179e+01
7.054450460316e-01,-4.664539397231e+01,-4.092330329285e+01,-3.595716475044e+01,-3.098547252503e+01,-2.977249511601e+01,-2.857651440490e+01
7.147950860909e-01,-4.688079634557e+01,-4.124038856751e+01,-3.631223449631e+01,-3.136085891018e+01,-3.015013606628e+01,-2.895532411876e+01
7.242690525277e-01,-4.711686786265e+01,-4.155956157935e+01,-3.667060661163e+01,-3.174073674939e+01,-3.053254032560e+01,-2.933915461416e+01
7.338685878749e-01,-4.735360010119e+01,-4.188082497721e+01,-3.703230435857e+01,-3.212515736945e+01,-3.091976680337e+01,-2.972807243837e+01
7.435953564354e-01,-4.759098442441e+01,-4.220418109223e+01,-3.739735094090e+01,-3.251417261552e+01,-3.131187509064e+01,-3.012214501981e+01
7.534510445711e-01,-4.782901200933e+01,-4.252963184789e+01,-3.776576946332e+01,-3.290783483635e+01,-3.170892548529e+01,-3.052144067393e+01
7.634373609952e-01,-4.806767371062e+01,-4.285717885459e+01,-3.813758295635e+01,-3.330619686592e+01,-3.211097896207e+01,-3.092602863777e+01
7.735560370682e-01,-4.830696027624e+01,-4.318682336593e+01,-3.851281431806e+01,-3.370931208532e+01,-3.251809722755e+01,-3.133597905237e+01
7.838088270982e-01,-4.854686212235e+01,-4.351856619254e+01,-3.889148633997e+01,-3.411723435902e+01,-3.293034269233e+01,-3.175136298565e+01
7.941975086454e-01,-4.878736952982e+01,-4.385240786347e+01,-3.927362170999e+01,-3.453001807981e+01,-3.334777848425e+01,-3.217225246174e+01
8.047238828294e-01,-4.902847253816e+01,-4.418834841196e+01,-3.965924294599e+01,-3.494771815738e+01,-3.377046847662e+01,-3.259872045550e+01
8.153897746427e-01,-4.927016083409e+01,-4.452638748802e+01,-4.004837242899e+01,-3.537039000307e+01,-3.419847725215e+01,-3.303084089076e+01
8.261970332658e-01,-4.951242405262e+01,-4.486652435652e+01,-4.044103239617e+01,-3.579808957540e+01,-3.463187015316e+01,-3.346868869724e+01
8.371475323888e-01,-4.975525151409e+01,-4.520875778013e+01,-4.083724488027e+01,-3.623087333445e+01,-3.507071327352e+01,-3.391233978592e+01
8.482431705359e-01,-4.999863229334e+01,-4.555308612801e+01,-4.123703175041e+01,-3.666879827410e+01,-3.551507344562e+01,-3.436187106919e+01
8.594858713942e-01,-5.024255516461e+01,-4.589950724575e+01,-4.164041464882e+01,-3.711192188266e+01,-3.596501828071e+01,-3.481736048508e+01
8.708775841480e-01,-5.048700881602e+01,-4.624801858749e+01,-4.204741505003e+01,-3.756030221765e+01,-3.642061615936e+01,-3.527888700131e+01
8.824202838158e-01,-5.073198158372e+01,-4.659861703376e+01,-4.245805413462e+01,-3.801399783018e+01,-3.688193622588e+01,-3.574653064300e+01
8.941159715937e-01,-5.097746152824e+01,-4.695129898164e+01,-4.287235288757e+01,-3.847306779276e+01,-3.734904841322e+01,-3.622037247661e+01
9.059666752015e-01,-5.122343658548e+01,-4.730606035873e+01,-4.329033201112e+01,-3.893757172382e+01,-3.782202344675e+01,-3.670049465446e+01
9.179744492346e-01,-5.146989435024e+01,-4.766289648182e+01,-4.371201194126e+01,-3.940756975221e+01,-3.830093283912e+01,-3.718698042874e+01
9.301413755204e-01,-5.171682220008e+01,-4.802180218645e+01,-4.413741281972e+01,-3.988312254410e+01,-3.878584893654e+01,-3.767991413036e+01
9.424695634790e-01,-5.196420728168e+01,-4.838277170957e+01,-4.456655447631e+01,-4.036429128794e+01,-3.927684485365e+01,-3.817938122126e+01
9.549611504889e-01,-5.221203639948e+01,-4.874579870464e+01,-4.499945639175e+01,-4.085113768653e+01,-3.977399455475e+01,-3.868546830265e+01
9.676183022577e-01,-5.246029624003e+01,-4.911087625304e+01,-4.543613775241e+01,-4.134372399307e+01,-4.027737280854e+01,-3.919826311778e+01
9.804432131974e-01,-5.270897317160e+01,-4.947799680207e+01,-4.587661732776e+01,-4.184211295818e+01,-4.078705523042e+01,-3.971785456193e+01
9.934381068051e-01,-5.295805324799e+01,-4.984715218273e+01,-4.632091351281e+01,-4.234636786569e+01,-4.130311826356e+01,-4.024433272574e+01
1.006605236048e+00,-5.320752232248e+01,-5.021833358125e+01,-4.676904432065e+01,-4.285655252483e+01,-4.182563919833e+01,-4.077778888310e+01
1.019946883756e+00,-5.345736605105e+01,-5.059153152705e+01,-4.722102730302e+01,-4.337273126270e+01,-4.235469617880e+01,-4.131831552532e+01
1.033465363012e+00,-5.370756971008e+01,-5.096673584952e+01,-4.767687959848e+01,-4.389496892487e+01,-4.289036820289e+01,-4.186600635994e+01
1.047163017562e+00,-5.395811839959e+01,-5.134393569129e+01,-4.813661784113e+01,-4.442333087088e+01,-4.343273513580e+01,-4.242095634282e+01
1.061042222211e+00,-5.420899693325e+01,-5.172311948766e+01,-4.860025818684e+01,-4.495788299057e+01,-4.398187771436e+01,-4.298326169452e+01
1.075105383244e+00,-5.446018984925e+01,-5.210427492524e+01,-4.906781626472e+01,-4.549869165696e+01,-4.453787755849e+01,-4.355301989026e+01
1.089354938837e+00,-5.471168143065e+01,-5.248738895107e+01,-4.953930717721e+01,-4.604582376825e+01,-4.510081716042e+01,-4.413032972442e+01
1.103793359483e+00,-5.496345574013e+01,-5.287244770319e+01,-5.001474542364e+01,-4.659934674071e+01,-4.567077991306e+01,-4.471529127953e+01
1.118423148417e+00,-5.521549650785e+01,-5.325943657451e+01,-5.049414493068e+01,-4.715932846991e+01,-4.624785010521e+01,-4.530800597537e+01
1.133246842055e+00,-5.546778725933e+01,-5.364834012316e+01,-5.097751900421e+01,-4.772583736240e+01,-4.683211292842e+01,-4.590857657237e+01
1.148267010430e+00,-5.572031120546e+01,-5.403914206545e+01,-5.146488027181e+01,-4.829894231603e+01,-4.742365448396e+01,-4.651710719080e+01
1.163486257637e+00,-5.597305137745e+01,-5.443182526030e+01,-5.195624069437e+01,-4.887871271424e+01,-4.802256179950e+01,-4.713370333826e+01
1.178907222287e+00,-5.622599041514e+01,-5.482637171472e+01,-5.245161151498e+01,-4.946521844195e+01,-4.862892280564e+01,-4.775847191141e+01
1.194532577963e+00,-5.647911083397e+01,-5.522276251666e+01,-5.295100323763e+01,-5.005852983487e+01,-4.924282638677e+01,-4.839152123090e+01
1.210365033686e+00,-5.673239476283e+01,-5.562097783713e+01,-5.345442556745e+01,-5.065871772358e+01,-4.986436233956e+01,-4.903296104996e+01
1.226407334380e+00,-5.698582416263e+01,-5.602099691130e+01,-5.396188742238e+01,-5.126585340251e+01,-5.049362142651e+01,-4.968290258087e+01
1.242662261351e+00,-5.723938070125e+01,-5.642279799569e+01,-5.447339684804e+01,-5.188000862103e+01,-5.113069533132e+01,-5.034145849900e+01
1.259132632770e+00,-5.749304575691e+01,-5.682635838506e+01,-5.498896100811e+01,-5.250125558689e+01,-5.177567670741e+01,-5.100874298347e+01
1.275821304159e+00,-5.774680052660e+01,-5.723165432144e+01,-5.550858616569e+01,-5.312966694821e+01,-5.242865916922e+01,-5.168487172434e+01
1.292731168889e+00,-5.800062583234e+01,-5.763866104262e+01,-5.603227759957e+01,-5.376531580296e+01,-5.308973728940e+01,-5.236996194410e+01
1.309865158677e+00,-5.825450235558e+01,-5.804735272015e+01,-5.656003959128e+01,-5.440827566535e+01,-5.375900660942e+01,-5.306413241849e+01
1.327226244101e+00,-5.850841044444e+01,-5.845770243203e+01,-5.709187538445e+01,-5.505862046985e+01,-5.443656365137e+01,-5.376750349978e+01
1.344817435108e+00,-5.876233023189e+01,-5.886968215326e+01,-5.762778712712e+01,-5.571642456886e+01,-5.512250592278e+01,-5.448019713564e+01
1.362641781543e+00,-5.901624156767e+01,-5.928326271364e+01,-5.816777583500e+01,-5.638176270917e+01,-5.581693191576e+01,-5.520233687901e+01
1.380702373669e+00,-5.927012409049e+01,-5.969841378813e+01,-5.871184135964e+01,-5.705471004069e+01,-5.651994110872e+01,-5.593404793947e+01
1.399002342712e+00,-5.952395718525e+01,-6.011510387100e+01,-5.925998229937e+01,-5.773534206709e+01,-5.723163398656e+01,-5.667545717427e+01
1.417544861397e+00,-5.977771997985e+01,-6.053330021915e+01,-5.981219600046e+01,-5.842373468390e+01,-5.795211203271e+01,-5.742669311706e+01
1.436333144502e+00,-6.003139133617e+01,-6.095296886791e+01,-6.036847847386e+01,-5.911996411590e+01,-5.868147774050e+01,-5.818788601868e+01
1.455370449414e+00,-6.028494992645e+01,-6.137407458408e+01,-6.092882433377e+01,-5.982410695112e+01,-5.941983461896e+01,-5.895916785302e+01
1.474660076692e+00,-6.053837414837e+01,-6.179658082026e+01,-6.149322678000e+01,-6.053624008646e+01,-6.016728718752e+01,-5.974067232772e+01
1.494205370643e+00,-6.079164218833e+01,-6.222044972568e+01,-6.206167749421e+01,-6.125644073483e+01,-6.092394098993e+01,-6.053253494414e+01
1.514009719898e+00,-6.104473198153e+01,-6.264564209797e+01,-6.263416663614e+01,-6.198478641076e+01,-6.168990262618e+01,-6.133489299497e+01
1.534076558004e+00,-6.129762127559e+01,-6.307211731588e+01,-6.321068270189e+01,-6.272135488679e+01,-6.246527966109e+01,-6.214788556513e+01
1.554409364014e+00,-6.155028755941e+01,-6.349983339557e+01,-6.379121256391e+01,-6.346622422889e+01,-6.325018076456e+01,-6.297165363163e+01
1.575011663093e+00,-6.180270810890e+01,-6.392874690309e+01,-6.437574131849e+01,-6.421947273338e+01,-6.404471563164e+01,-6.380634000420e+01
1.595887027129e+00,-6.205486003603e+01,-6.435881291921e+01,-6.496425224475e+01,-6.498117890508e+01,-6.484899496360e+01,-6.465208939049e+01
1.617039075354e+00,-6.230672014794e+01,-6.478998504448e+01,-6.555672675748e+01,-6.575142148472e+01,-6.566313057017e+01,-6.550904842790e+01
1.638471474968e+00,-6.255826514574e+01,-6.522221534978e+01,-6.615314428133e+01,-6.653027937626e+01,-6.648723526995e+01,-6.637736568381e+01
1.660187941776e+00,-6.280947149496e+01,-6.565545434894e+01,-6.675348224766e+01,-6.731783164353e+01,-6.732142296456e+01,-6.725719171057e+01
1.682192240834e+00,-6.306031545303e+01,-6.608965096389e+01,-6.735771594318e+01,-6.811415751220e+01,-6.816580861113e+01,-6.814867903715e+01
1.704488187099e+00,-6.331077310055e+01,-6.652475253100e+01,-6.796581847501e+01,-6.891933630902e+01,-6.902050823553e+01,-6.905198222554e+01
1.727079646093e+00,-6.356082035737e+01,-6.696070468716e+01,-6.857776064550e+01,-6.973344744859e+01,-6.988563891898e+01,-6.996725788581e+01
1.749970534572e+00,-6.381043293605e+01,-6.739745145234e+01,-6.919351093521e+01,-7.055657043343e+01,-7.076131885202e+01,-7.089466470416e+01
1.773164821204e+00,-6.405958642788e+01,-6.783493510479e+01,-6.981303532185e+01,-7.138878478874e+01,-7.164766727955e+01,-7.183436346341e+01
1.796666527259e+00,-6.430825621610e+01,-6.827309620625e+01,-7.043629725220e+01,-7.223017005346e+01,-7.254480453940e+01,-7.278651709251e+01
1.820479727306e+00,-6.455641753849e+01,-6.871187354778e+01,-7.106325748516e+01,-7.308080573822e+01,-7.345285204388e+01,-7.375129065095e+01
1.844608549917e+00,-6.480404552579e+01,-6.915120413199e+01,-7.169387408162e+01,-7.394077134228e+01,-7.437193233147e+01,-7.472885142132e+01
1.869057178385e+00,-6.505111513152e+01,-6.959102313585e+01,-7.232810219479e+01,-7.481014624799e+01,-7.530216901374e+01,-7.571936888218e+01
1.893829851451e+00,-6.529760118368e+01,-7.003126388476e+01,-7.296589401273e+01,-7.568900973029e+01,-7.624368679525e+01,-7.672301476193e+01
1.918930864033e+00,-6.554347840623e+01,-7.047185784853e+01,-7.360719865612e+01,-7.657744092002e+01,-7.719661151076e+01,-7.773996306462e+01
1.944364567977e+00,-6.578872140815e+01,-7.091273454772e+01,-7.425196201212e+01,-7.747551877410e+01,-7.816107010579e+01,-7.877039010725e+01
1.970135372809e+00,-6.603330465851e+01,-7.135382161833e+01,-7.490012668236e+01,-7.838332201626e+01,-7.913719063027e+01,-7.981447453148e+01
1.996247746496e+00,-6.627720255327e+01,-7.179504468904e+01,-7.555163176715e+01,-7.930092910491e+01,-8.012510226886e+01,-8.087239735254e+01
2.022706216228e+00,-6.652038943379e+01,-7.223632744830e+01,-7.620641279833e+01,-8.022841821052e+01,-8.112493533329e+01,-8.194434198892e+01
2.049515369197e+00,-6.676283951338e+01,-7.267759152991e+01,-7.686440159106e+01,-8.116586714983e+01,-8.213682128106e+01,-8.303049429484e+01
2.076679853393e+00,-6.700452700002e+01,-7.311875658688e+01,-7.752552608453e+01,-8.211335335385e+01,-8.316089270606e+01,-8.413104256859e+01
2.104204378413e+00,-6.724542598583e+01,-7.355974016427e+01,-7.818971017482e+01,-8.307095382765e+01,-8.419728335856e+01,-8.524617762138e+01
2.132093716274e+00,-6.748551053925e+01,-7.400045776476e+01,-7.885687361575e+01,-8.403874507962e+01,-8.524612814837e+01,-8.637609278556e+01
2.160352702242e+00,-6.772475473086e+01,-7.444082276398e+01,-7.952693182566e+01,-8.501680310145e+01,-8.630756316901e+01,-8.752098397139e+01
2.188986235672e+00,-6.796313251386e+01,-7.488074642833e+01,-8.019979567988e+01,-8.600520327274e+01,-8.738172565725e+01,-8.868104964420e+01
2.217999280852e+00,-6.820061797571e+01,-7.532013790848e+01,-8.087537144543e+01,-8.700402038924e+01,-8.846875410514e+01,-8.985649095328e+01
2.247396867871e+00,-6.843718505710e+01,-7.575890418729e+01,-8.155356047026e+01,-8.801332851178e+01,-8.956878816920e+01,-9.104751168409e+01
2.277184093484e+00,-6.867280780696e+01,-7.619695007420e+01,-8.223425909986e+01,-8.903320095327e+01,-9.068196872287e+01,-9.225431831723e+01
2.307366122001e+00,-6.890746025959e+01,-7.663417820654e+01,-8.291735841955e+01,-9.006371023210e+01,-9.180843788767e+01,-9.347712008245e+01
2.337948186179e+00,-6.914111653348e+01,-7.707048906890e+01,-8.360274410734e+01,-9.110492798997e+01,-9.294833904727e+01,-9.471612899783e+01
2.368935588133e+00,-6.937375073618e+01,-7.750578091497e+01,-8.429029615050e+01,-9.215692493027e+01,-9.410181684454e+01,-9.597155986193e+01
2.400333700249e+00,-6.960533706305e+01,-7.793994980531e+01,-8.497988867923e+01,-9.321977073564e+01,-9.526901719583e+01,-9.724363033275e+01
2.432147966121e+00,-6.983584979401e+01,-7.837288961502e+01,-8.567138973983e+01,-9.429353401669e+01,-9.645008737251e+01,-9.853256094416e+01
2.464383901495e+00,-7.006526332054e+01,-7.880449202466e+01,-8.636466104572e+01,-9.537828226777e+01,-9.764517596309e+01,-9.983857518515e+01
2.497047095219e+00,-7.029355209120e+01,-7.923464650599e+01,-8.705955771568e+01,-9.647408169038e+01,-9.885443292215e+01,-1.011618994670e+02
2.530143210220e+00,-7.052069071380e+01,-7.966324036375e+01,-8.775592804008e+01,-9.758099724128e+01,-1.000780095986e+02,-1.025027632182e+02
2.563677984480e+00,-7.074665391573e+01,-8.009015873185e+01,-8.845361324382e+01,-9.869909247418e+01,-1.013160588161e+02,-1.038613989247e+02
2.597657232033e+00,-7.097141659045e+01,-8.051528458049e+01,-8.915244712566e+01,-9.982842945027e+01,-1.025687348310e+02,-1.052380421105e+02
2.632086843973e+00,-7.119495377414e+01,-8.093849876107e+01,-8.985225589441e+01,-1.009690686938e+02,-1.038361934273e+02,-1.066329314755e+02
2.666972789475e+00,-7.141724066869e+01,-8.135967999303e+01,-9.055285774203e+01,-1.021210690473e+02,-1.051185919454e+02,-1.080463088424e+02
2.702321116831e+00,-7.163825271272e+01,-8.177870494497e+01,-9.125406263420e+01,-1.032844876263e+02,-1.064160893775e+02,-1.094784192567e+02
2.738137954496e+00,-7.185796551777e+01,-8.219544822729e+01,-9.195567196705e+01,-1.044593796847e+02,-1.077288463234e+02,-1.109295110059e+02
2.774429512154e+00,-7.207635493940e+01,-8.260978246673e+01,-9.265747818510e+01,-1.056457985170e+02,-1.090570251826e+02,-1.123998356690e+02
2.811202081791e+00,-7.229339705846e+01,-8.302157832368e+01,-9.335926454294e+01,-1.068437953740e+02,-1.104007901554e+02,-1.138896481732e+02
2.848462038789e+00,-7.250906822365e+01,-8.343070455683e+01,-9.406080465188e+01,-1.080534193150e+02,-1.117603073011e+02,-1.153992067976e+02
2.886215843029e+00,-7.272334508527e+01,-8.383702809214e+01,-9.476186214352e+01,-1.092747170951e+02,-1.131357446529e+02,-1.169287732741e+02
2.924470040013e+00,-7.293620447683e+01,-8.424041406572e+01,-9.546219031388e+01,-1.105077330392e+02,-1.145272723139e+02,-1.184786127583e+02
2.963231261997e+00,-7.314762365770e+01,-8.464072596102e+01,-9.616153173318e+01,-1.117525089956e+02,-1.159350626243e+02,-1.200489939925e+02
3.002506229141e+00,-7.335758015266e+01,-8.503782563053e+01,-9.685961781268e+01,-1.130090840756e+02,-1.173592901452e+02,-1.216401892114e+02
3.042301750675e+00,-7.356605180262e+01,-8.543157334930e+01,-9.755616836553e+01,-1.142774945664e+02,-1.188001318571e+02,-1.232524742964e+02
3.082624726081e+00,-7.377301682278e+01,-8.582182803202e+01,-9.825089127557e+01,-1.155577738275e+02,-1.202577673590e+02,-1.248861287607e+02
3.123482146285e+00,-7.397845383224e+01,-8.620844725285e+01,-9.894348195674e+01,-1.168499520816e+02,-1.217323789410e+02,-1.265414358562e+02
3.164881094873e+00,-7.418234173863e+01,-8.659128739528e+01,-9.963362294540e+01,-1.181540563060e+02,-1.232241517762e+02,-1.282186825502e+02
3.206828749317e+00,-7.438465993841e+01,-8.697020372348e+01,-1.003209834021e+02,-1.194701099922e+02,-1.247332741563e+02,-1.299181596470e+02
3.249332382220e+00,-7.458538820485e+01,-8.734505064354e+01,-1.010052187197e+02,-1.207981330560e+02,-1.262599376825e+02,-1.316401617915e+02
3.292399362576e+00,-7.478450674328e+01,-8.771568169322e+01,-1.016859698921e+02,-1.221381416104e+02,-1.278043374364e+02,-1.333849875089e+02
3.336037157050e+00,-7.498199621271e+01,-8.808194983962e+01,-1.023628632222e+02,-1.234901477868e+02,-1.293666723651e+02,-1.351529393412e+02
3.380253331269e+00,-7.517783771672e+01,-8.844370754877e+01,-1.030355096354e+02,-1.248541595393e+02,-1.309471454746e+02,-1.369443237932e+02
3.425055551139e+00,-7.537201284588e+01,-8.880080699383e+01,-1.037035042313e+02,-1.262301803735e+02,-1.325459641461e+02,-1.387594514159e+02
3.470451584166e+00,-7.556450366183e+01,-8.915310027796e+01,-1.043664258614e+02,-1.276182092451e+02,-1.341633405261e+02,-1.405986369182e+02
3.516449300811e+00,-7.575529281006e+01,-8.950043964561e+01,-1.050238365248e+02,-1.290182402880e+02,-1.357994919515e+02,-1.424621991948e+02
3.563056675849e+00,-7.594436336374e+01,-8.984267762193e+01,-1.056752809127e+02,-1.304302624492e+02,-1.374546412721e+02,-1.443504613111e+02
3.610281789754e+00,-7.613169893667e+01,-9.017966726977e+01,-1.063202857837e+02,-1.318542593743e+02,-1.391290173643e+02,-1.462637506317e+02
3.658132830100e+00,-7.631728372961e+01,-9.051126250370e+01,-1.069583597189e+02,-1.332902091124e+02,-1.408228557120e+02,-1.482023988830e+02
3.706618092979e+00,-7.650110249378e+01,-9.083731824977e+01,-1.075889924117e+02,-1.347380837687e+02,-1.425363989298e+02,-1.501667421801e+02
3.755745984441e+00,-7.668314059207e+01,-9.115769077108e+01,-1.082116543941e+02,-1.361978492867e+02,-1.442698974757e+02,-1.521571210880e+02
3.805525021951e+00,-7.686338388142e+01,-9.147223789139e+01,-1.088257963826e+02,-1.376694649774e+02,-1.460236102076e+02,-1.541738806569e+02
3.855963835863e+00,-7.704181887799e+01,-9.178081932626e+01,-1.094308491438e+02,-1.391528833558e+02,-1.477978053491e+02,-1.562173705860e+02
3.907071170921e+00,-7.721843272856e+01,-9.208329697056e+01,-1.100262230128e+02,-1.406480496796e+02,-1.495927613126e+02,-1.582879451321e+02
3.958855887772e+00,-7.739321313370e+01,-9.237953521576e+01,-1.106113075560e+02,-1.421549015396e+02,-1.514087676106e+02,-1.603859632835e+02
4.011326964502e+00,-7.756614848507e+01,-9.266940125007e+01,-1.111854714676e+02,-1.436733684467e+02,-1.532461259928e+02,-1.625117887754e+02
4.064493498196e+00,-7.773722777732e+01,-9.295276539442e+01,-1.117480621849e+02,-1.452033714562e+02,-1.551051516650e+02,-1.646657901664e+02
4.118364706511e+00,-7.790644071554e+01,-9.322950158899e+01,-1.122984062808e+02,-1.467448227163e+02,-1.569861746400e+02,-1.668483409258e+02
4.172949929274e+00,-7.807377758533e+01,-9.349948742320e+01,-1.128358088653e+02,-1.482976246593e+02,-1.588895410751e+02,-1.690598194278e+02
4.228258630105e+00,-7.823922938112e+01,-9.376260483708e+01,-1.133595543134e+02,-1.498616698223e+02,-1.608156152018e+02,-1.713006090814e+02
4.284300398057e+00,-7.840278782472e+01,-9.401874032542e+01,-1.138689063238e+02,-1.514368401116e+02,-1.627647809778e+02,-1.735710983969e+02
4.341084949275e+00,-7.856444520599e+01,-9.426778527054e+01,-1.143631083976e+02,-1.530230059447e+02,-1.647374442063e+02,-1.758716810041e+02
4.398622128684e+00,-7.872419460387e+01,-9.450963645977e+01,-1.148413846060e+02,-1.546200258436e+02,-1.667340348935e+02,-1.782027557833e+02
4.456921911694e+00,-7.888202975833e+01,-9.474419635779e+01,-1.153029404064e+02,-1.562277455020e+02,-1.687550098437e+02,-1.805647268356e+02
4.515994405930e+00,-7.903794510998e+01,-9.497137352591e+01,-1.157469638679e+02,-1.578459968800e+02,-1.708008555458e+02,-1.829580037081e+02
4.575849852985e+00,-7.919193579709e+01,-9.519108304006e+01,-1.161726270507e+02,-1.594745973728e+02,-1.728720914583e+02,-1.853830013040e+02
4.636498630196e+00,-7.934399768692e+01,-9.540324678869e+01,-1.165790876566e+02,-1.611133486773e+02,-1.749692736540e+02,-1.878401400711e+02
4.697951252439e+00,-7.949412735821e+01,-9.560779390622e+01,-1.169654913801e+02,-1.627620357525e+02,-1.770929989917e+02,-1.903298460093e+02
4.760218373959e+00,-7.964232204267e+01,-9.580466115836e+01,-1.173309740787e+02,-1.644204253450e+02,-1.792439097988e+02,-1.928525507479e+02
4.823310790212e+00,-7.978857981563e+01,-9.599379332478e+01,-1.176746650399e+02,-1.660882647594e+02,-1.814226990718e+02,-1.954086916809e+02
4.887239439737e+00,-7.993289928640e+01,-9.617514336634e+01,-1.179956899366e+02,-1.677652800018e+02,-1.836301163912e+02,-1.979987119643e+02
4.952015406055e+00,-8.007527997830e+01,-9.634867306935e+01,-1.182931753070e+02,-1.694511742445e+02,-1.858669748043e+02,-2.006230606336e+02
5.017649919588e+00,-8.021572196853e+01,-9.651435306714e+01,-1.185662523682e+02,-1.711456253779e+02,-1.881341583209e+02,-2.032821926778e+02
5.084154359609e+00,-8.035422610686e+01,-9.667216332731e+01,-1.188140626058e+02,-1.728482839245e+02,-1.904326305724e+02,-2.059765691562e+02
5.151540256211e+00,-8.049079395325e+01,-9.682209342295e+01,-1.190357632121e+02,-1.745587701093e+02,-1.927634447734e+02,-2.087066571539e+02
5.219819292308e+00,-8.062542781940e+01,-9.696414263462e+01,-1.192305334888e+02,-1.762766708389e+02,-1.951277548668e+02,-2.114729300105e+02
5.289003305663e+00,-8.075813061203e+01,-9.709832034605e+01,-1.193975816911e+02,-1.780015356954e+02,-1.975268284004e+02,-2.142758673408e+02
5.359104290934e+00,-8.088890601252e+01,-9.722464616892e+01,-1.195361530612e+02,-1.797328730502e+02,-1.999620612064e+02,-2.171159550749e+02
5.430134401762e+00,-8.101775833431e+01,-9.734315008400e+01,-1.196455378669e+02,-1.814701444576e+02,-2.024349941299e+02,-2.199936856341e+02
5.502105952869e+00,-8.114469261883e+01,-9.745387259422e+01,-1.197250806641e+02,-1.832127589089e+02,-2.049473323756e+02,-2.229095579231e+02
5.575031422201e+00,-8.126971459264e+01,-9.755686490664e+01,-1.197741900061e+02,-1.849600653880e+02,-2.075009676271e+02,-2.258640774354e+02
5.648923453087e+00,-8.139283063455e+01,-9.765218873813e+01,-1.197923483743e+02,-1.867113439015e+02,-2.100980036030e+02,-2.288577564745e+02
5.723794856431e+00,-8.151404769704e+01,-9.773991653449e+01,-1.197791230804e+02,-1.884657947588e+02,-2.127407853624e+02,-2.318911140482e+02
5.799658612934e+00,-8.163337350230e+01,-9.782013137701e+01,-1.197341773984e+02,-1.902225255148e+02,-2.154319331996e+02,-2.349646760182e+02
5.876527875347e+00,-8.175081631408e+01,-9.789292687183e+01,-1.196572814381e+02,-1.919805340146e+02,-2.181743822284e+02,-2.380789753927e+02
5.954415970746e+00,-8.186638510538e+01,-9.795840708857e+01,-1.195483237650e+02,-1.937386880162e+02,-2.209714269690e+02,-2.412345519396e+02
6.033336402847e+00,-8.198008940743e+01,-9.801668625813e+01,-1.194073221218e+02,-1.954956986125e+02,-2.238267745095e+02,-2.444319527437e+02
6.113302854345e+00,-8.209193935658e+01,-9.806788860488e+01,-1.192344336376e+02,-1.972500866939e+02,-2.267446048595e+02,-2.476717322796e+02
6.194329189287e+00,-8.220194566900e+01,-9.811214812970e+01,-1.190299651720e+02,-1.990001386820e+02,-2.297296409369e+02,-2.509544521778e+02
6.276429455475e+00,-8.231011960358e+01,-9.814960812280e+01,-1.187943812545e+02,-2.007438484746e+02,-2.327872297012e+02,-2.542806817012e+02
6.359617886903e+00,-8.241647312015e+01,-9.818042108018e+01,-1.185283116970e+02,-2.024788400346e+02,-2.359234344337e+02,-2.576509972349e+02
6.443908906224e+00,-8.252101852073e+01,-9.820474792644e+01,-1.182325565984e+02,-2.042022617903e+02,-2.391451422295e+02,-2.610659833967e+02
6.529317127248e+00,-8.262376878499e+01,-9.822275783293e+01,-1.179080897876e+02,-2.059106400129e+02,-2.424601837413e+02,-2.645262320341e+02
6.615857357480e+00,-8.272473730055e+01,-9.823462755356e+01,-1.175560593682e+02,-2.075996727249e+02,-2.458774696227e+02,-2.680323431683e+02
6.703544600685e+00,-8.282393802396e+01,-9.824054099823e+01,-1.171777859707e+02,-2.092639313616e+02,-2.494071404983e+02,-2.715849247279e+02
6.792394059489e+00,-8.292138537306e+01,-9.824068849976e+01,-1.167747579548e+02,-2.108964199044e+02,-2.530607287705e+02,-2.751845925008e+02
6.882421138015e+00,-8.301709415456e+01,-9.823526635576e+01,-1.163486230662e+02,-2.124879031173e+02,-2.568513271608e+02,-2.788319707130e+02
6.973641444554e+00,-8.311107974519e+01,-9.822447612902e+01,-1.159011778881e+02,-2.140258511682e+02,-2.607937512591e+02,-2.825276915197e+02
7.066070794271e+00,-8.320335782104e+01,-9.820852390753e+01,-1.154343531116e+02,-2.154927151140e+02,-2.649046812282e+02,-2.862723958414e+02
7.159725211947e+00,-8.329394450630e+01,-9.818761968734e+01,-1.149501965073e+02,-2.168629848535e+02,-2.692027465704e+02,-2.900667329381e+02
7.254620934756e+00,-8.338285635652e+01,-9.816197676803e+01,-1.144508537385e+02,-2.180978878858e+02,-2.737085097435e+02,-2.939113603171e+02
7.350774415082e+00,-8.347011018978e+01,-9.813181075319e+01,-1.139385451333e+02,-2.191351977219e+02,-2.784442783837e+02,-2.978069451138e+02
7.448202323372e+00,-8.355572336831e+01,-9.809733923555e+01,-1.134155431663e+02,-2.198679551980e+02,-2.834336344438e+02,-3.017541620153e+02
7.546921551021e+00,-8.363971328989e+01,-9.805878059170e+01,-1.128841458744e+02,-2.200950631759e+02,-2.887005568146e+02,-3.057536959654e+02
7.646949213308e+00,-8.372209791753e+01,-9.801635369210e+01,-1.123466522405e+02,-2.193888586676e+02,-2.942679536789e+02,-3.098062401781e+02
7.748302652358e+00,-8.380289541502e+01,-9.797027702845e+01,-1.118053356527e+02,-2.166597985482e+02,-3.001554425766e+02,-3.139124970201e+02
7.850999440150e+00,-8.388212414947e+01,-9.792076792752e+01,-1.112624190627e+02,-2.082105075452e+02,-3.063762500575e+02,-3.180731791052e+02
7.955057381565e+00,-8.395980288018e+01,-9.786804210948e+01,-1.107200512387e+02,-1.753595679304e+02,-3.129332593514e+02,-3.222890066813e+02
8.060494517469e+00,-8.403595049782e+01,-9.781231278383e+01,-1.101802844562e+02,-1.053382330178e+02,-3.198145567796e+02,-3.265607114529e+02
8.167329127848e+00,-8.411058608780e+01,-9.775379014970e+01,-1.096450547611e+02,-8.235407950924e+01,-3.269892450121e+02,-3.308890340029e+02
8.275579734968e+00,-8.418372899390e+01,-9.769268092836e+01,-1.091161654176e+02,-7.594606106520e+01,-3.344047661400e+02,-3.352747243482e+02
8.385265106594e+00,-8.425539872395e+01,-9.762918750904e+01,-1.085952722740e+02,-7.380518528084e+01,-3.419871665551e+02,-3.397185434469e+02
8.496404259241e+00,-8.432561494238e+01,-9.756350784326e+01,-1.080838736041e+02,-7.328074810408e+01,-3.496452908410e+02,-3.442212609727e+02
8.609016461468e+00,-8.439439742951e+01,-9.749583456378e+01,-1.075833018055e+02,-7.352312734035e+01,-3.572788009620e+02,-3.487836578323e+02
8.723121237225e+00,-8.446176604587e+01,-9.742635472806e+01,-1.070947191954e+02,-7.418081489843e+01,-3.647884258893e+02,-3.534065256661e+02
8.838738369231e+00,-8.452774087029e+01,-9.735524954234e+01,-1.066191169350e+02,-7.508233288589e+01,-3.720859096924e+02,-3.580906652050e+02
8.955887902410e+00,-8.459234197431e+01,-9.728269393323e+01,-1.061573159960e+02,-7.613375850390e+01,-3.791012485576e+02,-3.628368887729e+02
9.074590147362e+00,-8.465558948444e+01,-9.720885608701e+01,-1.057099709792e+02,-7.727895862092e+01,-3.857859540994e+02,-3.676460193928e+02
9.194865683886e+00,-8.471750366033e+01,-9.713389757356e+01,-1.052775768361e+02,-7.848196930888e+01,-3.921125307928e+02,-3.725188905208e+02
9.316735364548e+00,-8.477810474143e+01,-9.705797275130e+01,-1.048604759688e+02,-7.971836439835e+01,-3.980713256393e+02,-3.774563473974e+02
9.440220318295e+00,-8.483741296972e+01,-9.698122885840e+01,-1.044588685458e+02,-8.097069699192e+01,-4.036661835303e+02,-3.824592457220e+02
9.565341954121e+00,-8.489544860293e+01,-9.690380586600e+01,-1.040728227148e+02,-8.222593395220e+01,-4.089100412682e+02,-3.875284529473e+02
9.692121964776e+00,-8.495223190865e+01,-9.682583640774e+01,-1.037022864651e+02,-8.347394037773e+01,-4.138211490074e+02,-3.926648480830e+02
9.820582330527e+00,-8.500778312255e+01,-9.674744571008e+01,-1.033470992335e+02,-8.470654505785e+01,-4.184201612852e+02,-3.978693215235e+02
9.950745322971e+00,-8.506212236912e+01,-9.666875158420e+01,-1.030070043701e+02,-8.591694773391e+01,-4.227280899729e+02,-4.031427753972e+02
1.008263350889e+01,-8.511526982469e+01,-9.658986470310e+01,-1.026816616442e+02,-8.709933490156e+01,-4.267649818589e+02,-4.084861244274e+02
1.021626975419e+01,-8.516724548256e+01,-9.651088830162e+01,-1.023706587683e+02,-8.824862135138e+01,-4.305491308135e+02,-4.139002941182e+02
1.035167722780e+01,-8.521806938125e+01,-9.643191881573e+01,-1.020735240410e+02,-8.936028281842e+01,-4.340966839498e+02,-4.193862248854e+02
1.048887940578e+01,-8.526776132319e+01,-9.635304547216e+01,-1.017897362224e+02,-9.043023878039e+01,-4.374214865804e+02,-4.249448655727e+02
1.062790007532e+01,-8.531634110158e+01,-9.627435087001e+01,-1.015187363487e+02,-9.145478558622e+01,-4.405351021194e+02,-4.305771811433e+02
1.076876333889e+01,-8.536382835602e+01,-9.619591099171e+01,-1.012599367169e+02,-9.243054966625e+01,-4.434469179777e+02,-4.362841480005e+02
1.091149361841e+01,-8.541024261319e+01,-9.611779570113e+01,-1.010127306701e+02,-9.335446823584e+01,-4.461643088740e+02,-4.420667576403e+02
1.105611565951e+01,-8.545560320659e+01,-9.604006830379e+01,-1.007764995825e+02,-9.422378008921e+01,-4.486928241077e+02,-4.479260071053e+02
1.120265453578e+01,-8.549992942155e+01,-9.596278681057e+01,-1.005506224066e+02,-9.503604227438e+01,-4.510364093688e+02,-4.538629192818e+02
1.135113565315e+01,-8.554324026961e+01,-9.588600322948e+01,-1.003344799557e+02,-9.578913744483e+01,-4.531976098951e+02,-4.598785176354e+02
1.150158475429e+01,-8.558555466106e+01,-9.580976440120e+01,-1.001274624002e+02,-9.648130653903e+01,-4.551778145295e+02,-4.659738463626e+02
1.165402792304e+01,-8.562689131700e+01,-9.573411222864e+01,-9.992897395831e+01,-9.711117807790e+01,-4.569774951030e+02,-4.721499640427e+02
1.180849158898e+01,-8.566726881197e+01,-9.565908382478e+01,-9.973843686829e+01,-9.767779973705e+01,-4.585964681064e+02,-4.784079429860e+02
1.196500253200e+01,-8.570670547389e+01,-9.558471170023e+01,-9.955529460632e+01,-9.818067273076e+01,-4.600341811679e+02,-4.847488621145e+02
1.212358788689e+01,-8.574521943685e+01,-9.551102444917e+01,-9.937901614994e+01,-9.861978866903e+01,-4.612900326106e+02,-4.911738267033e+02
1.228427514813e+01,-8.578282867011e+01,-9.543804656068e+01,-9.920909697357e+01,-9.899565370195e+01,-4.623637103371e+02,-4.976839529778e+02
1.244709217461e+01,-8.581955082791e+01,-9.536579883337e+01,-9.904506048779e+01,-9.930930826141e+01,-4.632555589771e+02,-5.042803530558e+02
1.261206719443e+01,-8.585540356928e+01,-9.529429906460e+01,-9.888646110231e+01,-9.956234929159e+01,-4.639669943806e+02,-5.109641895658e+02
1.277922880987e+01,-8.589040414850e+01,-9.522356166718e+01,-9.873288289115e+01,-9.975691918145e+01,-4.645008818274e+02,-5.177366162030e+02
1.294860600229e+01,-8.592456961458e+01,-9.515359835646e+01,-9.858394047771e+01,-9.989569810250e+01,-4.648619280443e+02,-5.245988056689e+02
1.312022813716e+01,-8.595791684913e+01,-9.508441810749e+01,-9.843927892608e+01,-9.998187208121e+01,-4.650570164023e+02,-5.315519468134e+02
1.329412496918e+01,-8.599046245986e+01,-9.501602762294e+01,-9.829857309245e+01,-1.000190904284e+02,-4.650954542637e+02,-5.385972403936e+02
1.347032664742e+01,-8.602222283507e+01,-9.494843167306e+01,-9.816152733135e+01,-1.000114069571e+02,-4.649890989038e+02,-5.457359162576e+02
1.364886372053e+01,-8.605321417242e+01,-9.488163271663e+01,-9.802787325008e+01,-9.996319792489e+01,-4.647523064792e+02,-5.529692101136e+02
1.382976714210e+01,-8.608345232934e+01,-9.481563180673e+01,-9.789736966431e+01,-9.987908317416e+01,-4.644017063750e+02,-5.602983754135e+02
1.401306827592e+01,-8.611295302021e+01,-9.475042825188e+01,-9.776980039504e+01,-9.976382446093e+01,-4.639557715800e+02,-5.677246784482e+02
1.419879890153e+01,-8.614173169301e+01,-9.468602027296e+01,-9.764497292156e+01,-9.962223087290e+01,-4.634342202538e+02,-5.752494235779e+02
1.438699121966e+01,-8.616980348768e+01,-9.462240439294e+01,-9.752271644215e+01,-9.945905074101e+01,-4.628572713268e+02,-5.828738780684e+02
1.457767785782e+01,-8.619718342139e+01,-9.455957667410e+01,-9.740288083669e+01,-9.927888532265e+01,-4.622448737954e+02,-5.905993976713e+02
1.477089187599e+01,-8.622388612810e+01,-9.449753182934e+01,-9.728533390664e+01,-9.908609036365e+01,-4.616159043218e+02,-5.984273153867e+02
1.496666677232e+01,-8.624992608510e+01,-9.443626388458e+01,-9.716996043504e+01,-9.888470779577e+01,-4.609874940890e+02,-6.063589935691e+02
1.516503648895e+01,-8.627531755888e+01,-9.437576639260e+01,-9.705666048006e+01,-9.867840321656e+01,-4.603744906197e+02,-6.143957777248e+02
1.536603541788e+01,-8.630007445188e+01,-9.431603200757e+01,-9.694534689187e+01,-9.847041651934e+01,-4.597890953109e+02,-6.225391158703e+02
1.556969840696e+01,-8.632421052955e+01,-9.425705322396e+01,-9.683594469912e+01,-9.826353990840e+01,-4.592407186502e+02,-6.307903769652e+02
1.577606076593e+01,-8.634773930167e+01,-9.419882196957e+01,-9.672838896301e+01,-9.806010345953e+01,-4.587359926106e+02,-6.391510021399e+02
1.598515827248e+01,-8.637067399376e+01,-9.414132999042e+01,-9.662262385245e+01,-9.786198096244e+01,-4.582789509685e+02,-6.476223825708e+02
1.619702717856e+01,-8.639302758956e+01,-9.408456850707e+01,-9.651860026988e+01,-9.767060391051e+01,-4.578712960801e+02,-6.562060841050e+02
1.641170421657e+01,-8.641481285649e+01,-9.402852877734e+01,-9.641627603033e+01,-9.748699607556e+01,-4.575127591962e+02,-6.649035888089e+02
1.662922660578e+01,-8.643604236159e+01,-9.397320204182e+01,-9.631561436485e+01,-9.731181091036e+01,-4.572014765790e+02,-6.737163385027e+02
1.684963205876e+01,-8.645672836953e+01,-9.391857920871e+01,-9.621658245313e+01,-9.714537104174e+01,-4.569343518351e+02,-6.826458762141e+02
1.707295878792e+01,-8.647688297565e+01,-9.386465123732e+01,-9.611915077609e+01,-9.698771905758e+01,-4.567074212075e+02,-6.916938027308e+02
1.729924551216e+01,-8.649651793902e+01,-9.381140908700e+01,-9.602329280432e+01,-9.683866752638e+01,-4.565161683534e+02,-7.008616371112e+02
1.752853146355e+01,-8.651564490221e+01,-9.375884370147e+01,-9.592898369565e+01,-9.669784302175e+01,-4.563557969756e+02,-7.101510688233e+02
1.776085639416e+01,-8.653427531650e+01,-9.370694629481e+01,-9.583620113025e+01,-9.656474159803e+01,-4.562214721252e+02,-7.195634180571e+02
1.799626058291e+01,-8.655242020986e+01,-9.365570756394e+01,-9.574492193822e+01,-9.643875368975e+01,-4.561084753617e+02,-7.291007330450e+02
1.823478484262e+01,-8.657009060801e+01,-9.360511916767e+01,-9.565512627280e+01,-9.631922697317e+01,-4.560123915991e+02,-7.387642871162e+02
1.847647052701e+01,-8.658729716359e+01,-9.355517193143e+01,-9.556679215765e+01,-9.620547424949e+01,-4.559291651060e+02,-7.485560005086e+02
1.872135953793e+01,-8.660405041527e+01,-9.350585736428e+01,-9.547989947438e+01,-9.609681944436e+01,-4.558552060746e+02,-7.584775152045e+02
1.896949433260e+01,-8.662036061745e+01,-9.345716702629e+01,-9.539442769785e+01,-9.599261274127e+01,-4.557874175016e+02,-7.685304585447e+02
1.922091793095e+01,-8.663623785231e+01,-9.340909236132e+01,-9.531035621654e+01,-9.589224734993e+01,-4.557232116458e+02,-7.787166567767e+02
1.947567392313e+01,-8.665169203529e+01,-9.336162532715e+01,-9.522766473741e+01,-9.579517619515e+01,-4.556605104481e+02,-7.890381193464e+02
1.973380647703e+01,-8.666673278111e+01,-9.331475750802e+01,-9.514633190211e+01,-9.570091191105e+01,-4.555977065782e+02,-7.994961458679e+02
1.999536034592e+01,-8.668136951804e+01,-9.326848094191e+01,-9.506633686077e+01,-9.560903796425e+01,-4.555336467367e+02,-8.100923156986e+02
2.026038087628e+01,-8.669561158185e+01,-9.322278798318e+01,-9.498765919470e+01,-9.551920885514e+01,-4.554675798160e+02,-8.208291850775e+02
2.052891401557e+01,-8.670946805945e+01,-9.317767064948e+01,-9.491027705934e+01,-9.543114133319e+01,-4.553990909384e+02,-8.317083463594e+02
2.080100632028e+01,-8.672294777727e+01,-9.313312142242e+01,-9.483416970732e+01,-9.534461490065e+01,-4.553280569899e+02,-8.427318653219e+02
2.107670496394e+01,-8.673605947746e+01,-9.308913285510e+01,-9.475931592704e+01,-9.525946559326e+01,-4.552545835823e+02,-8.539025212449e+02
2.135605774534e+01,-8.674881158871e+01,-9.304569730130e+01,-9.468569368589e+01,-9.517557181602e+01,-4.551789327399e+02,-8.652181828140e+02
2.163911309678e+01,-8.676121257131e+01,-9.300280805091e+01,-9.461328330819e+01,-9.509286310268e+01,-4.551015139105e+02,-8.766886733567e+02
2.192592009250e+01,-8.677327042912e+01,-9.296045742878e+01,-9.454206241312e+01,-9.501128816903e+01,-4.550227674945e+02,-8.883067041962e+02
2.221652845719e+01,-8.678499323932e+01,-9.291863883009e+01,-9.447201091357e+01,-9.493083282962e+01,-4.549431933748e+02,-9.000813747927e+02
2.251098857456e+01,-8.679638876355e+01,-9.287734518122e+01,-9.440310790180e+01,-9.485149181902e+01,-4.548632656672e+02,-9.120107527809e+02
2.280935149614e+01,-8.680746464194e+01,-9.283656980229e+01,-9.433533320386e+01,-9.477327938315e+01,-4.547834378466e+02,-9.240993238715e+02
2.311166895009e+01,-8.681822832683e+01,-9.279630602335e+01,-9.426866652465e+01,-9.469621084676e+01,-4.547041046211e+02,-9.363475715998e+02
2.341799335017e+01,-8.682868716512e+01,-9.275654739205e+01,-9.420308844064e+01,-9.462030876717e+01,-4.546256088027e+02,-9.487580509252e+02
2.372837780487e+01,-8.683884825230e+01,-9.271728725168e+01,-9.413857887340e+01,-9.454559017426e+01,-4.545482108980e+02,-9.613334949146e+02
2.404287612656e+01,-8.684871863746e+01,-9.267851954554e+01,-9.407511926738e+01,-9.447207503993e+01,-4.544721214383e+02,-9.740688414641e+02
2.436154284084e+01,-8.685830509528e+01,-9.264023765108e+01,-9.401269005784e+01,-9.439977067721e+01,-4.543974699027e+02,-9.869904036318e+02
2.468443319601e+01,-8.686761432839e+01,-9.260243578109e+01,-9.395127338060e+01,-9.432868839207e+01,-4.543243472721e+02,-1.000073261313e+03
2.501160317264e+01,-8.687665297118e+01,-9.256510795713e+01,-9.389085157099e+01,-9.425883106197e+01,-4.542527957978e+02,-1.013298682785e+03
2.534310949327e+01,-8.688542724766e+01,-9.252824773676e+01,-9.383140533072e+01,-9.419018701091e+01,-4.541827928830e+02,-1.026739465316e+03
2.567900963222e+01,-8.689394354236e+01,-9.249184960960e+01,-9.377291837667e+01,-9.412275208107e+01,-4.541143208603e+02,-1.040362911453e+03
2.601936182563e+01,-8.690220789004e+01,-9.245590768409e+01,-9.371537330046e+01,-9.405651208827e+01,-4.540473278443e+02,-1.054162036793e+03
2.636422508147e+01,-8.691022637371e+01,-9.242041637152e+01,-9.365875383727e+01,-9.399145142479e+01,-4.539817533661e+02,-1.068129239929e+03
2.671365918981e+01,-8.691800473490e+01,-9.238536994617e+01,-9.360304297984e+01,-9.392754793750e+01,-4.539175263274e+02,-1.082306789423e+03
2.706772473320e+01,-8.692554879319e+01,-9.235076306169e+01,-9.354822541221e+01,-9.386478549467e+01,-4.538545873898e+02,-1.096615988742e+03
2.742648309715e+01,-8.693286405267e+01,-9.231658997375e+01,-9.349428457849e+01,-9.380313542122e+01,-4.537928618696e+02,-1.111171362571e+03
2.778999648077e+01,-8.693995593647e+01,-9.228284532219e+01,-9.344120512471e+01,-9.374257589927e+01,-4.537322925909e+02,-1.125887212744e+03
2.815832790759e+01,-8.694682998958e+01,-9.224952409395e+01,-9.338897290616e+01,-9.368308857176e+01,-4.536728420020e+02,-1.140894480697e+03
2.853154123642e+01,-8.695349118158e+01,-9.221662060613e+01,-9.333757172426e+01,-9.362464396781e+01,-4.536144485776e+02,-1.155928738957e+03
2.890970117250e+01,-8.695994481231e+01,-9.218413010804e+01,-9.328698827091e+01,-9.356722491794e+01,-4.535570907741e+02,-1.171259122907e+03
2.929287327866e+01,-8.696619581325e+01,-9.215204730618e+01,-9.323720792147e+01,-9.351080937980e+01,-4.535007314914e+02,-1.186892279003e+03
2.968112398670e+01,-8.697224903210e+01,-9.212036711489e+01,-9.318821644299e+01,-9.345537333024e+01,-4.534453451622e+02,-1.202546508845e+03
3.007452060893e+01,-8.697810926553e+01,-9.208908458285e+01,-9.314000020959e+01,-9.340089900812e+01,-4.533909123199e+02,-1.218133876438e+03
3.047313134983e+01,-8.698378121447e+01,-9.205819496403e+01,-9.309254638699e+01,-9.334736849413e+01,-4.533374167701e+02,-1.234170834993e+03
3.087702531784e+01,-8.698926939177e+01,-9.202769339002e+01,-9.304584163062e+01,-9.329476240262e+01,-4.532848432339e+02,-1.250752504835e+03
3.128627253739e+01,-8.699457829194e+01,-9.199757492348e+01,-9.299987271144e+01,-9.324306113205e+01,-4.532331711644e+02,-1.267306412261e+03
3.170094396102e+01,-8.699971221017e+01,-9.196783488865e+01,-9.295462708872e+01,-9.319224828475e+01,-4.531823876767e+02,-1.284166800152e+03
3.212111148168e+01,-8.700467553262e+01,-9.193846893245e+01,-9.291009328601e+01,-9.314231064665e+01,-4.531324904137e+02,-1.300949087927e+03
3.254684794519e+01,-8.700947221336e+01,-9.190947174064e+01,-9.286625694801e+01,-9.309322018326e+01,-4.530834343856e+02,-1.320566769666e+03
3.297822716290e+01,-8.701410658716e+01,-9.188083973506e+01,-9.282310903657e+01,-9.304497758996e+01,-4.530352448885e+02,-1.334468111187e+03
3.341532392443e+01,-8.701858243161e+01,-9.185256776929e+01,-9.278063584814e+01,-9.299755487170e+01,-4.529878771896e+02,-1.350520451023e+03
3.385821401069e+01,-8.702290367176e+01,-9.182465139953e+01,-9.273882619038e+01,-9.295093734335e+01,-4.529413213233e+02,-1.373519157597e+03
3.430697420699e+01,-8.702707414093e+01,-9.179708658226e+01,-9.269766919844e+01,-9.290511441161e+01,-4.528955694451e+02,-1.394333599129e+03
3.476168231637e+01,-8.703109759513e+01,-9.176986893656e+01,-9.265715417158e+01,-9.286007042477e+01,-4.528506083898e+02,-1.409838729838e+03
3.522241717306e+01,-8.703497758536e+01,-9.174299400079e+01,-9.261726941021e+01,-9.281578799024e+01,-4.528064112246e+02,-1.431921365371e+03
3.568925865618e+01,-8.703871770821e+01,-9.171645782225e+01,-9.257800504865e+01,-9.277225653529e+01,-4.527629740416e+02,-1.447950162674e+03
3.616228770359e+01,-8.704232143204e+01,-9.169025607542e+01,-9.253935044963e+01,-9.272945999533e+01,-4.527202798496e+02,-1.470959705109e+03
3.664158632588e+01,-8.704579211018e+01,-9.166438458210e+01,-9.250129478110e+01,-9.268738130869e+01,-4.526783058556e+02,-1.483632021045e+03
3.712723762064e+01,-8.704913309822e+01,-9.163883942440e+01,-9.246382878317e+01,-9.264601206081e+01,-4.526370462154e+02,-1.492456514703e+03
3.761932578682e+01,-8.705234764888e+01,-9.161361664505e+01,-9.242694257340e+01,-9.260533981066e+01,-4.525964912645e+02,-1.536797263401e+03
3.811793613938e+01,-8.705543889216e+01,-9.158871222208e+01,-9.239062635692e+01,-9.256534848131e+01,-4.525566218476e+02,-1.619995948577e+03
3.862315512403e+01,-8.705840991556e+01,-9.156412216634e+01,-9.235487021485e+01,-9.252602533660e+01,-4.525174233472e+02,-1.625190377484e+03
3.913507033225e+01,-8.706126377206e+01,-9.153984252999e+01,-9.231966482270e+01,-9.248735721653e+01,-4.524788795466e+02,-1.594174956602e+03
3.965377051646e+01,-8.706400338486e+01,-9.151586970086e+01,-9.228500165423e+01,-9.244933411468e+01,-4.524409861443e+02,-1.543388446330e+03
4.017934560543e+01,-8.706663167067e+01,-9.149219978998e+01,-9.225087131186e+01,-9.241194265806e+01,-4.524037285265e+02,-1.487041357065e+03
4.071188671984e+01,-8.706915143380e+01,-9.146882918675e+01,-9.221726525114e+01,-9.237517318027e+01,-4.523670949554e+02,-1.482312173417e+03
4.125148618809e+01,-8.707156545225e+01,-9.144575397704e+01,-9.218417399907e+01,-9.233900946577e+01,-4.523310636508e+02,-1.476592577486e+03
4.179823756233e+01,-8.707387650152e+01,-9.142297106473e+01,-9.215159100197e+01,-9.230345231569e+01,-4.522956540080e+02,-1.301419614202e+03
4.235223563463e+01,-8.707608709466e+01,-9.140047633123e+01,-9.211950657099e+01,-9.226847931711e+01,-4.522608271323e+02,-1.300049982029e+03
4.291357645347e+01,-8.707819980158e+01,-9.137826614584e+01,-9.208791139535e+01,-9.223407805369e+01,-4.522265671056e+02,-1.470959705109e+03
4.348235734035e+01,-8.708021720186e+01,-9.135633724698e+01,-9.205679885026e+01,-9.220024317590e+01,-4.521928769287e+02,-1.473882908041e+03
4.405867690669e+01,-8.708214183773e+01,-9.133468650019e+01,-9.202616228619e+01,-9.216697201709e+01,-4.521597602993e+02,-1.650605485328e+03
4.464263507091e+01,-8.708397588501e+01,-9.131330969376e+01,-9.199599070866e+01,-9.213423746801e+01,-4.521271728347e+02,-1.624839948952e+03
4.523433307576e+01,-8.708572188058e+01,-9.129220397795e+01,-9.196627878845e+01,-9.210203999979e+01,-4.520951243063e+02,-1.574995948577e+03
4.583387350586e+01,-8.708738204087e+01,-9.127136590716e+01,-9.193701817558e+01,-9.207036847405e+01,-4.520636021223e+02,-1.482610004546e+03
4.644136030553e+01,-8.708895866551e+01,-9.125079221078e+01,-9.190820239002e+01,-9.203921433684e+01,-4.520326006260e+02,-1.458430897399e+03
4.705689879674e+01,-8.709045393291e+01,-9.123047957423e+01,-9.187982347595e+01,-9.200856676675e+01,-4.520021068045e+02,-1.574995948577e+03
4.768059569743e+01,-8.709186993399e+01,-9.121042476942e+01,-9.185187463980e+01,-9.197841715481e+01,-4.519721115608e+02,-1.499032192045e+03
4.831255913998e+01,-8.709320883268e+01,-9.119062457771e+01,-9.182434858346e+01,-9.194875534167e+01,-4.519426038545e+02,-1.418958437551e+03
4.895289868998e+01,-8.709447261463e+01,-9.117107578975e+01,-9.179723849784e+01,-9.191957213907e+01,-4.519135706115e+02,-1.479801519669e+03
4.960172536521e+01,-8.709566333599e+01,-9.115177549512e+01,-9.177053810423e+01,-9.189086240427e+01,-4.518850134094e+02,-1.485791672129e+03
5.025915165487e+01,-8.709678290558e+01,-9.113272051490e+01,-9.174424064339e+01,-9.186261661258e+01,-4.518569218656e+02,-1.484995948577e+03
5.092529153914e+01,-8.709783327189e+01,-9.111390797228e+01,-9.171833979114e+01,-9.183482715842e+01,-4.518292901901e+02,-1.650348573304e+03
5.160026050887e+01,-8.709881625766e+01,-9.109533436521e+01,-9.169282829462e+01,-9.180747934075e+01,-4.518020931436e+02,-1.521865846222e+03
5.228417558566e+01,-8.709973371540e+01,-9.107699720371e+01,-9.166770065591e+01,-9.178057217181e+01,-4.517753372156e+02,-1.533362409240e+03
5.297715534212e+01,-8.710058739126e+01,-9.105889336571e+01,-9.164295060243e+01,-9.175409513931e+01,-4.517490144013e+02,-1.428686016103e+03
5.367931992243e+01,-8.710137912241e+01,-9.104102021344e+01,-9.161857262247e+01,-9.172804495610e+01,-4.517231180813e+02,-1.297230782558e+03
5.439079106317e+01,-8.710211047986e+01,-9.102337436639e+01,-9.159455919312e+01,-9.170240534044e+01,-4.516976268390e+02,-1.366923461641e+03
5.511169211444e+01,-8.710278321763e+01,-9.100595351778e+01,-9.157090635249e+01,-9.167717802172e+01,-4.516725526691e+02,-1.304200225024e+03
5.584214806123e+01,-8.710339886572e+01,-9.098875426442e+01,-9.154760618618e+01,-9.165234482295e+01,-4.516478599559e+02,-1.482312173417e+03
5.658228554509e+01,-8.710395915750e+01,-9.097177464800e+01,-9.152465568301e+01,-9.162791273753e+01,-4.516235801065e+02,-1.538968575191e+03
5.733223288609e+01,-8.710446549676e+01,-9.095501130295e+01,-9.150204725165e+01,-9.160386477366e+01,-4.515996766457e+02,-1.482610004546e+03
5.809212010508e+01,-8.710491949077e+01,-9.093846192683e+01,-9.147977692898e+01,-9.158020040264e+01,-4.515761617386e+02,-1.650959705109e+03
5.886207894619e+01,-8.710532259237e+01,-9.092212358666e+01,-9.145783815543e+01,-9.155690690026e+01,-4.515530133252e+02,-1.812990565368e+03
5.964224289974e+01,-8.710567617029e+01,-9.090599358472e+01,-9.143622541258e+01,-9.153397773677e+01,-4.515302230212e+02,-1.840447906167e+03
6.043274722531e+01,-8.710598178193e+01,-9.089006977794e+01,-9.141493550466e+01,-9.151141610577e+01,-4.515078086406e+02,-1.833882908041e+03
6.123372897524e+01,-8.710624073850e+01,-9.087434927443e+01,-9.139396176902e+01,-9.148920773616e+01,-4.514857418276e+02,-1.713362409240e+03
6.204532701837e+01,-8.710645429163e+01,-9.085882921421e+01,-9.137329861929e+01,-9.146734184498e+01,-4.514640123601e+02,-1.833882908041e+03
6.286768206414e+01,-8.710662394472e+01,-9.084350791274e+01,-9.135294352600e+01,-9.144582862640e+01,-4.514426443558e+02,-1.934995948577e+03
6.370093668694e+01,-8.710675078475e+01,-9.082838200677e+01,-9.133288873813e+01,-9.142464142196e+01,-4.514215866311e+02,-1.838312084469e+03
6.454523535086e+01,-8.710683622467e+01,-9.081344973626e+01,-9.131313191524e+01,-9.140379091773e+01,-4.514008744898e+02,-1.841419614202e+03
6.540072443476e+01,-8.710688147463e+01,-9.079870868034e+01,-9.129366842408e+01,-9.138327063721e+01,-4.513805005209e+02,-2.021181873742e+03
6.626755225758e+01,-8.710688752807e+01,-9.078415547311e+01,-9.127449027619e+01,-9.136305628496e+01,-4.513604075943e+02,-1.841419614202e+03
6.714586910413e+01,-8.710685590031e+01,-9.076978909557e+01,-9.125559765007e+01,-9.134316984828e+01,-4.513406632837e+02,-1.663972918388e+03
6.803582725108e+01,-8.710678742237e+01,-9.075560622448e+01,-9.123698268689e+01,-9.132358330743e+01,-4.513212071786e+02,-1.652656861298e+03
6.893758099341e+01,-8.710668335473e+01,-9.074160492019e+01,-9.121864194792e+01,-9.130430096827e+01,-4.513020480111e+02,-1.672120964925e+03
6.985128667113e+01,-8.710654471088e+01,-9.072778268885e+01,-9.120057131243e+01,-9.128531255259e+01,-4.512831813685e+02,-1.836592577486e+03
7.077710269641e+01,-8.710637270704e+01,-9.071413806390e+01,-9.118276793804e+01,-9.126662862934e+01,-4.512646285068e+02,-1.976629487913e+03
7.171518958101e+01,-8.710616824416e+01,-9.070066793267e+01,-9.116522558364e+01,-9.124822678506e+01,-4.512463549785e+02,-2.012656861298e+03
7.266570996416e+01,-8.710593233966e+01,-9.068737039024e+01,-9.114794098673e+01,-9.123010763738e+01,-4.512283579826e+02,-2.114995948577e+03
7.362882864070e+01,-8.710566603319e+01,-9.067424325740e+01,-9.113090988029e+01,-9.121226603733e+01,-4.512106328954e+02,-2.193227659645e+03
7.460471258968e+01,-8.710537025613e+01,-9.066128428712e+01,-9.111412840350e+01,-9.119469612626e+01,-4.511931760653e+02,-2.194376293300e+03
7.559353100332e+01,-8.710504603442e+01,-9.064849184734e+01,-9.109759375307e+01,-9.117740440157e+01,-4.511760056109e+02,-2.199893783324e+03
7.659545531632e+01,-8.710469419524e+01,-9.063586337883e+01,-9.108130114803e+01,-9.116037110480e+01,-4.511590890331e+02,-2.219991027706e+03
7.761065923560e+01,-8.710431568946e+01,-9.062339712234e+01,-9.106524737709e+01,-9.114360566583e+01,-4.511424455660e+02,-2.381694082902e+03
7.863931877041e+01,-8.710391135931e+01,-9.061109068829e+01,-9.104942765897e+01,-9.112708973831e+01,-4.511260418457e+02,-2.375322593144e+03
7.968161226283e+01,-8.710348207952e+01,-9.059894211079e+01,-9.103383881221e+01,-9.111082432525e+01,-4.511098855771e+02,-2.375533626369e+03
8.073772041872e+01,-8.710302857801e+01,-9.058694927888e+01,-9.101847681021e+01,-9.109479938212e+01,-4.510939585939e+02,-2.203921778578e+03
8.180782633903e+01,-8.710255195897e+01,-9.057511119444e+01,-9.100334101053e+01,-9.107903550991e+01,-4.510783168665e+02,-2.378142313405e+03
8.289211555155e+01,-8.710205273490e+01,-9.056342462231e+01,-9.098842422456e+01,-9.106349935519e+01,-4.510628816310e+02,-2.373686016103e+03
8.399077604306e+01,-8.710153180674e+01,-9.055188837557e+01,-9.097372499711e+01,-9.104820039847e+01,-4.510476884265e+02,-2.395615603853e+03
8.510399829196e+01,-8.710098986243e+01,-9.054050011833e+01,-9.095923880239e+01,-9.103312716441e+01,-4.510327058230e+02,-2.565354042536e+03
8.623197530124e+01,-8.710042774524e+01,-9.052925847114e+01,-9.094496409639e+01,-9.101828732163e+01,-4.510179682149e+02,-2.562133543350e+03
8.737490263200e+01,-8.709984612056e+01,-9.051816143267e+01,-9.093089686736e+01,-9.100367275229e+01,-4.510034558749e+02,-2.559386674130e+03
8.853297843732e+01,-8.709924573443e+01,-9.050720717335e+01,-9.091703408884e+01,-9.098927953513e+01,-4.509891631981e+02,-2.579871630578e+03
8.970640349660e+01,-8.709862717464e+01,-9.049639356895e+01,-9.090337150227e+01,-9.097509790659e+01,-4.509750725867e+02,-2.564785303277e+03
9.089538125041e+01,-8.709799123843e+01,-9.048571934566e+01,-9.088990803316e+01,-9.096113622613e+01,-4.509612091882e+02,-2.573876607727e+03
9.210011783575e+01,-8.709733850530e+01,-9.047518241603e+01,-9.087663920344e+01,-9.094738138693e+01,-4.509475497396e+02,-2.654995948577e+03
9.332082212175e+01,-8.709666962066e+01,-9.046478102512e+01,-9.086356207189e+01,-9.093382979125e+01,-4.509340916893e+02,-2.704839948952e+03
9.455770574595e+01,-8.709598517291e+01,-9.045451343438e+01,-9.085067382071e+01,-9.092048178736e+01,-4.509208295408e+02,-2.566428044761e+03
9.581098315092e+01,-8.709528585998e+01,-9.044437817585e+01,-9.083797203433e+01,-9.090733255090e+01,-4.509077677368e+02,-2.565443562747e+03
9.708087162150e+01,-8.709457219927e+01,-9.043437332034e+01,-9.082545345986e+01,-9.089437855967e+01,-4.508948949894e+02,-2.558493970066e+03
9.836759132243e+01,-8.709384480356e+01,-9.042449740173e+01,-9.081311547036e+01,-9.088161823016e+01,-4.508822182266e+02,-2.555735727045e+03
9.967136533655e+01,-8.709310433195e+01,-9.041474918196e+01,-9.080095738249e+01,-9.086906079113e+01,-4.508697598510e+02,-2.389867339608e+03
1.009924197034e+02,-8.709235107225e+01,-9.040512589484e+01,-9.078897192293e+01,-9.085667308246e+01,-4.508574430583e+02,-2.564344888196e+03
1.023309834587e+02,-8.709158581249e+01,-9.039562705587e+01,-9.077716007550e+01,-9.084447696150e+01,-4.508453310271e+02,-2.572120964925e+03
1.036872886734e+02,-8.709080896693e+01,-9.038625054205e+01,-9.076551818032e+01,-9.083246066790e+01,-4.508333951867e+02,-2.572120964925e+03
1.050615704948e+02,-8.709002103579e+01,-9.037699502269e+01,-9.075404370216e+01,-9.082062568919e+01,-4.508216367883e+02,-2.474995948577e+03
1.064540671865e+02,-8.708922255313e+01,-9.036785855390e+01,-9.074273319572e+01,-9.080895747095e+01,-4.508100428774e+02,-2.556698803607e+03
1.078650201704e+02,-8.708841394686e+01,-9.035884013474e+01,-9.073158561466e+01,-9.079746435265e+01,-4.507986183943e+02,-2.565838472837e+03
1.092946740680e+02,-8.708759578590e+01,-9.034993803262e+01,-9.072059780940e+01,-9.078614249619e+01,-4.507873700674e+02,-2.565712108522e+03
1.107432767431e+02,-8.708676848320e+01,-9.034115087142e+01,-9.070976837086e+01,-9.077499032607e+01,-4.507762919829e+02,-2.565972486612e+03
1.122110793447e+02,-8.708593249825e+01,-9.033247726368e+01,-9.069909426308e+01,-9.076400577264e+01,-4.507653832411e+02,-2.706997216134e+03
1.136983363506e+02,-8.708508819769e+01,-9.032391547610e+01,-9.068857271446e+01,-9.075317793366e+01,-4.507546280076e+02,-2.736465182967e+03
1.152053056114e+02,-8.708423598808e+01,-9.031546388343e+01,-9.067819966726e+01,-9.074249986781e+01,-4.507440020069e+02,-2.558711910795e+03
1.167322483953e+02,-8.708337646377e+01,-9.030712186963e+01,-9.066797737142e+01,-9.073199113765e+01,-4.507335673395e+02,-2.561419614202e+03
1.182794294335e+02,-8.708250984972e+01,-9.029888726843e+01,-9.065789983700e+01,-9.072163050397e+01,-4.507232683478e+02,-2.559893783324e+03
1.198471169658e+02,-8.708163667620e+01,-9.029075941840e+01,-9.064796745956e+01,-9.071143025884e+01,-4.507131439054e+02,-2.696629487913e+03
1.214355827874e+02,-8.708075718994e+01,-9.028273630463e+01,-9.063817583868e+01,-9.070136964978e+01,-4.507031424313e+02,-2.564995948577e+03
1.230451022958e+02,-8.707987189706e+01,-9.027481705654e+01,-9.062852493315e+01,-9.069146630624e+01,-4.506933088176e+02,-2.736788732165e+03
1.246759545387e+02,-8.707898099877e+01,-9.026699975422e+01,-9.061900976098e+01,-9.068169422726e+01,-4.506835808226e+02,-2.909841880526e+03
1.263284222623e+02,-8.707808495162e+01,-9.025928360559e+01,-9.060963097657e+01,-9.067206911998e+01,-4.506740136336e+02,-2.920528789515e+03
1.280027919605e+02,-8.707718413168e+01,-9.025166736464e+01,-9.060038587698e+01,-9.066258568308e+01,-4.506645903794e+02,-2.925592758028e+03
1.296993539241e+02,-8.707627878237e+01,-9.024414936026e+01,-9.059127159023e+01,-9.065323581352e+01,-4.506552914998e+02,-2.925206593876e+03
1.314184022918e+02,-8.707536931650e+01,-9.023672893097e+01,-9.058228767392e+01,-9.064403399728e+01,-4.506461525228e+02,-2.948625326307e+03
1.331602351006e+02,-8.707445595925e+01,-9.022940411144e+01,-9.057343081471e+01,-9.063495098588e+01,-4.506371164489e+02,-2.918880445010e+03
1.349251543377e+02,-8.707353916187e+01,-9.022217438842e+01,-9.056470074188e+01,-9.062601536786e+01,-4.506282444741e+02,-3.093227659645e+03
1.367134659931e+02,-8.707261903922e+01,-9.021503797280e+01,-9.055609381427e+01,-9.061719917074e+01,-4.506194775394e+02,-3.090959705109e+03
1.385254801123e+02,-8.707169598289e+01,-9.020799372712e+01,-9.054760802305e+01,-9.060850614719e+01,-4.506108291472e+02,-2.920528789515e+03
1.403615108500e+02,-8.707077030751e+01,-9.020104082320e+01,-9.053924344421e+01,-9.059994441511e+01,-4.506023180957e+02,-2.927679723736e+03
1.422218765250e+02,-8.706984225523e+01,-9.019417804088e+01,-9.053099789117e+01,-9.059151116556e+01,-4.505939381228e+02,-3.092088539905e+03
1.441068996750e+02,-8.706891198460e+01,-9.018740362261e+01,-9.052286668285e+01,-9.058318336882e+01,-4.505856414964e+02,-2.923355111942e+03
1.460169071126e+02,-8.706797997835e+01,-9.018071760552e+01,-9.051485379545e+01,-9.057499831451e+01,-4.505775243274e+02,-3.092656861298e+03
1.479522299822e+02,-8.706704631014e+01,-9.017411752649e+01,-9.050695154424e+01,-9.056691316623e+01,-4.505694644342e+02,-2.924995948577e+03
1.499132038171e+02,-8.706611130897e+01,-9.016760328895e+01,-9.049916226544e+01,-9.055895537821e+01,-4.505615577854e+02,-2.914953924941e+03
1.519001685977e+02,-8.706517517685e+01,-9.016117330693e+01,-9.049148279294e+01,-9.055110859461e+01,-4.505537558281e+02,-2.945551993796e+03
1.539134688107e+02,-8.706423820241e+01,-9.015482669009e+01,-9.048391231791e+01,-9.054337756866e+01,-4.505460722449e+02,-3.096115289426e+03
1.559534535085e+02,-8.706330047756e+01,-9.014856169924e+01,-9.047644602955e+01,-9.053573984135e+01,-4.505384584737e+02,-2.920706795248e+03
1.580204763700e+02,-8.706236233567e+01,-9.014237866635e+01,-9.046908776988e+01,-9.052823144750e+01,-4.505309980968e+02,-2.927679723736e+03
1.601148957618e+02,-8.706142399021e+01,-9.013627525146e+01,-9.046183162289e+01,-9.052082042767e+01,-4.505236255388e+02,-2.923894242461e+03
1.622370748002e+02,-8.706048569272e+01,-9.013025152008e+01,-9.045467965417e+01,-9.051353205226e+01,-4.505163896163e+02,-3.100627671142e+03
1.643873814145e+02,-8.705954746468e+01,-9.012430524607e+01,-9.044762621956e+01,-9.050632846851e+01,-4.505092130468e+02,-3.279640123534e+03
1.665661884103e+02,-8.705860959847e+01,-9.011843604143e+01,-9.044067131087e+01,-9.049922569739e+01,-4.505021339227e+02,-3.281231913712e+03
1.687738735347e+02,-8.705767239016e+01,-9.011264339881e+01,-9.043381651964e+01,-9.049224078157e+01,-4.504952013271e+02,-3.251721060592e+03
1.710108195411e+02,-8.705673594106e+01,-9.010692594076e+01,-9.042705852354e+01,-9.048535904509e+01,-4.504883677756e+02,-3.103669894200e+03
1.732774142565e+02,-8.705580023835e+01,-9.010128184652e+01,-9.042039228320e+01,-9.047854872456e+01,-4.504815702837e+02,-2.932120964925e+03
1.755740506476e+02,-8.705486578876e+01,-9.009571150480e+01,-9.041382152451e+01,-9.047185722291e+01,-4.504749208529e+02,-3.105712108522e+03
1.779011268900e+02,-8.705393242528e+01,-9.009021279463e+01,-9.040734042492e+01,-9.046523614609e+01,-4.504683081551e+02,-2.927336060576e+03
1.802590464365e+02,-8.705300062014e+01,-9.008478602821e+01,-9.040095249138e+01,-9.045872886162e+01,-4.504618325025e+02,-2.927174628652e+03
1.826482180874e+02,-8.705207040723e+01,-9.007942970761e+01,-9.039465478192e+01,-9.045231982080e+01,-4.504554639286e+02,-2.923206037968e+03
1.850690560612e+02,-8.705114182872e+01,-9.007414252808e+01,-9.038844354810e+01,-9.044598628882e+01,-4.504491528627e+02,-2.926487689012e+03
1.875219800666e+02,-8.705021518438e+01,-9.006892422203e+01,-9.038232087771e+01,-9.043975530211e+01,-4.504429557187e+02,-2.921694082902e+03
1.900074153751e+02,-8.704929054798e+01,-9.006377365155e+01,-9.037628308261e+01,-9.043360957258e+01,-4.504368504765e+02,-2.901366570846e+03
1.925257928949e+02,-8.704836804158e+01,-9.005868963915e+01,-9.037032879095e+01,-9.042754159462e+01,-4.504308041249e+02,-2.921122458852e+03
1.950775492452e+02,-8.704744783150e+01,-9.005367180966e+01,-9.036445882992e+01,-9.042156828494e+01,-4.504248534992e+02,-2.919893783324e+03
1.976631268325e+02,-8.704653007558e+01,-9.004871922233e+01,-9.035867124716e+01,-9.041568499547e+01,-4.504190047248e+02,-2.873655756831e+03
2.002829739270e+02,-8.704561470788e+01,-9.004383037720e+01,-9.035296198126e+01,-9.040985984972e+01,-4.504131860852e+02,-2.927947648174e+03
2.029375447400e+02,-8.704470215743e+01,-9.003900566780e+01,-9.034733521067e+01,-9.040414345881e+01,-4.504075090492e+02,-2.915322593144e+03
2.056272995034e+02,-8.704379230046e+01,-9.003424333533e+01,-9.034178547090e+01,-9.039849669086e+01,-4.504018883558e+02,-2.927778969330e+03
2.083527045487e+02,-8.704288538731e+01,-9.002954305371e+01,-9.033631404102e+01,-9.039293687002e+01,-4.503963610588e+02,-2.834995948577e+03
2.111142323884e+02,-8.704198142160e+01,-9.002490380081e+01,-9.033091850691e+01,-9.038745388427e+01,-4.503909056715e+02,-2.734809318817e+03
2.139123617977e+02,-8.704108055096e+01,-9.002032457875e+01,-9.032559774396e+01,-9.038204313702e+01,-4.503855152710e+02,-2.742758969513e+03
2.167475778974e+02,-8.704018284039e+01,-9.001580465709e+01,-9.032035033401e+01,-9.037669820278e+01,-4.503801838059e+02,-2.594353702119e+03
2.196203722384e+02,-8.703928844974e+01,-9.001134367159e+01,-9.031517648132e+01,-9.037143862324e+01,-4.503749384647e+02,-2.511023321962e+03
2.225312428864e+02,-8.703839741053e+01,-9.000694040594e+01,-9.031007370331e+01,-9.036624564734e+01,-4.503697622598e+02,-2.560825512052e+03
2.254806945086e+02,-8.703750990303e+01,-9.000259469322e+01,-9.030504316624e+01,-9.036113480355e+01,-4.503646725693e+02,-2.569107013181e+03
2.284692384613e+02,-8.703662595870e+01,-8.999830560639e+01,-9.030008315035e+01,-9.035610196683e+01,-4.503596715320e+02,-2.737518618270e+03
2.314973928781e+02,-8.703574553472e+01,-8.999407150774e+01,-9.029518910474e+01,-9.035111003025e+01,-4.503546712100e+02,-2.561581781197e+03
2.345656827601e+02,-8.703486899175e+01,-8.998989326510e+01,-9.029036581518e+01,-9.034622004782e+01,-4.503498163233e+02,-2.558091405520e+03
2.376746400668e+02,-8.703399621606e+01,-8.998576919905e+01,-9.028560956335e+01,-9.034139420435e+01,-4.503450258271e+02,-2.381642608082e+03
2.408248038084e+02,-8.703312717829e+01,-8.998169797871e+01,-9.028091547003e+01,-9.033660801206e+01,-4.503402155862e+02,-2.207828585898e+03
2.440167201391e+02,-8.703226223417e+01,-8.997768056153e+01,-9.027629082151e+01,-9.033192097397e+01,-4.503355641456e+02,-2.216047405603e+03
2.472509424521e+02,-8.703140127558e+01,-8.997371509743e+01,-9.027172893418e+01,-9.032729082369e+01,-4.503309702525e+02,-2.374376293300e+03
2.505280314750e+02,-8.703054442582e+01,-8.996980146569e+01,-9.026723102878e+01,-9.032273102135e+01,-4.503264422344e+02,-2.385206593876e+03
2.538485553676e+02,-8.702969157884e+01,-8.996593803564e+01,-9.026279254695e+01,-9.031821292551e+01,-4.503219168548e+02,-2.294995948577e+03
2.572130898201e+02,-8.702884304658e+01,-8.996212552816e+01,-9.025841819815e+01,-9.031378019766e+01,-4.503175075190e+02,-2.388410115956e+03
2.606222181528e+02,-8.702799867234e+01,-8.995836195400e+01,-9.025410223550e+01,-9.030938805594e+01,-4.503131158248e+02,-2.534296226026e+03
2.640765314176e+02,-8.702715867283e+01,-8.995464755622e+01,-9.024984651324e+01,-9.030506616808e+01,-4.503088025147e+02,-2.539881113690e+03
2.675766285001e+02,-8.702632307458e+01,-8.995098192957e+01,-9.024565176481e+01,-9.030082180748e+01,-4.503045916685e+02,-2.383317841287e+03
2.711231162237e+02,-8.702549169950e+01,-8.994736298525e+01,-9.024150959407e+01,-9.029659002161e+01,-4.503003299882e+02,-2.563124734979e+03
2.747166094546e+02,-8.702466497661e+01,-8.994379213700e+01,-9.023743001697e+01,-9.029246281962e+01,-4.502962395976e+02,-2.715638195034e+03
2.783577312086e+02,-8.702384269746e+01,-8.994026731294e+01,-9.023340493512e+01,-9.028837949296e+01,-4.502921718822e+02,-2.654995948577e+03
2.820471127589e+02,-8.702302491862e+01,-8.993678834516e+01,-9.022943447990e+01,-9.028434370000e+01,-4.502881382741e+02,-2.570573553683e+03
2.857853937459e+02,-8.702221174713e+01,-8.993335468711e+01,-9.022551932019e+01,-9.028037291764e+01,-4.502841847389e+02,-2.571800208139e+03
2.895732222875e+02,-8.702140320137e+01,-8.992996574661e+01,-9.022165882264e+01,-9.027645121238e+01,-4.502802713297e+02,-2.558122918638e+03
2.934112550920e+02,-8.702059929355e+01,-8.992662093713e+01,-9.021785101634e+01,-9.027259396862e+01,-4.502764273492e+02,-2.496079703159e+03
2.973001575720e+02,-8.701980014158e+01,-8.992331979552e+01,-9.021409630689e+01,-9.026878747736e+01,-4.502726463609e+02,-2.389463107638e+03
3.012406039591e+02,-8.701900562138e+01,-8.992006120285e+01,-9.021039188963e+01,-9.026501978151e+01,-4.502688764820e+02,-2.566785859185e+03
3.052332774215e+02,-8.701821582104e+01,-8.991684469912e+01,-9.020673668379e+01,-9.026129593251e+01,-4.502651197142e+02,-2.563078279491e+03
3.092788701823e+02,-8.701743093308e+01,-8.991367110556e+01,-9.020313562414e+01,-9.025765147476e+01,-4.502615222812e+02,-2.562312173417e+03
3.133780836390e+02,-8.701665074166e+01,-8.991053806796e+01,-9.019958153039e+01,-9.025404209332e+01,-4.502578922587e+02,-2.562312173417e+03
3.175316284860e+02,-8.701587542746e+01,-8.990744583403e+01,-9.019607697300e+01,-9.025047997538e+01,-4.502543479382e+02,-2.565354042536e+03
3.217402248368e+02,-8.701510500949e+01,-8.990439452164e+01,-9.019262241128e+01,-9.024698868535e+01,-4.502508907529e+02,-2.569285101905e+03
3.260046023497e+02,-8.701433946318e+01,-8.990138288103e+01,-9.018921529236e+01,-9.024354402985e+01,-4.502474692770e+02,-2.731200695399e+03
3.303255003540e+02,-8.701357869473e+01,-8.989840972886e+01,-9.018585170221e+01,-9.024011649329e+01,-4.502440168480e+02,-2.561300728045e+03
3.347036679778e+02,-8.701282300833e+01,-8.989547618027e+01,-9.018253888059e+01,-9.023677651294e+01,-4.502407372050e+02,-2.388453365951e+03
3.391398642785e+02,-8.701207203072e+01,-8.989257955338e+01,-9.017926491486e+01,-9.023343178619e+01,-4.502373420834e+02,-2.556653854733e+03
3.436348583742e+02,-8.701132613182e+01,-8.988972158917e+01,-9.017603982706e+01,-9.023016196333e+01,-4.502340809361e+02,-2.563206037968e+03
3.481894295766e+02,-8.701058518353e+01,-8.988690053813e+01,-9.017285868853e+01,-9.022693738966e+01,-4.502308608053e+02,-2.570499645292e+03
3.528043675269e+02,-8.700984924155e+01,-8.988411691238e+01,-9.016972334702e+01,-9.022377756794e+01,-4.502277515550e+02,-2.744279788631e+03
3.574804723320e+02,-8.700911822208e+01,-8.988136907322e+01,-9.016662861172e+01,-9.022063546330e+01,-4.502246152911e+02,-2.738223788610e+03
3.622185547036e+02,-8.700839213651e+01,-8.987865639142e+01,-9.016357399141e+01,-9.021752036503e+01,-4.502214664942e+02,-2.563343643899e+03
3.670194360986e+02,-8.700767108965e+01,-8.987597967480e+01,-9.016056341046e+01,-9.021446994536e+01,-4.502184336668e+02,-2.571924998936e+03
3.718839488617e+02,-8.700695507801e+01,-8.987333778489e+01,-9.015759437277e+01,-9.021146251252e+01,-4.502154290162e+02,-2.568126193439e+03
3.768129363694e+02,-8.700624397215e+01,-8.987073000590e+01,-9.015466394950e+01,-9.020847551056e+01,-4.502124096574e+02,-2.567580462023e+03
3.818072531766e+02,-8.700553801894e+01,-8.986815665291e+01,-9.015177680369e+01,-9.020555861474e+01,-4.502095376802e+02,-2.576477939931e+03
3.868677651643e+02,-8.700483700631e+01,-8.986561683542e+01,-9.014892762761e+01,-9.020267423392e+01,-4.502066619737e+02,-2.620746915570e+03
3.919953496903e+02,-8.700414095917e+01,-8.986310968318e+01,-9.014611656000e+01,-9.019981894167e+01,-4.502038064949e+02,-2.570905907627e+03
3.971908957406e+02,-8.700345003346e+01,-8.986063576415e+01,-9.014334541017e+01,-9.019701970118e+01,-4.502010223553e+02,-2.407105396920e+03
4.024553040844e+02,-8.700276400395e+01,-8.985819342622e+01,-9.014060972250e+01,-9.019423006159e+01,-4.501982123439e+02,-2.565972486612e+03
4.077894874292e+02,-8.700208311105e+01,-8.985578379062e+01,-9.013791530049e+01,-9.019151690069e+01,-4.501955482822e+02,-2.394114790863e+03
4.131943705802e+02,-8.700140717152e+01,-8.985340487370e+01,-9.013525484979e+01,-9.018881581229e+01,-4.501928458680e+02,-2.383550088054e+03
4.186708905997e+02,-8.700073621897e+01,-8.985105695575e+01,-9.013263011939e+01,-9.018614916616e+01,-4.501901619498e+02,-2.339551804143e+03
4.242199969699e+02,-8.700007024373e+01,-8.984873976139e+01,-9.013004165197e+01,-9.018351977159e+01,-4.501875315272e+02,-2.171512973328e+03
4.298426517577e+02,-8.699940926045e+01,-8.984645273720e+01,-9.012748822069e+01,-9.018092321434e+01,-4.501849259593e+02,-2.210450362808e+03
4.355398297814e+02,-8.699875332326e+01,-8.984419533032e+01,-9.012496987618e+01,-9.017835979488e+01,-4.501823567296e+02,-2.206428044761e+03
4.413125187793e+02,-8.699810230494e+01,-8.984196747010e+01,-9.012248513552e+01,-9.017583763293e+01,-4.501798214257e+02,-2.201971973550e+03
4.471617195816e+02,-8.699745636010e+01,-8.983976904155e+01,-9.012003617860e+01,-9.017336437482e+01,-4.501773733834e+02,-2.205379619937e+03
4.530884462836e+02,-8.699681531290e+01,-8.983759899812e+01,-9.011761906549e+01,-9.017090515239e+01,-4.501749153805e+02,-2.203932965268e+03
4.590937264213e+02,-8.699617929610e+01,-8.983545783819e+01,-9.011523780517e+01,-9.016852008786e+01,-4.501725710284e+02,-2.029463107638e+03
4.651786011499e+02,-8.699554808775e+01,-8.983334318970e+01,-9.011288267851e+01,-9.016609634251e+01,-4.501700893073e+02,-2.205514235077e+03
4.713441254242e+02,-8.699492194840e+01,-8.983125745564e+01,-9.011056500679e+01,-9.016375738230e+01,-4.501677750567e+02,-2.193370734855e+03
4.775913681814e+02,-8.699430075723e+01,-8.982919877137e+01,-9.010827907034e+01,-9.016145663592e+01,-4.501655187784e+02,-2.022880872541e+03
4.839214125266e+02,-8.699368433000e+01,-8.982716652047e+01,-9.010602161537e+01,-9.015916316073e+01,-4.501632145964e+02,-1.976827828201e+03
4.903353559204e+02,-8.699307277437e+01,-8.982516003689e+01,-9.010379170901e+01,-9.015686491961e+01,-4.501608583267e+02,-1.844884042900e+03
4.968343103693e+02,-8.699246631817e+01,-8.982318124622e+01,-9.010160051715e+01,-9.015468162538e+01,-4.501587421177e+02,-1.666018978765e+03
5.034194026184e+02,-8.699186453348e+01,-8.982122691458e+01,-9.009943076666e+01,-9.015245249349e+01,-4.501564513752e+02,-1.843723965112e+03
5.100917743468e+02,-8.699126767956e+01,-8.981929879233e+01,-9.009729429312e+01,-9.015028836407e+01,-4.501543030237e+02,-1.846249093896e+03
5.168525823657e+02,-8.699067566204e+01,-8.981739564276e+01,-9.009518661043e+01,-9.014814445457e+01,-4.501521597795e+02,-1.842490855709e+03
5.237029988185e+02,-8.699008847662e+01,-8.981551768638e+01,-9.009310916013e+01,-9.014605440696e+01,-4.501500930021e+02,-1.833513957222e+03
5.306442113845e+02,-8.698950615448e+01,-8.981366426486e+01,-9.009105904584e+01,-9.014398807656e+01,-4.501480484316e+02,-1.667568053204e+03
5.376774234846e+02,-8.698892855562e+01,-8.981183452635e+01,-9.008903541738e+01,-9.014192520925e+01,-4.501459965605e+02,-1.614365265819e+03
5.448038544898e+02,-8.698835567909e+01,-8.981002870303e+01,-9.008703966130e+01,-9.013990041844e+01,-4.501439291217e+02,-1.490240822778e+03
5.520247399332e+02,-8.698778755688e+01,-8.980824620497e+01,-9.008506862532e+01,-9.013787382910e+01,-4.501418831837e+02,-1.478880445010e+03
5.593413317232e+02,-8.698722434866e+01,-8.980648815061e+01,-9.008313081670e+01,-9.013594420207e+01,-4.501400443462e+02,-1.308181976520e+03
5.667548983615e+02,-8.698666566312e+01,-8.980475198884e+01,-9.008121411740e+01,-9.013399465993e+01,-4.501380580362e+02,-1.296240176153e+03
5.742667251626e+02,-8.698611174714e+01,-8.980303850917e+01,-9.007932377801e+01,-9.013207959749e+01,-4.501361392252e+02,-1.309641027002e+03
5.818781144767e+02,-8.698556241788e+01,-8.980134721412e+01,-9.007745836068e+01,-9.013017064129e+01,-4.501342010167e+02,-1.468735743868e+03
5.895903859152e+02,-8.698501779443e+01,-8.979967800961e+01,-9.007561682423e+01,-9.012828344260e+01,-4.501322602728e+02,-1.478621368559e+03
5.974048765802e+02,-8.698447786669e+01,-8.979803143290e+01,-9.007380456104e+01,-9.012646404249e+01,-4.501305163093e+02,-1.482163311255e+03
6.053229412957e+02,-8.698394253688e+01,-8.979640590058e+01,-9.007201659054e+01,-9.012465759235e+01,-4.501287465796e+02,-1.648461110719e+03
6.133459528424e+02,-8.698341176314e+01,-8.979480144684e+01,-9.007024990258e+01,-9.012286592978e+01,-4.501269149133e+02,-1.574995948577e+03
6.214753021965e+02,-8.698288552534e+01,-8.979321757587e+01,-9.006850772819e+01,-9.012108158194e+01,-4.501251026675e+02,-1.479462686286e+03
6.297123987700e+02,-8.698236394187e+01,-8.979165514036e+01,-9.006679109351e+01,-9.011936704541e+01,-4.501234283679e+02,-1.657430627508e+03
6.380586706553e+02,-8.698184675385e+01,-8.979011238205e+01,-9.006509442745e+01,-9.011761438497e+01,-4.501216362524e+02,-1.483043439527e+03
6.465155648732e+02,-8.698133420523e+01,-8.978859058349e+01,-9.006342526018e+01,-9.011595885820e+01,-4.501200148775e+02,-1.311385265014e+03
6.550845476232e+02,-8.698082602761e+01,-8.978708806074e+01,-9.006177536760e+01,-9.011427613152e+01,-4.501183207781e+02,-1.309240587373e+03
6.637671045381e+02,-8.698032224973e+01,-8.978560443491e+01,-9.006014414641e+01,-9.011258302545e+01,-4.501165864726e+02,-1.483574378174e+03
6.725647409414e+02,-8.697982305760e+01,-8.978414159964e+01,-9.005854101307e+01,-9.011097699165e+01,-4.501150205475e+02,-1.437842985787e+03
6.814789821082e+02,-8.697932811488e+01,-8.978269650834e+01,-9.005695412823e+01,-9.010933753575e+01,-4.501133066844e+02,-1.481999607148e+03
6.905113735300e+02,-8.697883776306e+01,-8.978127193020e+01,-9.005539630449e+01,-9.010779013381e+01,-4.501118444853e+02,-1.646964800441e+03
6.996634811821e+02,-8.697835162263e+01,-8.977986476845e+01,-9.005385418727e+01,-9.010621970502e+01,-4.501102789074e+02,-1.647370462403e+03
7.089368917955e+02,-8.697786989643e+01,-8.977847677734e+01,-9.005233652247e+01,-9.010471338121e+01,-4.501088136688e+02,-1.659640123534e+03
7.183332131321e+02,-8.697739222023e+01,-8.977710452646e+01,-9.005082693464e+01,-9.010308468867e+01,-4.501069975923e+02,-1.485958248130e+03
7.278540742630e+02,-8.697691915829e+01,-8.977575273934e+01,-9.004935191611e+01,-9.010162653975e+01,-4.501056336125e+02,-1.484995948577e+03
7.375011258512e+02,-8.697645033216e+01,-8.977441874954e+01,-9.004789554505e+01,-9.010018402705e+01,-4.501042445966e+02,-1.307344654312e+03
7.472760404377e+02,-8.697598561015e+01,-8.977310119863e+01,-9.004645548553e+01,-9.009872202405e+01,-4.501027770262e+02,-1.301642608082e+03
7.571805127319e+02,-8.697552509408e+01,-8.977180031099e+01,-9.004503180311e+01,-9.009724227686e+01,-4.501012259412e+02,-1.476224560701e+03
7.672162599045e+02,-8.697506882689e+01,-8.977051730126e+01,-9.004363095573e+01,-9.009584021721e+01,-4.500998452534e+02,-1.484548334406e+03
7.773850218862e+02,-8.697461673944e+01,-8.976925139949e+01,-9.004225163549e+01,-9.009446897751e+01,-4.500985582642e+02,-1.659503624019e+03
7.876885616687e+02,-8.697416870662e+01,-8.976800057581e+01,-9.004088359742e+01,-9.009303962991e+01,-4.500970574260e+02,-1.494530842981e+03
7.981286656106e+02,-8.697372479064e+01,-8.976676700372e+01,-9.003953750437e+01,-9.009166828214e+01,-4.500956635977e+02,-1.479766927735e+03
8.087071437471e+02,-8.697328503106e+01,-8.976554988324e+01,-9.003821253712e+01,-9.009035066678e+01,-4.500944061379e+02,-1.316585370441e+03
8.194258301038e+02,-8.697284920232e+01,-8.976434764373e+01,-9.003689947831e+01,-9.008899073917e+01,-4.500929932916e+02,-1.473370734855e+03
8.302865830146e+02,-8.697241750116e+01,-8.976316170275e+01,-9.003560648406e+01,-9.008767994878e+01,-4.500916474693e+02,-1.475928119070e+03
8.412912854440e+02,-8.697198987991e+01,-8.976199202512e+01,-9.003433780764e+01,-9.008643580368e+01,-4.500904912974e+02,-1.306808218240e+03
8.524418453136e+02,-8.697156603196e+01,-8.976083597780e+01,-9.003307450513e+01,-9.008510203199e+01,-4.500890952825e+02,-1.129382206445e+03
8.637401958325e+02,-8.697114620092e+01,-8.975969576985e+01,-9.003183262826e+01,-9.008383527926e+01,-4.500878271003e+02,-1.117179424371e+03
8.751882958331e+02,-8.697073030404e+01,-8.975857026266e+01,-9.003060748755e+01,-9.008256553480e+01,-4.500865175812e+02,-1.129724722918e+03
8.867881301100e+02,-8.697031829607e+01,-8.975745933737e+01,-9.002939633648e+01,-9.008132529333e+01,-4.500852105360e+02,-1.126886831132e+03
8.985417097649e+02,-8.696991025883e+01,-8.975636431629e+01,-9.002821054753e+01,-9.008017195196e+01,-4.500841710407e+02,-1.125443562747e+03
9.104510725544e+02,-8.696950605683e+01,-8.975528284817e+01,-9.002703670665e+01,-9.007899804005e+01,-4.500830160732e+02,-9.458911222868e+02
9.225182832441e+02,-8.696910548536e+01,-8.975421443502e+01,-9.002587194243e+01,-9.007775831598e+01,-4.500817175031e+02,-1.115446543430e+03
9.347454339659e+02,-8.696870895374e+01,-8.975316164279e+01,-9.002473341194e+01,-9.007665411232e+01,-4.500807204533e+02,-1.292778970001e+03
9.471346445812e+02,-8.696831598195e+01,-8.975212151390e+01,-9.002360143068e+01,-9.007548929574e+01,-4.500794810436e+02,-1.152272711960e+03
9.596880630483e+02,-8.696792686381e+01,-8.975109543729e+01,-9.002248819676e+01,-9.007437951638e+01,-4.500784082251e+02,-1.287235036652e+03
9.724078657947e+02,-8.696754137756e+01,-8.975008228643e+01,-9.002138954825e+01,-9.007324356551e+01,-4.500772582114e+02,-1.290120266575e+03
9.852962580945e+02,-8.696715958423e+01,-8.974908202611e+01,-9.002030205563e+01,-9.007209853496e+01,-4.500760630792e+02,-1.135981055976e+03
9.983554744506e+02,-8.696678156553e+01,-8.974809648486e+01,-9.001923772268e+01,-9.007107673079e+01,-4.500751285907e+02,-1.308042507711e+03
1.011587778982e+03,-8.696640713956e+01,-8.974712280192e+01,-9.001818311322e+01,-9.007002753818e+01,-4.500740983003e+02,-1.306079538882e+03
1.024995465818e+03,-8.696603610314e+01,-8.974616071531e+01,-9.001713626713e+01,-9.006889399753e+01,-4.500728418211e+02,-1.126407397944e+03
1.038580859493e+03,-8.696566880964e+01,-8.974521262871e+01,-9.001611042862e+01,-9.006787057754e+01,-4.500718578022e+02,-1.138186559289e+03
1.052346315350e+03,-8.696530502509e+01,-8.974427607839e+01,-9.001509366949e+01,-9.006680620931e+01,-4.500707409711e+02,-1.126428044761e+03
1.066294219953e+03,-8.696494485424e+01,-8.974335263450e+01,-9.001409767492e+01,-9.006583000413e+01,-4.500698079284e+02,-1.111805337864e+03
1.080426991496e+03,-8.696458819072e+01,-8.974244179633e+01,-9.001311546611e+01,-9.006487008402e+01,-4.500689498766e+02,-9.427164049182e+02
1.094747080224e+03,-8.696423481194e+01,-8.974154101194e+01,-9.001213580903e+01,-9.006381016461e+01,-4.500677625923e+02,-7.698188566330e+02
1.109256968857e+03,-8.696388498664e+01,-8.974065272333e+01,-9.001117519567e+01,-9.006284601755e+01,-4.500667864466e+02,-7.609739583996e+02
1.123959173023e+03,-8.696353862802e+01,-8.973977628494e+01,-9.001022965954e+01,-9.006189039702e+01,-4.500658750703e+02,-7.605287895152e+02
1.138856241692e+03,-8.696319555969e+01,-8.973891081487e+01,-9.000929216549e+01,-9.006091229297e+01,-4.500648259219e+02,-7.664876890120e+02
1.153950757617e+03,-8.696285596797e+01,-8.973805797126e+01,-9.000837518456e+01,-9.006002187464e+01,-4.500640574080e+02,-9.338008371503e+02
1.169245337785e+03,-8.696251959664e+01,-8.973721477473e+01,-9.000745969886e+01,-9.005906070772e+01,-4.500630444350e+02,-7.750741359372e+02
1.184742633866e+03,-8.696218664558e+01,-8.973638356172e+01,-9.000656565763e+01,-9.005817392719e+01,-4.500621764816e+02,-8.794092802816e+02
1.200445332679e+03,-8.696185683728e+01,-8.973556179258e+01,-9.000567257229e+01,-9.005720291191e+01,-4.500610657958e+02,-7.662959644850e+02
1.216356156651e+03,-8.696153041132e+01,-8.973475239904e+01,-9.000480167017e+01,-9.005634124935e+01,-4.500602578581e+02,-7.609244701750e+02
1.232477864295e+03,-8.696120714998e+01,-8.973395243833e+01,-9.000393843286e+01,-9.005545290529e+01,-4.500593106860e+02,-7.652694940566e+02
1.248813250684e+03,-8.696088711090e+01,-8.973316364484e+01,-9.000308782487e+01,-9.005458723055e+01,-4.500584784145e+02,-7.659806228337e+02
1.265365147939e+03,-8.696057043953e+01,-8.973238595363e+01,-9.000225371296e+01,-9.005380719776e+01,-4.500578182500e+02,-9.400841604041e+02
1.282136425715e+03,-8.696025663565e+01,-8.973161667981e+01,-9.000142116390e+01,-9.005289112767e+01,-4.500568303374e+02,-7.633280058714e+02
1.299129991705e+03,-8.695994605531e+01,-8.973085812180e+01,-9.000060324274e+01,-9.005205829811e+01,-4.500559967886e+02,-7.722811764045e+02
1.316348792139e+03,-8.695963862088e+01,-8.973010964119e+01,-8.999979722768e+01,-9.005124311694e+01,-4.500551467528e+02,-7.603619875169e+02
1.333795812297e+03,-8.695933417347e+01,-8.972937012025e+01,-8.999899582062e+01,-9.005037970166e+01,-4.500541543198e+02,-7.631017004882e+02
1.351474077026e+03,-8.695903296858e+01,-8.972864199864e+01,-8.999821824069e+01,-9.004965787866e+01,-4.500535819531e+02,-7.743130346457e+02
1.369386651266e+03,-8.695873472900e+01,-8.972792287853e+01,-8.999744620363e+01,-9.004889288694e+01,-4.500528583632e+02,-5.986101313214e+02
1.387536640579e+03,-8.695843934152e+01,-8.972721171269e+01,-8.999667550735e+01,-9.004805932247e+01,-4.500519596631e+02,-7.653596376049e+02
1.405927191687e+03,-8.695814706511e+01,-8.972651084199e+01,-8.999592311342e+01,-9.004728143547e+01,-4.500511535352e+02,-7.660999493454e+02
1.424561493022e+03,-8.695785769878e+01,-8.972581922555e+01,-8.999517897530e+01,-9.004654307529e+01,-4.500504032938e+02,-7.628707132086e+02
1.443442775273e+03,-8.695757129916e+01,-8.972513652805e+01,-8.999444614297e+01,-9.004580114457e+01,-4.500496838795e+02,-7.753451035101e+02
1.462574311950e+03,-8.695728776103e+01,-8.972446281519e+01,-8.999372243449e+01,-9.004507462592e+01,-4.500490485655e+02,-7.538213505244e+02
1.481959419952e+03,-8.695700706910e+01,-8.972379759707e+01,-8.999300424463e+01,-9.004431704787e+01,-4.500481784213e+02,-7.674563631152e+02
1.501601460137e+03,-8.695672935556e+01,-8.972314172290e+01,-8.999230419975e+01,-9.004364031904e+01,-4.500475859122e+02,-7.599360797303e+02
1.521503837912e+03,-8.695645451267e+01,-8.972249503373e+01,-8.999161465385e+01,-9.004301205007e+01,-4.500470889571e+02,-5.855288180664e+02
1.541670003817e+03,-8.695618221064e+01,-8.972185466740e+01,-8.999092038691e+01,-9.004221787330e+01,-4.500461041891e+02,-7.650456844838e+02
1.562103454126e+03,-8.695591292047e+01,-8.972122443822e+01,-8.999024839959e+01,-9.004158321675e+01,-4.500455868655e+02,-9.435313187714e+02
1.582807731454e+03,-8.695564610657e+01,-8.972059998529e+01,-8.998956994551e+01,-9.004076407697e+01,-4.500445344008e+02,-7.652120415480e+02
1.603786425370e+03,-8.695538239344e+01,-8.971998739067e+01,-8.998892017120e+01,-9.004023568185e+01,-4.500441750570e+02,-9.386179677717e+02
1.625043173019e+03,-8.695512115231e+01,-8.971937999073e+01,-8.998826623209e+01,-9.003952821216e+01,-4.500434404260e+02,-7.607513097805e+02
1.646581659753e+03,-8.695486273597e+01,-8.971878224137e+01,-8.998762707452e+01,-9.003891190884e+01,-4.500429066022e+02,-5.824717087842e+02
1.668405619772e+03,-8.695460689341e+01,-8.971819146949e+01,-8.998699499873e+01,-9.003826976132e+01,-4.500422960745e+02,-5.803064041992e+02
1.690518836765e+03,-8.695435364314e+01,-8.971760812321e+01,-8.998636728111e+01,-9.003761323081e+01,-4.500415563826e+02,-6.112017832721e+02
1.712925144576e+03,-8.695410289028e+01,-8.971703103460e+01,-8.998573868828e+01,-9.003682303395e+01,-4.500405205729e+02,-7.662979012492e+02
1.735628427859e+03,-8.695385507937e+01,-8.971646514416e+01,-8.998514347251e+01,-9.003639109886e+01,-4.500403625791e+02,-9.395392940563e+02
1.758632622756e+03,-8.695360963628e+01,-8.971590416144e+01,-8.998454043127e+01,-9.003571898097e+01,-4.500396382135e+02,-9.189705591122e+02
1.781941717582e+03,-8.695336680319e+01,-8.971535177634e+01,-8.998395276244e+01,-9.003516734079e+01,-4.500391097396e+02,-9.466029015902e+02
1.805559753511e+03,-8.695312638527e+01,-8.971480472613e+01,-8.998336214923e+01,-9.003448571414e+01,-4.500383481184e+02,-1.117403137735e+03
1.829490825278e+03,-8.695288841083e+01,-8.971426469787e+01,-8.998277797105e+01,-9.003380818806e+01,-4.500375097292e+02,-1.126890662430e+03
1.853739081894e+03,-8.695265306292e+01,-8.971373351175e+01,-8.998221101710e+01,-9.003328994282e+01,-4.500370118578e+02,-1.121348278741e+03
1.878308727358e+03,-8.695242023984e+01,-8.971320991557e+01,-8.998165744810e+01,-9.003279745402e+01,-4.500366956058e+02,-1.147105396920e+03
1.903204021390e+03,-8.695218978863e+01,-8.971269200571e+01,-8.998110365654e+01,-9.003225009390e+01,-4.500361938390e+02,-1.322919101040e+03
1.928429280170e+03,-8.695196171856e+01,-8.971218083914e+01,-8.998055856898e+01,-9.003169036911e+01,-4.500356624020e+02,-1.275341534225e+03
1.953988877083e+03,-8.695173599134e+01,-8.971167626048e+01,-8.998001864152e+01,-9.003112748762e+01,-4.500349987593e+02,-1.310928050622e+03
1.979887243482e+03,-8.695151266680e+01,-8.971117829563e+01,-8.997948379905e+01,-9.003057474700e+01,-4.500343843867e+02,-1.479492251861e+03
2.006128869451e+03,-8.695129163259e+01,-8.971068647477e+01,-8.997895692126e+01,-9.003001214146e+01,-4.500338113979e+02,-1.498307731862e+03
2.032718304587e+03,-8.695107296256e+01,-8.971020153430e+01,-8.997843787452e+01,-9.002947166612e+01,-4.500331988058e+02,-1.486070118575e+03
2.059660158788e+03,-8.695085669299e+01,-8.970972388694e+01,-8.997793092918e+01,-9.002903888976e+01,-4.500329721953e+02,-1.659798636862e+03
2.086959103052e+03,-8.695064250661e+01,-8.970925038821e+01,-8.997742052455e+01,-9.002840706298e+01,-4.500322095919e+02,-1.487169076130e+03
2.114619870288e+03,-8.695043073341e+01,-8.970878436454e+01,-8.997692521443e+01,-9.002794515820e+01,-4.500317501578e+02,-1.482461071847e+03
2.142647256133e+03,-8.695022119743e+01,-8.970832434867e+01,-8.997643124839e+01,-9.002739866536e+01,-4.500311825924e+02,-1.492385252636e+03
2.171046119787e+03,-8.695001382018e+01,-8.970787043672e+01,-8.997594862665e+01,-9.002693074290e+01,-4.500307848411e+02,-1.497148010965e+03
2.199821384855e+03,-8.694980867413e+01,-8.970742281515e+01,-8.997547589920e+01,-9.002649337792e+01,-4.500303975233e+02,-1.490129832477e+03
2.228978040200e+03,-8.694960565934e+01,-8.970698023156e+01,-8.997500059500e+01,-9.002598652963e+01,-4.500298468877e+02,-1.574995948577e+03
2.258521140806e+03,-8.694940486457e+01,-8.970654433253e+01,-8.997453649530e+01,-9.002552955898e+01,-4.500294836968e+02,-1.654052324858e+03
2.288455808659e+03,-8.694920608240e+01,-8.970611257397e+01,-8.997407083274e+01,-9.002505036746e+01,-4.500287741134e+02,-1.484100774866e+03
2.318787233630e+03,-8.694900955865e+01,-8.970568805600e+01,-8.997362065217e+01,-9.002458201812e+01,-4.500284533202e+02,-1.489907736749e+03
2.349520674378e+03,-8.694881506575e+01,-8.970526867566e+01,-8.997317592016e+01,-9.002415035557e+01,-4.500280596349e+02,-1.664369300976e+03
2.380661459262e+03,-8.694862259643e+01,-8.970485327992e+01,-8.997272823613e+01,-9.002360345492e+01,-4.500273988748e+02,-1.840918284573e+03
2.412214987261e+03,-8.694843227214e+01,-8.970444500492e+01,-8.997229393482e+01,-9.002320795316e+01,-4.500270503518e+02,-1.822535186601e+03
2.444186728915e+03,-8.694824406858e+01,-8.970404338986e+01,-8.997187537145e+01,-9.002290165382e+01,-4.500269657776e+02,-1.663250757707e+03
2.476582227269e+03,-8.694805765958e+01,-8.970364384320e+01,-8.997144240152e+01,-9.002237478277e+01,-4.500262069708e+02,-1.839995303979e+03
2.509407098838e+03,-8.694787334036e+01,-8.970325117311e+01,-8.997102409054e+01,-9.002193701855e+01,-4.500258151064e+02,-1.858715789668e+03
2.542667034578e+03,-8.694769118992e+01,-8.970286533374e+01,-8.997062551752e+01,-9.002171995230e+01,-4.500258711379e+02,-2.023814111001e+03
2.576367800874e+03,-8.694751069654e+01,-8.970248157441e+01,-8.997020937323e+01,-9.002118932723e+01,-4.500251296553e+02,-2.032000732636e+03
2.610515240538e+03,-8.694733205387e+01,-8.970210097261e+01,-8.996978873946e+01,-9.002049358775e+01,-4.500239746381e+02,-2.202427228214e+03
2.645115273825e+03,-8.694715564268e+01,-8.970172929822e+01,-8.996940103309e+01,-9.002020834692e+01,-4.500239754645e+02,-2.203373747793e+03
2.680173899455e+03,-8.694698098982e+01,-8.970136115583e+01,-8.996900774193e+01,-9.001980610322e+01,-4.500234206376e+02,-2.206641170066e+03
2.715697195659e+03,-8.694680843639e+01,-8.970100029998e+01,-8.996863240883e+01,-9.001956007266e+01,-4.500235383388e+02,-2.374917761216e+03
2.751691321228e+03,-8.694663740164e+01,-8.970064045994e+01,-8.996823917632e+01,-9.001903860653e+01,-4.500227173090e+02,-2.211900491634e+03
2.788162516580e+03,-8.694646841910e+01,-8.970028631029e+01,-8.996786142071e+01,-9.001861590887e+01,-4.500222571253e+02,-2.204846741155e+03
2.825117104848e+03,-8.694630126231e+01,-8.969993830502e+01,-8.996749691014e+01,-9.001834242920e+01,-4.500221713747e+02,-2.204156714955e+03
2.862561492971e+03,-8.694613581342e+01,-8.969959308691e+01,-8.996712699929e+01,-9.001789408442e+01,-4.500215551103e+02,-2.206545036206e+03
2.900502172804e+03,-8.694597223753e+01,-8.969925328760e+01,-8.996676359779e+01,-9.001751023382e+01,-4.500211509462e+02,-2.209976089970e+03
2.938945722249e+03,-8.694581046288e+01,-8.969891805946e+01,-8.996641167001e+01,-9.001718411307e+01,-4.500209315746e+02,-2.204198671077e+03
2.977898806390e+03,-8.694565048199e+01,-8.969858833288e+01,-8.996606583371e+01,-9.001693121009e+01,-4.500209427666e+02,-2.035399241305e+03
3.017368178652e+03,-8.694549205770e+01,-8.969825998593e+01,-8.996571101938e+01,-9.001644984562e+01,-4.500201270521e+02,-2.213832906986e+03
3.057360681970e+03,-8.694533548933e+01,-8.969793733824e+01,-8.996536583817e+01,-9.001609578346e+01,-4.500198106924e+02,-2.204427829959e+03
3.097883249976e+03,-8.694518066917e+01,-8.969761905758e+01,-8.996502992950e+01,-9.001573127659e+01,-4.500193847873e+02,-2.207530825306e+03
3.138942908201e+03,-8.694502751212e+01,-8.969730613917e+01,-8.996470391187e+01,-9.001553330463e+01,-4.500193628578e+02,-2.032026501955e+03
3.180546775293e+03,-8.694487606058e+01,-8.969699643659e+01,-8.996437611658e+01,-9.001519398413e+01,-4.500191529541e+02,-2.026271464163e+03
3.222702064251e+03,-8.694472617949e+01,-8.969669101763e+01,-8.996405447073e+01,-9.001495187606e+01,-4.500190066941e+02,-2.022982473081e+03
3.265416083676e+03,-8.694457782041e+01,-8.969638713319e+01,-8.996372112544e+01,-9.001443724305e+01,-4.500181793641e+02,-1.846897648869e+03
3.308696239040e+03,-8.694443128006e+01,-8.969608943322e+01,-8.996340507053e+01,-9.001411124190e+01,-4.500178678389e+02,-1.841620304005e+03
3.352550033964e+03,-8.694428615342e+01,-8.969579384970e+01,-8.996308314220e+01,-9.001364295022e+01,-4.500170943637e+02,-1.842926591176e+03
3.396985071526e+03,-8.694414292119e+01,-8.969550512012e+01,-8.996278910433e+01,-9.001352510234e+01,-4.500172004837e+02,-1.829937493826e+03
3.442009055575e+03,-8.694400103219e+01,-8.969521794327e+01,-8.996248057597e+01,-9.001313826146e+01,-4.500168604290e+02,-1.851589477107e+03
3.487629792066e+03,-8.694386077174e+01,-8.969493539773e+01,-8.996218332536e+01,-9.001289311005e+01,-4.500166928813e+02,-1.847540132483e+03
3.533855190418e+03,-8.694372209528e+01,-8.969465745768e+01,-8.996189122314e+01,-9.001262845267e+01,-4.500164754682e+02,-1.672267829787e+03
3.580693264879e+03,-8.694358487715e+01,-8.969438129227e+01,-8.996159249029e+01,-9.001224115712e+01,-4.500160428274e+02,-1.845189239713e+03
3.628152135921e+03,-8.694344925078e+01,-8.969411071110e+01,-8.996131251309e+01,-9.001208841029e+01,-4.500160514433e+02,-2.017889296995e+03
3.676240031644e+03,-8.694331499293e+01,-8.969384159325e+01,-8.996102473957e+01,-9.001172004309e+01,-4.500155374442e+02,-1.847940207518e+03
3.724965289206e+03,-8.694318221770e+01,-8.969357610512e+01,-8.996073371837e+01,-9.001129761810e+01,-4.500149019921e+02,-1.844814102231e+03
3.774336356264e+03,-8.694305112854e+01,-8.969331707149e+01,-8.996047475734e+01,-9.001125263602e+01,-4.500152340186e+02,-1.671861099582e+03
3.824361792444e+03,-8.694292140338e+01,-8.969305970766e+01,-8.996020387206e+01,-9.001106184779e+01,-4.500152208010e+02,-1.661801113328e+03
3.875050270819e+03,-8.694279295807e+01,-8.969280407654e+01,-8.995992575013e+01,-9.001059871089e+01,-4.500144932330e+02,-1.509681135508e+03
3.926410579418e+03,-8.694266599645e+01,-8.969255209500e+01,-8.995965650259e+01,-9.001030295823e+01,-4.500140214677e+02,-1.473218722365e+03
3.978451622747e+03,-8.694254036706e+01,-8.969230318357e+01,-8.995938644911e+01,-9.000988680612e+01,-4.500133744948e+02,-1.487779622207e+03
4.031182423333e+03,-8.694241618727e+01,-8.969205787455e+01,-8.995912242724e+01,-9.000958711003e+01,-4.500129868619e+02,-1.480608245889e+03
4.084612123289e+03,-8.694229356143e+01,-8.969181738486e+01,-8.995887483976e+01,-9.000943952444e+01,-4.500130842643e+02,-1.476601427451e+03
4.138749985897e+03,-8.694217233535e+01,-8.969158132815e+01,-8.995863826613e+01,-9.000944092704e+01,-4.500136025438e+02,-1.305851635337e+03
4.193605397216e+03,-8.694205234028e+01,-8.969134683872e+01,-8.995839334122e+01,-9.000923732069e+01,-4.500133664257e+02,-1.305191782998e+03
4.249187867711e+03,-8.694193347257e+01,-8.969111208794e+01,-8.995813043015e+01,-9.000875480071e+01,-4.500125243448e+02,-1.477125385114e+03
4.305507033898e+03,-8.694181614809e+01,-8.969088454356e+01,-8.995789696475e+01,-9.000863713765e+01,-4.500126151192e+02,-1.303094248284e+03
4.362572660014e+03,-8.694169999714e+01,-8.969065740488e+01,-8.995764877037e+01,-9.000823698378e+01,-4.500119682228e+02,-1.460410928516e+03
4.420394639716e+03,-8.694158526379e+01,-8.969043438370e+01,-8.995741579381e+01,-9.000804302173e+01,-4.500118285954e+02,-1.492737143139e+03
4.478982997792e+03,-8.694147176935e+01,-8.969021432708e+01,-8.995718309319e+01,-9.000779663114e+01,-4.500116349634e+02,-1.320946271028e+03
4.538347891896e+03,-8.694135963294e+01,-8.968999809561e+01,-8.995695906020e+01,-9.000764821707e+01,-4.500116025691e+02,-1.305285036157e+03
4.598499614318e+03,-8.694124868161e+01,-8.968978372305e+01,-8.995673193615e+01,-9.000745028293e+01,-4.500115869551e+02,-1.299283772617e+03
4.659448593758e+03,-8.694113885676e+01,-8.968957125259e+01,-8.995650446505e+01,-9.000712219904e+01,-4.500109519468e+02,-1.394995948577e+03
4.721205397141e+03,-8.694103033106e+01,-8.968936190919e+01,-8.995627981401e+01,-9.000685383358e+01,-4.500104966474e+02,-1.478754034229e+03
4.783780731450e+03,-8.694092301948e+01,-8.968915517609e+01,-8.995605437414e+01,-9.000652521808e+01,-4.500099835581e+02,-1.482249367654e+03
4.847185445574e+03,-8.694081699342e+01,-8.968895194197e+01,-8.995584161771e+01,-9.000636023464e+01,-4.500099868070e+02,-1.480740180664e+03
4.911430532198e+03,-8.694071201816e+01,-8.968875008499e+01,-8.995562208395e+01,-9.000596100690e+01,-4.500092454054e+02,-1.484117556718e+03
4.976527129705e+03,-8.694060828108e+01,-8.968855178475e+01,-8.995540755788e+01,-9.000574444121e+01,-4.500089401656e+02,-1.487028051805e+03
5.042486524105e+03,-8.694050586680e+01,-8.968835781620e+01,-8.995521482754e+01,-9.000572218655e+01,-4.500094013266e+02,-1.492953642407e+03
5.109320150997e+03,-8.694040452103e+01,-8.968816494969e+01,-8.995501606923e+01,-9.000557283140e+01,-4.500095802389e+02,-1.365766193497e+03
5.177039597545e+03,-8.694030420287e+01,-8.968797382862e+01,-8.995480889614e+01,-9.000530116499e+01,-4.500088801711e+02,-1.481561507274e+03
5.245656604494e+03,-8.694020502809e+01,-8.968778545073e+01,-8.995460312491e+01,-9.000499605168e+01,-4.500083032244e+02,-1.485697868144e+03
5.315183068200e+03,-8.694010709353e+01,-8.968760062661e+01,-8.995441434151e+01,-9.000491196694e+01,-4.500085704780e+02,-1.472390146379e+03
5.385631042695e+03,-8.694001014407e+01,-8.968741635694e+01,-8.995420987175e+01,-9.000451758156e+01,-4.500077882388e+02,-1.482112148623e+03
5.457012741776e+03,-8.693991445091e+01,-8.968723730819e+01,-8.995403618004e+01,-9.000458562124e+01,-4.500083552024e+02,-1.484548334406e+03
5.529340541123e+03,-8.693981978998e+01,-8.968705972639e+01,-8.995385162939e+01,-9.000447524232e+01,-4.500084839620e+02,-1.314917368210e+03
5.602626980445e+03,-8.693972614636e+01,-8.968688338795e+01,-8.995366154303e+01,-9.000423777063e+01,-4.500081596559e+02,-1.319806279251e+03
5.676884765653e+03,-8.693963346877e+01,-8.968670799290e+01,-8.995346889848e+01,-9.000387926480e+01,-4.500073378186e+02,-1.484324544394e+03
5.752126771065e+03,-8.693954204756e+01,-8.968653878192e+01,-8.995330302560e+01,-9.000398031899e+01,-4.500080278150e+02,-1.656033378642e+03
5.828366041633e+03,-8.693945156557e+01,-8.968637031194e+01,-8.995312987758e+01,-9.000384196982e+01,-4.500079585735e+02,-1.670726995969e+03
5.905615795212e+03,-8.693936204975e+01,-8.968620114188e+01,-8.995294090891e+01,-9.000345399858e+01,-4.500073259003e+02,-1.754995948577e+03
5.983889424846e+03,-8.693927350724e+01,-8.968603573549e+01,-8.995275511102e+01,-9.000312441474e+01,-4.500065373879e+02,-1.837617650274e+03
6.063200501092e+03,-8.693918611670e+01,-8.968587419245e+01,-8.995259497491e+01,-9.000308749224e+01,-4.500070882179e+02,-1.669129278694e+03
6.143562774371e+03,-8.693909968968e+01,-8.968571389240e+01,-8.995242828720e+01,-9.000296058829e+01,-4.500068782735e+02,-1.675777675282e+03
6.224990177357e+03,-8.693901422056e+01,-8.968555581340e+01,-8.995226420661e+01,-9.000282483584e+01,-4.500068312775e+02,-1.666050941343e+03
6.307496827385e+03,-8.693892982856e+01,-8.968540046789e+01,-8.995210661852e+01,-9.000279384878e+01,-4.500071087827e+02,-1.665001838357e+03
6.391097028906e+03,-8.693884621409e+01,-8.968524482563e+01,-8.995193453198e+01,-9.000246622191e+01,-4.500064317808e+02,-1.660512105854e+03
6.475805275961e+03,-8.693876360541e+01,-8.968509274324e+01,-8.995177032274e+01,-9.000227123752e+01,-4.500061288604e+02,-1.656634895025e+03
6.561636254699e+03,-8.693868192503e+01,-8.968494084249e+01,-8.995160586153e+01,-9.000204248762e+01,-4.500055344977e+02,-1.487772766964e+03
6.648604845918e+03,-8.693860115927e+01,-8.968479225598e+01,-8.995144437546e+01,-9.000179492377e+01,-4.500053206599e+02,-1.480528789515e+03
6.736726127650e+03,-8.693852149486e+01,-8.968464867127e+01,-8.995131276777e+01,-9.000194931968e+01,-4.500062625449e+02,-1.305438900287e+03
6.826015377772e+03,-8.693844257124e+01,-8.968450250450e+01,-8.995114798351e+01,-9.000165019798e+01,-4.500053843853e+02,-1.300584407187e+03
6.916488076654e+03,-8.693836444378e+01,-8.968435714720e+01,-8.995097565418e+01,-9.000108073621e+01,-4.500041808247e+02,-1.123593102158e+03
7.008159909847e+03,-8.693828758641e+01,-8.968422080652e+01,-8.995086174139e+01,-9.000151301681e+01,-4.500056841125e+02,-9.475029029751e+02
7.101046770797e+03,-8.693821119796e+01,-8.968407915462e+01,-8.995069484913e+01,-9.000098336994e+01,-4.500042595081e+02,-7.695995877715e+02
7.195164763607e+03,-8.693813585515e+01,-8.968394183000e+01,-8.995054385233e+01,-9.000083110231e+01,-4.500041150810e+02,-7.599688225745e+02
7.290530205822e+03,-8.693806152737e+01,-8.968380830596e+01,-8.995041672755e+01,-9.000087741594e+01,-4.500046844901e+02,-6.016849256698e+02
7.387159631263e+03,-8.693798785027e+01,-8.968367349545e+01,-8.995026922438e+01,-9.000061616191e+01,-4.500042103896e+02,-7.668257856814e+02
7.485069792891e+03,-8.693791491072e+01,-8.968353980474e+01,-8.995011346102e+01,-9.000018993903e+01,-4.500029630836e+02,-7.646602349604e+02
7.584277665714e+03,-8.693784309472e+01,-8.968341165819e+01,-8.994999527800e+01,-9.000033506173e+01,-4.500039839891e+02,-7.659974036644e+02
7.684800449727e+03,-8.693777201498e+01,-8.968328246966e+01,-8.994985097247e+01,-9.000010178513e+01,-4.500033749379e+02,-7.637325501705e+02
7.786655572896e+03,-8.693770169785e+01,-8.968315603815e+01,-8.994971217976e+01,-8.999995564055e+01,-4.500031912859e+02,-7.616147281454e+02
7.889860694180e+03,-8.693763220701e+01,-8.968303148336e+01,-8.994958574815e+01,-8.999987678007e+01,-4.500030719977e+02,-7.669907959132e+02
7.994433706590e+03,-8.693756370352e+01,-8.968290944296e+01,-8.994947794566e+01,-9.000009782809e+01,-4.500040707233e+02,-9.426066193462e+02
8.100392740293e+03,-8.693749584161e+01,-8.968278921194e+01,-8.994935595521e+01,-9.000012009911e+01,-4.500043944351e+02,-9.466709500323e+02
8.207756165756e+03,-8.693742861392e+01,-8.968266694402e+01,-8.994920741872e+01,-8.999957855284e+01,-4.500030363735e+02,-1.126442423574e+03
8.316542596929e+03,-8.693736236653e+01,-8.968254998329e+01,-8.994909891930e+01,-8.999975126077e+01,-4.500038254561e+02,-1.299204642723e+03
8.426770894475e+03,-8.693729673112e+01,-8.968243242168e+01,-8.994896723785e+01,-8.999943559848e+01,-4.500035173511e+02,-1.271603888976e+03
8.538460169036e+03,-8.693723192793e+01,-8.968231605602e+01,-8.994884489466e+01,-8.999927723286e+01,-4.500030537523e+02,-1.307958808970e+03
8.651629784550e+03,-8.693716786387e+01,-8.968220167495e+01,-8.994872162810e+01,-8.999914195850e+01,-4.500029188806e+02,-1.138838937561e+03
8.766299361605e+03,-8.693710436847e+01,-8.968208670640e+01,-8.994858373600e+01,-8.999858776497e+01,-4.500017010424e+02,-1.123944618156e+03
8.882488780843e+03,-8.693704206146e+01,-8.968198149947e+01,-8.994850983385e+01,-8.999928027262e+01,-4.500039577121e+02,-9.482062281539e+02
9.000218186407e+03,-8.693697996671e+01,-8.968186662638e+01,-8.994835487066e+01,-8.999856257379e+01,-4.500018833326e+02,-1.128010889697e+03
9.119507989431e+03,-8.693691884839e+01,-8.968175979359e+01,-8.994825367255e+01,-8.999842017115e+01,-4.500019127397e+02,-1.128354358269e+03
9.240378871581e+03,-8.693685847580e+01,-8.968165437172e+01,-8.994814997936e+01,-8.999862027030e+01,-4.500026485830e+02,-1.301464204517e+03
9.362851788640e+03,-8.693679874159e+01,-8.968154958622e+01,-8.994804459430e+01,-8.999855801723e+01,-4.500026242919e+02,-1.309852189426e+03
9.486947974142e+03,-8.693673958903e+01,-8.968144320501e+01,-8.994791311759e+01,-8.999803664929e+01,-4.500012084373e+02,-1.488019259351e+03
9.612688943049e+03,-8.693668130002e+01,-8.968134154135e+01,-8.994781547364e+01,-8.999814444417e+01,-4.500020139394e+02,-1.547326957139e+03
9.740096495488e+03,-8.693662361783e+01,-8.968124079750e+01,-8.994770714461e+01,-8.999800131641e+01,-4.500018367152e+02,-1.531823485072e+03
9.869192720526e+03,-8.693656644521e+01,-8.968113852734e+01,-8.994759030308e+01,-8.999767871434e+01,-4.500010299554e+02,-1.492183394105e+03
1.000000000000e+04,-8.693651002696e+01,-8.968103972769e+01,-8.994747341427e+01,-8.999741127230e+01,-4.500001649297e+02,-1.484038621219e+03
