zeta,speed_g0.2,comp_g0.2,speed_g0.4,comp_g0.4,speed_g0.6,comp_g0.6,speed_g0.8,comp_g0.8,speed_g1.0,comp_g1.0
6.309573444802e-02,4.262226952924e-01,1.547521071056e-02,6.819163223081e-01,1.424725133765e-02,8.306235515289e-01,9.986291545588e-03,9.127652062409e-01,6.314792388546e-03,9.563652086629e-01,3.807358472366e-03
6.416848304948e-02,4.244734879830e-01,1.572666722224e-02,6.799238653063e-01,1.454490090944e-02,8.289906307262e-01,1.023916303983e-02,9.116219054557e-01,6.501206233420e-03,9.556400345866e-01,3.934937879825e-03
6.525947043637e-02,4.227208155455e-01,1.598180723637e-02,6.779205883478e-01,1.484840439335e-02,8.273430535201e-01,1.049821100116e-02,9.104642158204e-01,6.693006746907e-03,9.549030955284e-01,4.066739853345e-03
6.636900670305e-02,4.209646965012e-01,1.624067432403e-02,6.759064613606e-01,1.515786529335e-02,8.256807105798e-01,1.076357763118e-02,9.092919713529e-01,6.890344383244e-03,9.541542102875e-01,4.202901450836e-03
6.749740721608e-02,4.192051554384e-01,1.650331251206e-02,6.738814604711e-01,1.547338869326e-02,8.240035003691e-01,1.103540817768e-02,9.081050093414e-01,7.093373601907e-03,9.533931948992e-01,4.343564038425e-03
6.864499270386e-02,4.174422086173e-01,1.676976571964e-02,6.718455563625e-01,1.579508100525e-02,8.223113120823e-01,1.131385076169e-02,9.069031642850e-01,7.302252918490e-03,9.526198628892e-01,4.488873419823e-03
6.981208934778e-02,4.156758800001e-01,1.704007837222e-02,6.697987266730e-01,1.612305025838e-02,8.206040418354e-01,1.159905663738e-02,9.056862661573e-01,7.517144984691e-03,9.518340261735e-01,4.638979972531e-03
7.099902887497e-02,4.139061880386e-01,1.731429487018e-02,6.677409437179e-01,1.645740581995e-02,8.188815813844e-01,1.189118008945e-02,9.044541431735e-01,7.738216705739e-03,9.510354937084e-01,4.794038777119e-03
7.220614865251e-02,4.121331577481e-01,1.759246007053e-02,6.656721815585e-01,1.679825856236e-02,8.171438217161e-01,1.219037852657e-02,9.032066271069e-01,7.965639386082e-03,9.502240718941e-01,4.954209757953e-03
7.343379178340e-02,4.103568117222e-01,1.787461891272e-02,6.635924190058e-01,1.714572094866e-02,8.153906598021e-01,1.249681263163e-02,9.019435438676e-01,8.199588751427e-03,9.493995641861e-01,5.119657823702e-03
7.468230720406e-02,4.085771702360e-01,1.816081640140e-02,6.615016298770e-01,1.749990679149e-02,8.136219867009e-01,1.281064623509e-02,9.006647210374e-01,8.440245116221e-03,9.485617718092e-01,5.290553017333e-03
7.595204978346e-02,4.067942594454e-01,1.845109795601e-02,6.593997952832e-01,1.786093157208e-02,8.118376968676e-01,1.313204650176e-02,8.993699830345e-01,8.687793445859e-03,9.477104942190e-01,5.467070669247e-03
7.724338042405e-02,4.050081033870e-01,1.874550905487e-02,6.572868919400e-01,1.822891213989e-02,8.100376809500e-01,1.346118386676e-02,8.980591551126e-01,8.942423500358e-03,9.468455260767e-01,5.649391534095e-03
7.855666616431e-02,4.032187246035e-01,1.904409524235e-02,6.551628970098e-01,1.860396683608e-02,8.082218339999e-01,1.379823221558e-02,8.967320542291e-01,9.204329852115e-03,9.459666622993e-01,5.837701977768e-03
7.989228028309e-02,4.014261469859e-01,1.934690224543e-02,6.530277883050e-01,1.898621549969e-02,8.063900442688e-01,1.414336874575e-02,8.953885025097e-01,9.473712127454e-03,9.450736923215e-01,6.032194105760e-03
8.125060240567e-02,3.996304012410e-01,1.965397623500e-02,6.508815527304e-01,1.937577971912e-02,8.045422119178e-01,1.449677433595e-02,8.940283257846e-01,9.750775112398e-03,9.441664049578e-01,6.233065958391e-03
8.263201861171e-02,3.978315112988e-01,1.996536316348e-02,6.487241684670e-01,1.977278231823e-02,8.026782276443e-01,1.485863322686e-02,8.926513379475e-01,1.003572869875e-02,9.432445850667e-01,6.440521660542e-03
8.403692154496e-02,3.960295035944e-01,2.028110919167e-02,6.465556166011e-01,2.017734768487e-02,8.007979841974e-01,1.522913326470e-02,8.912573567845e-01,1.032878816485e-02,9.423080159549e-01,6.654771611719e-03
8.546571052487e-02,3.942244041289e-01,2.060126053253e-02,6.443758804535e-01,2.058960175489e-02,7.989013747982e-01,1.560846592250e-02,8.898461941181e-01,1.063017418343e-02,9.413564769164e-01,6.876032648260e-03
8.691879166008e-02,3.924162437960e-01,2.092586371702e-02,6.421849457544e-01,2.100967202032e-02,7.969882961653e-01,1.599682640885e-02,8.884176709220e-01,1.094011311763e-02,9.403897451030e-01,7.104528239088e-03
8.839657796386e-02,3.906050473431e-01,2.125496500344e-02,6.399827945843e-01,2.143768732895e-02,7.950586361006e-01,1.639441346777e-02,8.869715972697e-01,1.125883690592e-02,9.394075959969e-01,7.340488677757e-03
8.989948947149e-02,3.887908482051e-01,2.158861115073e-02,6.377694148542e-01,2.187377818702e-02,7.931122971711e-01,1.680142990154e-02,8.855077856286e-01,1.158658333964e-02,9.384097999383e-01,7.584151247969e-03
9.142795335968e-02,3.869736741477e-01,2.192684863602e-02,6.355447936829e-01,2.231807654072e-02,7.911491699163e-01,1.721808207463e-02,8.840260484039e-01,1.192359616009e-02,9.373961263167e-01,7.835760452111e-03
9.298240406795e-02,3.851535511962e-01,2.226972383190e-02,6.333089131747e-01,2.277071561090e-02,7.891691441823e-01,1.764458017727e-02,8.825261891929e-01,1.227012506436e-02,9.363663419599e-01,8.095568201159e-03
9.456328342211e-02,3.833305183971e-01,2.261728384815e-02,6.310617694065e-01,2.323183055870e-02,7.871721261540e-01,1.808113865770e-02,8.810080245283e-01,1.262642612714e-02,9.353202091141e-01,8.363834003024e-03
9.617104075988e-02,3.815045984345e-01,2.296957482088e-02,6.288033443029e-01,2.370155747258e-02,7.851580000828e-01,1.852797541260e-02,8.794713540915e-01,1.299276151898e-02,9.342574885110e-01,8.640825199031e-03
9.780613305857e-02,3.796758298972e-01,2.332664377657e-02,6.265336360242e-01,2.418003446421e-02,7.831266688611e-01,1.898531274393e-02,8.779159927693e-01,1.336940008914e-02,9.331779386301e-01,8.926817174385e-03
9.946902506499e-02,3.778442411614e-01,2.368853707192e-02,6.242526302304e-01,2.466740059014e-02,7.810780260367e-01,1.945337676293e-02,8.763417390273e-01,1.375661703707e-02,9.320813132560e-01,9.222093555382e-03
1.011601894275e-01,3.760098705212e-01,2.405530159689e-02,6.219603250203e-01,2.516379678583e-02,7.790119737565e-01,1.993239785873e-02,8.747484012548e-01,1.415469443495e-02,9.309673650655e-01,9.526946468375e-03
1.028801068305e-01,3.741727446364e-01,2.442698340987e-02,6.196567062289e-01,2.566936488189e-02,7.769283992625e-01,2.042261014897e-02,8.731357772286e-01,1.456392104492e-02,9.298358430092e-01,9.841676745233e-03
1.046292661309e-01,3.723329042111e-01,2.480362934964e-02,6.173417759732e-01,2.618424873465e-02,7.748272099233e-01,2.092425241096e-02,8.715036720604e-01,1.498459273826e-02,9.286864933972e-01,1.016659416897e-02
1.064081644969e-01,3.704903809751e-01,2.518528554137e-02,6.150155283535e-01,2.670859322899e-02,7.727082995285e-01,2.143756725514e-02,8.698518888977e-01,1.541701248756e-02,9.275190603420e-01,1.050201771939e-02
1.082173075499e-01,3.686452124258e-01,2.557199833486e-02,6.126779594387e-01,2.724254465826e-02,7.705715688049e-01,2.196280169506e-02,8.681802247731e-01,1.586149042542e-02,9.263332832435e-01,1.084827579028e-02
1.100572095075e-01,3.667974338477e-01,2.596381375534e-02,6.103290666330e-01,2.778625067937e-02,7.684169163796e-01,2.250020694204e-02,8.664884789575e-01,1.631834412532e-02,9.251289004753e-01,1.120570648076e-02
1.119283933302e-01,3.649470837661e-01,2.636077785683e-02,6.079688533598e-01,2.833986051014e-02,7.662442441486e-01,2.305003859012e-02,8.647764520177e-01,1.678789873051e-02,9.239056472173e-01,1.157465782735e-02
1.138313908697e-01,3.630942000664e-01,2.676293643394e-02,6.055973180027e-01,2.890352440491e-02,7.640534534214e-01,2.361255653980e-02,8.630439395483e-01,1.727048697458e-02,9.226632551779e-01,1.195548806035e-02
1.157667430203e-01,3.612388166783e-01,2.717033474173e-02,6.032144609782e-01,2.947739394056e-02,7.618444428653e-01,2.418802495839e-02,8.612907367096e-01,1.776644940277e-02,9.214014534731e-01,1.234856588003e-02
1.177349998725e-01,3.593809774912e-01,2.758301850617e-02,6.008202871795e-01,3.006162211601e-02,7.596171181524e-01,2.477671260888e-02,8.595166396684e-01,1.827613454418e-02,9.201199687669e-01,1.275427073006e-02
1.197367208693e-01,3.575207220231e-01,2.800103285055e-02,5.984148023697e-01,3.065636315769e-02,7.573713835382e-01,2.537889262162e-02,8.577214463261e-01,1.879989907431e-02,9.188185242422e-01,1.317299305967e-02
1.217724749655e-01,3.556580895025e-01,2.842442255963e-02,5.959980138640e-01,3.126177252271e-02,7.551071427073e-01,2.599484253879e-02,8.559049487007e-01,1.933810779279e-02,9.174968404876e-01,1.360513461641e-02
1.238428407891e-01,3.537931201252e-01,2.885323215029e-02,5.935699243761e-01,3.187800653784e-02,7.528242993393e-01,2.662484435041e-02,8.540669401610e-01,1.989113391601e-02,9.161546355303e-01,1.405110873343e-02
1.259484068059e-01,3.519258580296e-01,2.928750609661e-02,5.911305469352e-01,3.250522314770e-02,7.505227633818e-01,2.726918473797e-02,8.522072155465e-01,2.045935922831e-02,9.147916243768e-01,1.451134061415e-02
1.280897714867e-01,3.500563453027e-01,2.972728832314e-02,5.886798901558e-01,3.314358110631e-02,7.482024412001e-01,2.792815475049e-02,8.503255656430e-01,2.104317409442e-02,9.134075194402e-01,1.498626763505e-02
1.302675434776e-01,3.481846242434e-01,3.017262235229e-02,5.862179655048e-01,3.379324031977e-02,7.458632400276e-01,2.860204996798e-02,8.484217819075e-01,2.164297770835e-02,9.120020297280e-01,1.547633963366e-02
1.324823417727e-01,3.463107402712e-01,3.062355153071e-02,5.837447890298e-01,3.445436191690e-02,7.435050718400e-01,2.929117066524e-02,8.464956570211e-01,2.225917825301e-02,9.105748623430e-01,1.598201923939e-02
1.347347958902e-01,3.444347362596e-01,3.108011851250e-02,5.812603711191e-01,3.512710760939e-02,7.411278454813e-01,2.999582152195e-02,8.445469808100e-01,2.289219293657e-02,9.091257207061e-01,1.650378215469e-02
1.370255460514e-01,3.425566591056e-01,3.154236580702e-02,5.787647309993e-01,3.581164049314e-02,7.387314746996e-01,3.071631194024e-02,8.425755436733e-01,2.354244821764e-02,9.076543061485e-01,1.704211749793e-02
1.393552433626e-01,3.406765545610e-01,3.201033529543e-02,5.762578854294e-01,3.650812433702e-02,7.363158721986e-01,3.145295581424e-02,8.405811373229e-01,2.421037996868e-02,9.061603176797e-01,1.759752812122e-02
1.417245500001e-01,3.387944716061e-01,3.248406860380e-02,5.737398564803e-01,3.721672400822e-02,7.338809558126e-01,3.220607178792e-02,8.385635524704e-01,2.489643355147e-02,9.046434506339e-01,1.817053090942e-02
1.441341393984e-01,3.369104544469e-01,3.296360631493e-02,5.712106612428e-01,3.793760476475e-02,7.314266370978e-01,3.297598275968e-02,8.365225743764e-01,2.560106381347e-02,9.031033978789e-01,1.876165713128e-02
1.465846964418e-01,3.350245531856e-01,3.344898894928e-02,5.686703239333e-01,3.867093297242e-02,7.289528366618e-01,3.376301653870e-02,8.344579952195e-01,2.632473558726e-02,9.015398503994e-01,1.937145278615e-02
1.490769176590e-01,3.331368194082e-01,3.394025653581e-02,5.661188715036e-01,3.941687578454e-02,7.264594759342e-01,3.456750548861e-02,8.323696050202e-01,2.706792356022e-02,8.999524959254e-01,2.000047891373e-02
1.516115114208e-01,3.312473006155e-01,3.443744800998e-02,5.635563286421e-01,4.017560073467e-02,7.239464724859e-01,3.538978627980e-02,8.302571943978e-01,2.783111248690e-02,8.983410200283e-01,2.064931195854e-02
1.541891981419e-01,3.293560476982e-01,3.494060192419e-02,5.609827227311e-01,4.094727600261e-02,7.214137497640e-01,3.623020032299e-02,8.281205499843e-01,2.861479716084e-02,8.967051054653e-01,2.131854410106e-02
1.568107104852e-01,3.274631147789e-01,3.544975642550e-02,5.583980850046e-01,4.173207044274e-02,7.188612339441e-01,3.708909361061e-02,8.259594633776e-01,2.941948283655e-02,8.950444325769e-01,2.200878361522e-02
1.594767935705e-01,3.255685513224e-01,3.596494837798e-02,5.558024448144e-01,4.253015309492e-02,7.162888491736e-01,3.796681644317e-02,8.237737225526e-01,3.024568506091e-02,8.933586792555e-01,2.272065521984e-02
1.621882051860e-01,3.236724130335e-01,3.648621449702e-02,5.531958385588e-01,4.334169377915e-02,7.136965255746e-01,3.886372380447e-02,8.215631202921e-01,3.109393008884e-02,8.916475215768e-01,2.345480045027e-02
1.649457160036e-01,3.217747514654e-01,3.701359018096e-02,5.505783001738e-01,4.416686230587e-02,7.110841894887e-01,3.978017480685e-02,8.193274449298e-01,3.196475466182e-02,8.899106324794e-01,2.421187798276e-02
1.677501097983e-01,3.198756247653e-01,3.754711068028e-02,5.479498680741e-01,4.500582892793e-02,7.084517774572e-01,4.071653340765e-02,8.170664885736e-01,3.285870642031e-02,8.881476827510e-01,2.499256401886e-02
1.706021836708e-01,3.179750864727e-01,3.808680978843e-02,5.453105806304e-01,4.585876390389e-02,7.057992203201e-01,4.167316748349e-02,8.147800415535e-01,3.377634379871e-02,8.863583422084e-01,2.579755268252e-02
1.735027482738e-01,3.160731916181e-01,3.863272048616e-02,5.426604771853e-01,4.672583748178e-02,7.031264529436e-01,4.265044930390e-02,8.124678939076e-01,3.471823617483e-02,8.845422761739e-01,2.662755628426e-02
1.764526280428e-01,3.141700006614e-01,3.918487540317e-02,5.399996053183e-01,4.760722044134e-02,7.004334165134e-01,4.364875562670e-02,8.101298427734e-01,3.568496428405e-02,8.826991500512e-01,2.748330581726e-02
1.794526614304e-01,3.122655713008e-01,3.974330579601e-02,5.373280089363e-01,4.850308299265e-02,6.977200509487e-01,4.466846717864e-02,8.077656790696e-01,3.667711974640e-02,8.808286262090e-01,2.836555123445e-02
1.825037011442e-01,3.103599617189e-01,4.030804188633e-02,5.346457337871e-01,4.941359513179e-02,6.949862987099e-01,4.570996880129e-02,8.053751963032e-01,3.769530551452e-02,8.789303655743e-01,2.927506186299e-02
1.856066143899e-01,3.084532320597e-01,4.087911301298e-02,5.319528312879e-01,5.033892690195e-02,6.922321046739e-01,4.677364936223e-02,8.029581906802e-01,3.874013596651e-02,8.770040263497e-01,3.021262672974e-02
1.887622831170e-01,3.065454430301e-01,4.145654741824e-02,5.292493536370e-01,5.127924785741e-02,6.894574163400e-01,4.785990168018e-02,8.005144586371e-01,3.981223686461e-02,8.750492657762e-01,3.117905498530e-02
1.919716042699e-01,3.046366559398e-01,4.204037220962e-02,5.265353538268e-01,5.223472694496e-02,6.866621847291e-01,4.896912249364e-02,7.980437972015e-01,4.091224542901e-02,8.730657392810e-01,3.217517624261e-02
1.952354900429e-01,3.027269332826e-01,4.263061339758e-02,5.238108877353e-01,5.320553259106e-02,6.838463609962e-01,5.010171211753e-02,7.955460037272e-01,4.204081037238e-02,8.710531004457e-01,3.320184093866e-02
1.985548681392e-01,3.008163383223e-01,4.322729579958e-02,5.210760144131e-01,5.419183262661e-02,6.810099023039e-01,5.125807474823e-02,7.930208799855e-01,4.319859215912e-02,8.690110017234e-01,3.425992072243e-02
2.019306820349e-01,2.989049354385e-01,4.383044304768e-02,5.183307954200e-01,5.519379411086e-02,6.781527664337e-01,5.243861795899e-02,7.904682264493e-01,4.438626274402e-02,8.669390932651e-01,3.535030876789e-02
2.053638912469e-01,2.969927913803e-01,4.444007773771e-02,5.155752940455e-01,5.621158312900e-02,6.752749165056e-01,5.364375292316e-02,7.878878477655e-01,4.560450589070e-02,8.648370251688e-01,3.647392021734e-02
2.088554716058e-01,2.950799689791e-01,4.505622044949e-02,5.128095740159e-01,5.724536451603e-02,6.723763134133e-01,5.487389368476e-02,7.852795462877e-01,4.685401682234e-02,8.627044453209e-01,3.763169244618e-02
2.124064155330e-01,2.931665369807e-01,4.567889116178e-02,5.100337053890e-01,5.829530237634e-02,6.694569268578e-01,5.612945787904e-02,7.826431304168e-01,4.813550270172e-02,8.605410009073e-01,3.882458546876e-02
2.160177323233e-01,2.912525630852e-01,4.630810818008e-02,5.072477579578e-01,5.936155923155e-02,6.665167265383e-01,5.741086588025e-02,7.799784086646e-01,4.944968228436e-02,8.583463381251e-01,4.005358226655e-02
2.196904484311e-01,2.893381151626e-01,4.694388825943e-02,5.044518043981e-01,6.044429622446e-02,6.635556855991e-01,5.871854090401e-02,7.772851910410e-01,5.079728597064e-02,8.561201026554e-01,4.131968914259e-02
2.234256077627e-01,2.874232627922e-01,4.758624680269e-02,5.016459202149e-01,6.154367297676e-02,6.605737809032e-01,6.005290885674e-02,7.745632901311e-01,5.217905583748e-02,8.538619389101e-01,4.262393601047e-02
2.272242719728e-01,2.855080771414e-01,4.823519780813e-02,4.988301835483e-01,6.265984742386e-02,6.575709936609e-01,6.141439821098e-02,7.718125216618e-01,5.359574563200e-02,8.515714910161e-01,4.396737675553e-02
2.310875207662e-01,2.835926284359e-01,4.889075339971e-02,4.960046749349e-01,6.379297563572e-02,6.545473064435e-01,6.280343953158e-02,7.690327030842e-01,5.504812061447e-02,8.492484025988e-01,4.535108953058e-02
2.350164522049e-01,2.816769899332e-01,4.955292444824e-02,4.931694779460e-01,6.494321174411e-02,6.515027076430e-01,6.422046567754e-02,7.662236552423e-01,5.653695759378e-02,8.468923170155e-01,4.677617706199e-02
2.390121830198e-01,2.797612327540e-01,5.022171963456e-02,4.903246767403e-01,6.611070746045e-02,6.484371867562e-01,6.566591113135e-02,7.633851996705e-01,5.806304463435e-02,8.445028775263e-01,4.824376694106e-02
2.430758489286e-01,2.778454329710e-01,5.089714664628e-02,4.874703628291e-01,6.729561281362e-02,6.453507400524e-01,6.714021231950e-02,7.605171637960e-01,5.962718132651e-02,8.420797273142e-01,4.975501189342e-02
2.472086049583e-01,2.759296643062e-01,5.157921083995e-02,4.846066252830e-01,6.849807467357e-02,6.422433651208e-01,6.864380682454e-02,7.576193758735e-01,6.123017828026e-02,8.396225101560e-01,5.131109007197e-02
2.514116257735e-01,2.740140030763e-01,5.226791607602e-02,4.817335591458e-01,6.971823771177e-02,6.391150651232e-01,7.017713355628e-02,7.546916687305e-01,6.287285725944e-02,8.371308694576e-01,5.291320523673e-02
2.556861060106e-01,2.720985257685e-01,5.296326423132e-02,4.788512608539e-01,7.095624359929e-02,6.359658463482e-01,7.174063222656e-02,7.517338773864e-01,6.455605082292e-02,8.346044497174e-01,5.456258706177e-02
2.600332606167e-01,2.701833097143e-01,5.366525527042e-02,4.759598306137e-01,7.221223116181e-02,6.327957191947e-01,7.333474316293e-02,7.487458403330e-01,6.628060223045e-02,8.320428959330e-01,5.626049130066e-02
2.644543251958e-01,2.682684338921e-01,5.437388735853e-02,4.730593709210e-01,7.348633597994e-02,6.296046996208e-01,7.495990717979e-02,7.457274016625e-01,6.804736542098e-02,8.294458541660e-01,5.800820000229e-02
2.689505563593e-01,2.663539772281e-01,5.508915647652e-02,4.701499874676e-01,7.477869033214e-02,6.263928058348e-01,7.661656487993e-02,7.426784073132e-01,6.985720444810e-02,8.268129717294e-01,5.980702168237e-02
2.735232320832e-01,2.644400202644e-01,5.581105670433e-02,4.672317886436e-01,7.608942292327e-02,6.231600624111e-01,7.830515680785e-02,7.395987086806e-01,7.171099353990e-02,8.241438967967e-01,6.165829142802e-02
2.781736520720e-01,2.625266441907e-01,5.653957997834e-02,4.643048854470e-01,7.741865866462e-02,6.199064970017e-01,8.002612271253e-02,7.364881593047e-01,7.360961650118e-02,8.214382794487e-01,6.356337107877e-02
2.829031381274e-01,2.606139314164e-01,5.727471616262e-02,4.613693931888e-01,7.876651875236e-02,6.166321437959e-01,8.177990162064e-02,7.333466200276e-01,7.555396689965e-02,8.186957715554e-01,6.552364929974e-02
2.877130345242e-01,2.587019643510e-01,5.801645273318e-02,4.584254284441e-01,8.013311995075e-02,6.133370387297e-01,8.356693084132e-02,7.301739531216e-01,7.754494714570e-02,8.159160267592e-01,6.754054162856e-02
2.926047083926e-01,2.567908272696e-01,5.876477513544e-02,4.554731122546e-01,8.151857491429e-02,6.100212257520e-01,8.538764639576e-02,7.269700283927e-01,7.958346874020e-02,8.130987009131e-01,6.961549052561e-02
2.975795501066e-01,2.548806056957e-01,5.951966661280e-02,4.525125695876e-01,8.292299189773e-02,6.066847527789e-01,8.724248208482e-02,7.237347192541e-01,8.167045147611e-02,8.102434525334e-01,7.174996539524e-02
3.026389736793e-01,2.529713843128e-01,6.028110766856e-02,4.495439257614e-01,8.434647387952e-02,6.033276711852e-01,8.913186896928e-02,7.204679038733e-01,8.380682311790e-02,8.073499427689e-01,7.394546253056e-02
3.077844171645e-01,2.510632499857e-01,6.104907670994e-02,4.465673111303e-01,8.578911917149e-02,5.999500394880e-01,9.105623545296e-02,7.171694663285e-01,8.599351906851e-02,8.044178358715e-01,7.620350506258e-02
3.130173430660e-01,2.491562904691e-01,6.182354970980e-02,4.435828593103e-01,8.725102087727e-02,5.965519206789e-01,9.301600644433e-02,7.138392970550e-01,8.823148193614e-02,8.014467990488e-01,7.852564281207e-02
3.183392387527e-01,2.472505944551e-01,6.260450017014e-02,4.405907071086e-01,8.873226664137e-02,5.931333839762e-01,9.501160314084e-02,7.104772906944e-01,9.052166074199e-02,7.984365033262e-01,8.091345219258e-02
3.237516168817e-01,2.453462511156e-01,6.339189895705e-02,4.375909938184e-01,9.023293825999e-02,5.896945029403e-01,9.704344223816e-02,7.070833485991e-01,9.286501064956e-02,7.953866234075e-01,8.336853597442e-02
3.292560158283e-01,2.434433504313e-01,6.418571432905e-02,4.345838628448e-01,9.175311175790e-02,5.862353571417e-01,9.911193566946e-02,7.036573784154e-01,9.526249231435e-02,7.922968382939e-01,8.589252307378e-02
3.348540001230e-01,2.415419836690e-01,6.498591201568e-02,4.315694604847e-01,9.329285689251e-02,5.827560325120e-01,1.012174901380e-01,7.001992941606e-01,9.771507124941e-02,7.891668311070e-01,8.848706820846e-02
3.405471608964e-01,2.396422428121e-01,6.579245502499e-02,4.285479372214e-01,9.485223717309e-02,5.792566202192e-01,1.033605063748e-01,6.967090159897e-01,1.002237171031e-01,7.859962899024e-01,9.115385160374e-02
3.463371163312e-01,2.377442207963e-01,6.660530365874e-02,4.255194459411e-01,9.643130921747e-02,5.757372176319e-01,1.055413787252e-01,6.931864712368e-01,1.027894030723e-01,7.827849077111e-01,9.389457855979e-02
3.522255121226e-01,2.358480112680e-01,6.742441539972e-02,4.224841429536e-01,9.803012269809e-02,5.721979276372e-01,1.077604944293e-01,6.896315942711e-01,1.054131051132e-01,7.795323828483e-01,9.671097898575e-02
3.582140219456e-01,2.339537085301e-01,6.824974484607e-02,4.194421886269e-01,9.964872022346e-02,5.686388600985e-01,1.100182332729e-01,6.860443271303e-01,1.080958012203e-01,7.762384197280e-01,9.960480693462e-02
3.643043479308e-01,2.320614082826e-01,6.908124388115e-02,4.163937468261e-01,1.012871369455e-01,5.650601313079e-01,1.123149668607e-01,6.824246185495e-01,1.108384704112e-01,7.729027283080e-01,1.025778399020e-01
3.704982211485e-01,2.301712073460e-01,6.991886156179e-02,4.133389846907e-01,1.029454002284e-01,5.614618632518e-01,1.146510578113e-01,6.787724259888e-01,1.136420921306e-01,7.695250253998e-01,1.056318782871e-01
3.767974021004e-01,2.282832015318e-01,7.076254342415e-02,4.102780720084e-01,1.046235292016e-01,5.578441850870e-01,1.170268593664e-01,6.750877133181e-01,1.165076449093e-01,7.661050342704e-01,1.087687445631e-01
3.832036812202e-01,2.263974901522e-01,7.161223281027e-02,4.072111845043e-01,1.063215353082e-01,5.542072317725e-01,1.194427144113e-01,6.713704552118e-01,1.194361060884e-01,7.626424855640e-01,1.119902825431e-01
3.897188793821e-01,2.245141709552e-01,7.246786927683e-02,4.041384992173e-01,1.080394208543e-01,5.505511458092e-01,1.218989551121e-01,6.676206323782e-01,1.224284499423e-01,7.591371174971e-01,1.152983564705e-01
3.963448484191e-01,2.226333440555e-01,7.332938977321e-02,4.010601971738e-01,1.097771793802e-01,5.468760763533e-01,1.243959019897e-01,6.638382354198e-01,1.254856472176e-01,7.555886761652e-01,1.186948500364e-01
4.030834716487e-01,2.207551099727e-01,7.419672799403e-02,3.979764641267e-01,1.115347955857e-01,5.431821800181e-01,1.269338633329e-01,6.600232642284e-01,1.286086638655e-01,7.519969159673e-01,1.221816653253e-01
4.099366644084e-01,2.188795697796e-01,7.506981437991e-02,3.948874884661e-01,1.133122444702e-01,5.394696196093e-01,1.295131341181e-01,6.561757272509e-01,1.317984596657e-01,7.483616000480e-01,1.257607216718e-01
4.169063746000e-01,2.170068245123e-01,7.594857586638e-02,3.917934616884e-01,1.151094911384e-01,5.357385646696e-01,1.321339953012e-01,6.522956421247e-01,1.350559870389e-01,7.446825009835e-01,1.294339544629e-01
4.239945832437e-01,2.151369782559e-01,7.683293692186e-02,3.886945813057e-01,1.169264913542e-01,5.319891948814e-01,1.347967138268e-01,6.483830375469e-01,1.383821900761e-01,7.409594006945e-01,1.332033137112e-01
4.312033050405e-01,2.132701343827e-01,7.772281822547e-02,3.855910466177e-01,1.187631900180e-01,5.282216946308e-01,1.375015404494e-01,6.444379514407e-01,1.417780027551e-01,7.371920915488e-01,1.370707627247e-01
4.385345889454e-01,2.114063960141e-01,7.861813675429e-02,3.824830602888e-01,1.206195212906e-01,5.244362563406e-01,1.402487096496e-01,6.404604318029e-01,1.452443476213e-01,7.333803757252e-01,1.410382763585e-01
4.459905187495e-01,2.095458691621e-01,7.951880690783e-02,3.793708301198e-01,1.224954088455e-01,5.206330807076e-01,1.430384388109e-01,6.364505381356e-01,1.487821345627e-01,7.295240672275e-01,1.451078396362e-01
4.535732136724e-01,2.076886588788e-01,8.042473907076e-02,3.762545667319e-01,1.243907648482e-01,5.168123760284e-01,1.458709271245e-01,6.324083394260e-01,1.523922587386e-01,7.256229909805e-01,1.492814457165e-01
4.612848289644e-01,2.058348724520e-01,8.133584078483e-02,3.731344850974e-01,1.263054901308e-01,5.129743590267e-01,1.487463548734e-01,6.283339173153e-01,1.560755996303e-01,7.216769841230e-01,1.535610941471e-01
4.691275565192e-01,2.039846158347e-01,8.225201534606e-02,3.700108029396e-01,1.282394733519e-01,5.091192525306e-01,1.516648817904e-01,6.242273631858e-01,1.598330185963e-01,7.176858959699e-01,1.579487887335e-01
4.771036254970e-01,2.021379975039e-01,8.317316328843e-02,3.668837430033e-01,1.301925914525e-01,5.052472895568e-01,1.546266472387e-01,6.200887819677e-01,1.636653579861e-01,7.136495889699e-01,1.624465354799e-01
4.852153029580e-01,2.002951257990e-01,8.409918132274e-02,3.637535313343e-01,1.321647087737e-01,5.013587105666e-01,1.576317684173e-01,6.159182887080e-01,1.675734383800e-01,7.095679387806e-01,1.670563402058e-01
4.934648945066e-01,1.984561094880e-01,8.502996252903e-02,3.606203970794e-01,1.341556766547e-01,4.974537638413e-01,1.606803394146e-01,6.117160117925e-01,1.715580574449e-01,7.054408353631e-01,1.717802062500e-01
5.018547449471e-01,1.966210585492e-01,8.596539667408e-02,3.574845742127e-01,1.361653337537e-01,4.935327069641e-01,1.637724306196e-01,6.074820920975e-01,1.756199876853e-01,7.012681827876e-01,1.766201317333e-01
5.103872389499e-01,1.947900831002e-01,8.690536974691e-02,3.543462996425e-01,1.381935050505e-01,4.895958046137e-01,1.669080869300e-01,6.032166827447e-01,1.797599742450e-01,6.970499004031e-01,1.815781069892e-01
5.190648017293e-01,1.929632941063e-01,8.784976425148e-02,3.512058146070e-01,1.402400020625e-01,4.856433317370e-01,1.700873276987e-01,5.989199499836e-01,1.839787329511e-01,6.927859228600e-01,1.866561115641e-01
5.278898997331e-01,1.911408028394e-01,8.879845896014e-02,3.480633636702e-01,1.423046221587e-01,4.816755712826e-01,1.733101448758e-01,5.945920738499e-01,1.882769482441e-01,6.884762011011e-01,1.918561113009e-01
5.368650413432e-01,1.893227214104e-01,8.975132915021e-02,3.449191952623e-01,1.443871484670e-01,4.776928144931e-01,1.765765019457e-01,5.902332474827e-01,1.926552706153e-01,6.841207024941e-01,1.971800550341e-01
5.459927775889e-01,1.875091622249e-01,9.070824635397e-02,3.417735624269e-01,1.464873499046e-01,4.736953615726e-01,1.798863329984e-01,5.858436783946e-01,1.971143145686e-01,6.797194118668e-01,2.026298713629e-01
5.552757028721e-01,1.857002384112e-01,9.166907856127e-02,3.386267208323e-01,1.486049800592e-01,4.696835225833e-01,1.832395419069e-01,5.814235881072e-01,2.016546559977e-01,6.752723318314e-01,2.082074650599e-01
5.647164557042e-01,1.838960628894e-01,9.263368976740e-02,3.354789297103e-01,1.507397772685e-01,4.656576155793e-01,1.866360004345e-01,5.769732119566e-01,2.062768295054e-01,6.707794830594e-01,2.139147132719e-01
5.743177194565e-01,1.820967505848e-01,9.360194108465e-02,3.323304534629e-01,1.528914650698e-01,4.616179686429e-01,1.900755478088e-01,5.724928015218e-01,2.109813265810e-01,6.662409054338e-01,2.197534618105e-01
5.840822231227e-01,1.803024148183e-01,9.457368894237e-02,3.291815587500e-01,1.550597506328e-01,4.575649177675e-01,1.935579886530e-01,5.679826213948e-01,2.157685916917e-01,6.616566582602e-01,2.257255209735e-01
5.940127420948e-01,1.785131707152e-01,9.554878682052e-02,3.260325162847e-01,1.572443252802e-01,4.534988093398e-01,1.970830927547e-01,5.634429532118e-01,2.206390209018e-01,6.570268209140e-01,2.318326613055e-01
6.041120989516e-01,1.767291336550e-01,9.652708449768e-02,3.228836014787e-01,1.594448645668e-01,4.494199991701e-01,2.006505934475e-01,5.588740930972e-01,2.255929580151e-01,6.523514935546e-01,2.380766091957e-01
6.143831642612e-01,1.749504189724e-01,9.750842790232e-02,3.197350921121e-01,1.616610269116e-01,4.453288519100e-01,2.042601860898e-01,5.542763536519e-01,2.306306923303e-01,6.476307976755e-01,2.444590422250e-01
6.248288573971e-01,1.731771422301e-01,9.849265927380e-02,3.165872698386e-01,1.638924540608e-01,4.412257412132e-01,2.079115268358e-01,5.496500627584e-01,2.357524550792e-01,6.428648765652e-01,2.509815842773e-01
6.354521473673e-01,1.714094196548e-01,9.947961744202e-02,3.134404200299e-01,1.661387707888e-01,4.371110509837e-01,2.116042319310e-01,5.449955650612e-01,2.409584168603e-01,6.380538961526e-01,2.576458005925e-01
6.462560536590e-01,1.696473673835e-01,1.004691374387e-01,3.102948314931e-01,1.683995845322e-01,4.329851750740e-01,2.153378763234e-01,5.403132219488e-01,2.462486844086e-01,6.331980453921e-01,2.644531924434e-01
6.572436470964e-01,1.678911026379e-01,1.014610512268e-01,3.071507973759e-01,1.706744856755e-01,4.288485159138e-01,2.191119916981e-01,5.356034119078e-01,2.516232974460e-01,6.282975369313e-01,2.714051917090e-01
6.684180507136e-01,1.661407415272e-01,1.024551864431e-01,3.040086128218e-01,1.729630460749e-01,4.247014862787e-01,2.229260660424e-01,5.308665294087e-01,2.570822247570e-01,6.233526080392e-01,2.785031553622e-01
6.797824406421e-01,1.643964013074e-01,1.034513677887e-01,3.008685776995e-01,1.752648203659e-01,4.205445084161e-01,2.267795419280e-01,5.261029875214e-01,2.626253619368e-01,6.183635205327e-01,2.857483593149e-01
6.913400470140e-01,1.626581991028e-01,1.044494163235e-01,2.977309947515e-01,1.775793447775e-01,4.163780145859e-01,2.306718155016e-01,5.213132157989e-01,2.682525268459e-01,6.133305621857e-01,2.931419926983e-01
7.030941548797e-01,1.609262519119e-01,1.054491495131e-01,2.945961694336e-01,1.799061368448e-01,4.122024463432e-01,2.346022348096e-01,5.164976621013e-01,2.739634568747e-01,6.082540464728e-01,3.006851511873e-01
7.150481051418e-01,1.592006772210e-01,1.064503816881e-01,2.914644118011e-01,1.822446964048e-01,4.080182551469e-01,2.385700988359e-01,5.116567926320e-01,2.797578053153e-01,6.031343140911e-01,3.083788309392e-01
7.272052955047e-01,1.574815924375e-01,1.074529237561e-01,2.883360340629e-01,1.845945040055e-01,4.038259026842e-01,2.425746564325e-01,5.067910912526e-01,2.856351372508e-01,5.979717327573e-01,3.162239215059e-01
7.395691814401e-01,1.557691145684e-01,1.084565830442e-01,2.852113521182e-01,1.869550217308e-01,3.996258599764e-01,2.466151045409e-01,5.019010601885e-01,2.915949261049e-01,5.927666984501e-01,3.242211992464e-01
7.521432771697e-01,1.540633609008e-01,1.094611638361e-01,2.820906846062e-01,1.893256925181e-01,3.954186079256e-01,2.506905872526e-01,4.969872203833e-01,2.976365499765e-01,5.875196353859e-01,3.323713198884e-01
7.649311566633e-01,1.523644490484e-01,1.104664675132e-01,2.789743540570e-01,1.917059408577e-01,3.912046373756e-01,2.548001946246e-01,4.920501124723e-01,3.037592883245e-01,5.822309969606e-01,3.406748113871e-01
7.779364546554e-01,1.506724956392e-01,1.114722917055e-01,2.758626846000e-01,1.940951712070e-01,3.869844488275e-01,2.589429612928e-01,4.870902945725e-01,3.099623166719e-01,5.769012664880e-01,3.491320665039e-01
7.911628676777e-01,1.489876179663e-01,1.124784315697e-01,2.727560045367e-01,1.964927697122e-01,3.827585528285e-01,2.631178655415e-01,4.821083449470e-01,3.162447041946e-01,5.715309572998e-01,3.577433348157e-01
8.046141551103e-01,1.473099326297e-01,1.134846789086e-01,2.696546443104e-01,1.988981028219e-01,3.785274694302e-01,2.673238277897e-01,4.771048609570e-01,3.226054090550e-01,5.661206135712e-01,3.665087149508e-01
8.182941402497e-01,1.456395562775e-01,1.144908228232e-01,2.665589374887e-01,2.013105180011e-01,3.742917283773e-01,2.715597095802e-01,4.720804593628e-01,3.290432745055e-01,5.606708108759e-01,3.754281464993e-01
8.322067113960e-01,1.439766050539e-01,1.154966494080e-01,2.634692199948e-01,2.037293432262e-01,3.700518690259e-01,2.758243124262e-01,4.670357764484e-01,3.355570248620e-01,5.551821566279e-01,3.845014016768e-01
8.463558229578e-01,1.423211948623e-01,1.165019420682e-01,2.603858302237e-01,2.061538871338e-01,3.658084405356e-01,2.801163769019e-01,4.619714682782e-01,3.421452615577e-01,5.496552905427e-01,3.937280768293e-01
8.607454965762e-01,1.406734415811e-01,1.175064818334e-01,2.573091095915e-01,2.085834395680e-01,3.615620017837e-01,2.844345815869e-01,4.568882106576e-01,3.488064589814e-01,5.440908852979e-01,4.031075839276e-01
8.753798222678e-01,1.390334602739e-01,1.185100468462e-01,2.542394016314e-01,2.110172710240e-01,3.573131208883e-01,2.887775417391e-01,4.517866995131e-01,3.555389606263e-01,5.384896468474e-01,4.126391416808e-01
8.902629595877e-01,1.374013655363e-01,1.195124127687e-01,2.511770516554e-01,2.134546325094e-01,3.530623750273e-01,2.931438082132e-01,4.466676501748e-01,3.623409743979e-01,5.328523149973e-01,4.223217667075e-01
9.053991388110e-01,1.357772718911e-01,1.205133532767e-01,2.481224082331e-01,2.158947569856e-01,3.488103514905e-01,2.975318674690e-01,4.415317989395e-01,3.692105697303e-01,5.271796636577e-01,4.321542643473e-01
9.207926621358e-01,1.341612931350e-01,1.215126396586e-01,2.450758212953e-01,2.183368580287e-01,3.445576466585e-01,3.019401399816e-01,4.363799014553e-01,3.761456722146e-01,5.214725015319e-01,4.421352197173e-01
9.364479049059e-01,1.325535420482e-01,1.225100406892e-01,2.420376425070e-01,2.207801303718e-01,3.403048652611e-01,3.063669788406e-01,4.312127333558e-01,3.831440600109e-01,5.157316722423e-01,4.522629882430e-01
9.523693168543e-01,1.309541313866e-01,1.235053236904e-01,2.390082259241e-01,2.232237508057e-01,3.360526217749e-01,3.108106703068e-01,4.260310909776e-01,3.902033604746e-01,5.099580548153e-01,4.625356864102e-01
9.685614233678e-01,1.293631732505e-01,1.244982541527e-01,2.359879273292e-01,2.256668779518e-01,3.318015396288e-01,3.152694325811e-01,4.208357906729e-01,3.973210456352e-01,5.041525639373e-01,4.729511822845e-01
9.850288267737e-01,1.277807785626e-01,1.254885954048e-01,2.329771037422e-01,2.281086521742e-01,3.275522506310e-01,3.197414147757e-01,4.156276686477e-01,4.044944281466e-01,4.983161504644e-01,4.835070862468e-01
1.001776207648e+00,1.262070577251e-01,1.264761094125e-01,2.299761138426e-01,2.305481963908e-01,3.233053954950e-01,3.242246970050e-01,4.104075810743e-01,4.117206575718e-01,4.924498014208e-01,4.942007412641e-01
1.018808326144e+00,1.246421204063e-01,1.274605567779e-01,2.269853178227e-01,2.329846164162e-01,3.190616230594e-01,3.287172893314e-01,4.051764044431e-01,4.189967170399e-01,4.865545403056e-01,5.050292134601e-01
1.036130023349e+00,1.230860751321e-01,1.284416965211e-01,2.240050765261e-01,2.354170005923e-01,3.148215905368e-01,3.332171317956e-01,3.999350347285e-01,4.263194188306e-01,4.806314274835e-01,5.159892828516e-01
1.053746222656e+00,1.215390299124e-01,1.294192869243e-01,2.210357526970e-01,2.378444216238e-01,3.105859638099e-01,3.377220946744e-01,3.946843881582e-01,4.336854017048e-01,4.746815600383e-01,5.270774336215e-01
1.071661931167e+00,1.200010913867e-01,1.303930848588e-01,2.180777090484e-01,2.402659351618e-01,3.063554157789e-01,3.422299767570e-01,3.894253999691e-01,4.410911262717e-01,4.687060722141e-01,5.382898451226e-01
1.089882241113e+00,1.184723654215e-01,1.313628466225e-01,2.151313099990e-01,2.426805822935e-01,3.021306276997e-01,3.467385069114e-01,3.841590256766e-01,4.485328732221e-01,4.627061353000e-01,5.496223824504e-01
1.108412331303e+00,1.169529569238e-01,1.323283279812e-01,2.121969199461e-01,2.450873883720e-01,2.979122881710e-01,3.512453432836e-01,3.788862396201e-01,4.560067387589e-01,4.566829576422e-01,5.610705873230e-01
1.127257468595e+00,1.154429691388e-01,1.332892836037e-01,2.092749037910e-01,2.474853643045e-01,2.937010927979e-01,3.557480732988e-01,3.736080351953e-01,4.635086320425e-01,4.506377847756e-01,5.726296693365e-01
1.146423009396e+00,1.139425047247e-01,1.342454685025e-01,2.063656268126e-01,2.498735072067e-01,2.894977445312e-01,3.602442146198e-01,3.683254248485e-01,4.710342726362e-01,4.445718992353e-01,5.842944971101e-01
1.165914401180e+00,1.124516649487e-01,1.351966373814e-01,2.034694547037e-01,2.522508013137e-01,2.853029532208e-01,3.647312153594e-01,3.630394398646e-01,4.785791879633e-01,4.384866206224e-01,5.960595900578e-01
1.185737184039e+00,1.109705495215e-01,1.361425446633e-01,2.005867522944e-01,2.546162173088e-01,2.811174345631e-01,3.692064536126e-01,3.577511292072e-01,4.861387097404e-01,4.323833052247e-01,6.079191099425e-01
1.205896992257e+00,1.094992571363e-01,1.370829453882e-01,1.977178851594e-01,2.569687152529e-01,2.769419112721e-01,3.736672399797e-01,3.524615606556e-01,4.937079736843e-01,4.262633459915e-01,6.198668532921e-01
1.226399555913e+00,1.080378850247e-01,1.380175949465e-01,1.948632177274e-01,2.593072432306e-01,2.727771115242e-01,3.781108167890e-01,3.471718193122e-01,5.012819160753e-01,4.201281721615e-01,6.318962438048e-01
1.247250702508e+00,1.065865289477e-01,1.389462493268e-01,1.920231141019e-01,2.616307394271e-01,2.686237692491e-01,3.825343598439e-01,3.418830076218e-01,5.088552725941e-01,4.139792490223e-01,6.440003254380e-01
1.268456358619e+00,1.051452829792e-01,1.398686650976e-01,1.891979374509e-01,2.639381324467e-01,2.644826236577e-01,3.869349793683e-01,3.365962448334e-01,5.164225767382e-01,4.078180774034e-01,6.561717556595e-01
1.290022551589e+00,1.037142401841e-01,1.407846005798e-01,1.863880503008e-01,2.662283428935e-01,2.603544192002e-01,3.913097217498e-01,3.313126673376e-01,5.239781599429e-01,4.016461932646e-01,6.684027994367e-01
1.311955411238e+00,1.022934913785e-01,1.416938144875e-01,1.835938134679e-01,2.685002831097e-01,2.562399046356e-01,3.956555701776e-01,3.260334268321e-01,5.315161487653e-01,3.954651674012e-01,6.806853241161e-01
1.334261171602e+00,1.008831260555e-01,1.425960674355e-01,1.808155865961e-01,2.707528591917e-01,2.521398329510e-01,3.999694466858e-01,3.207596908984e-01,5.390304661279e-01,3.892766045783e-01,6.930107940987e-01
1.356946172709e+00,9.948323204758e-02,1.434911217919e-01,1.780537279678e-01,2.729849720978e-01,2.480549614969e-01,4.042482148258e-01,3.154926425442e-01,5.465148315136e-01,3.830821429017e-01,7.053702666506e-01
1.380016862380e+00,9.809389530098e-02,1.443787416514e-01,1.753085937570e-01,2.751955179379e-01,2.439860506677e-01,4.084886802547e-01,3.102334788629e-01,5.539627600713e-01,3.768834533912e-01,7.177543889654e-01
1.403479798062e+00,9.671520006892e-02,1.452586934085e-01,1.725805382050e-01,2.773833896800e-01,2.399338644171e-01,4.126875944541e-01,3.049834112847e-01,5.613675648794e-01,3.706822388481e-01,7.301533948730e-01
1.427341648688e+00,9.534722829231e-02,1.461307451331e-01,1.698699130532e-01,2.795474777734e-01,2.358991687545e-01,4.168416553627e-01,2.997436640548e-01,5.687223566295e-01,3.644802332076e-01,7.425571033991e-01
1.451609196579e+00,9.399006076182e-02,1.469946686274e-01,1.671770681066e-01,2.816866726457e-01,2.318827326907e-01,4.209475123847e-01,2.945154746969e-01,5.760200474187e-01,3.582792006257e-01,7.549549179098e-01
1.476289339367e+00,9.264377565276e-02,1.478502375207e-01,1.645023500644e-01,2.837998644490e-01,2.278853266695e-01,4.250017673493e-01,2.893000925411e-01,5.832533515899e-01,3.520809342835e-01,7.673358257849e-01
1.501389091958e+00,9.130844922380e-02,1.486972286202e-01,1.618461026958e-01,2.858859450043e-01,2.239077225343e-01,4.290009783321e-01,2.840987782827e-01,5.904147890244e-01,3.458872555272e-01,7.796883999666e-01
1.526915588522e+00,8.998415581132e-02,1.495354222350e-01,1.592086666662e-01,2.879438092620e-01,2.199506930177e-01,4.329416629181e-01,2.789128031833e-01,5.974966883803e-01,3.397000125384e-01,7.920008007893e-01
1.552876084529e+00,8.867096763828e-02,1.503646021964e-01,1.565903795125e-01,2.899723571003e-01,2.160150115570e-01,4.368203023726e-01,2.737434484943e-01,6.044911914486e-01,3.335210791718e-01,8.042607794795e-01
1.579277958799e+00,8.736895458026e-02,1.511845557761e-01,1.539915747512e-01,2.919704935833e-01,2.121014510959e-01,4.406333440727e-01,2.685920043008e-01,6.113902569362e-01,3.273523536771e-01,8.164556828212e-01
1.606128715613e+00,8.607818438003e-02,1.519950743572e-01,1.514125823224e-01,2.939371316855e-01,2.082107843574e-01,4.443772071190e-01,2.634597690884e-01,6.181856665084e-01,3.211957571887e-01,8.285724587323e-01
1.633435986833e+00,8.479872242072e-02,1.527959533633e-01,1.488537277375e-01,2.958711926681e-01,2.043437827308e-01,4.480482854479e-01,2.583480485880e-01,6.248690299757e-01,3.150532323203e-01,8.405976636233e-01
1.661207534083e+00,8.353063186387e-02,1.535869928192e-01,1.463153325487e-01,2.977716090182e-01,2.005012161219e-01,4.516429531956e-01,2.532581549809e-01,6.314317920142e-01,3.089267416332e-01,8.525174710733e-01
1.689451250944e+00,8.227397328874e-02,1.543679970141e-01,1.437977132969e-01,2.996373244623e-01,1.966838518910e-01,4.551575683690e-01,2.481914058092e-01,6.378652389539e-01,3.028182658774e-01,8.643176815762e-01
1.718175165208e+00,8.102880511876e-02,1.551387755985e-01,1.413011819878e-01,3.014672970450e-01,1.928924552290e-01,4.585884800362e-01,2.431491234800e-01,6.441605078716e-01,2.967298023706e-01,8.759837343868e-01
1.747387441151e+00,7.979518307079e-02,1.558991428767e-01,1.388260452970e-01,3.032604996815e-01,1.891277875434e-01,4.619320313031e-01,2.381326336765e-01,6.503085937539e-01,2.906633631929e-01,8.875007206952e-01
1.777096381860e+00,7.857316049278e-02,1.566489187488e-01,1.363726047015e-01,3.050159226513e-01,1.853906064235e-01,4.651845661423e-01,2.331432647069e-01,6.563003598672e-01,2.846209732100e-01,8.988533981475e-01
1.807310431589e+00,7.736278800394e-02,1.573879283196e-01,1.339411557991e-01,3.067325743803e-01,1.816816649975e-01,4.683424351644e-01,2.281823462414e-01,6.621265474123e-01,2.786046681935e-01,9.100262075740e-01
1.838038178161e+00,7.616411383499e-02,1.581160028784e-01,1.315319887708e-01,3.084094847949e-01,1.780017112719e-01,4.714020016183e-01,2.232512085456e-01,6.677777874608e-01,2.726164927730e-01,9.210032912038e-01
1.869288355409e+00,7.497718332278e-02,1.588329791765e-01,1.291453871953e-01,3.100457049772e-01,1.743514874284e-01,4.743596475490e-01,2.183511808850e-01,6.732446114236e-01,2.666584982505e-01,9.317685124466e-01
1.901069845656e+00,7.380203936858e-02,1.595387006638e-01,1.267816286945e-01,3.116403110301e-01,1.707317294270e-01,4.772117810655e-01,2.134835908545e-01,6.785174651357e-01,2.607327404275e-01,9.423054777709e-01
1.933391682244e+00,7.263872190874e-02,1.602330166673e-01,1.244409838890e-01,3.131924040131e-01,1.671431660332e-01,4.799548423488e-01,2.086497628293e-01,6.835867212831e-01,2.548412773894e-01,9.525975605693e-01
1.966263052097e+00,7.148726825353e-02,1.609157833879e-01,1.221237167281e-01,3.147011131555e-01,1.635865185230e-01,4.825853117908e-01,2.038510170188e-01,6.884426946195e-01,2.489861671276e-01,9.626279266017e-01
1.999693298336e+00,7.034771290759e-02,1.615868637967e-01,1.198300840393e-01,3.161655972233e-01,1.600624997101e-01,4.850997165305e-01,1.990886681336e-01,6.930756569660e-01,2.431694650787e-01,9.723795612704e-01
2.033691922933e+00,6.922008748337e-02,1.622461277019e-01,1.175603351509e-01,3.175850460196e-01,1.565718135424e-01,4.874946388812e-01,1.943640241236e-01,6.974758533989e-01,2.373932216909e-01,9.818352991714e-01
2.068268589410e+00,6.810442073383e-02,1.628934520751e-01,1.153147117403e-01,3.189586824536e-01,1.531151541658e-01,4.897667234563e-01,1.896783848599e-01,7.016335192156e-01,2.316594798327e-01,9.909778552182e-01
2.103433125589e+00,6.700073861441e-02,1.635287214568e-01,1.130934477985e-01,3.202857649714e-01,1.496932055195e-01,4.919126861653e-01,1.850330411273e-01,7.055388990657e-01,2.259702723097e-01,9.997898584120e-01
2.139195526383e+00,6.590906394307e-02,1.641518273767e-01,1.108967688293e-01,3.215655878372e-01,1.463066404575e-01,4.939293220043e-01,1.804292728171e-01,7.091822641412e-01,2.203276190307e-01,1.008253886306e+00
2.175565956639e+00,6.482941676548e-02,1.647626694598e-01,1.087248923038e-01,3.227974848965e-01,1.429561200658e-01,4.958135136635e-01,1.758683480043e-01,7.125539336151e-01,2.147335244223e-01,1.016352502658e+00
2.212554754024e+00,6.376181400152e-02,1.653611547752e-01,1.065780267838e-01,3.239808295539e-01,1.396422930951e-01,4.975622407756e-01,1.713515214356e-01,7.156442949159e-01,2.091899746322e-01,1.024068296304e+00
2.250172431967e+00,6.270626983500e-02,1.659471990355e-01,1.044563722341e-01,3.251150381515e-01,1.363657951745e-01,4.991725886455e-01,1.668800331584e-01,7.184438254882e-01,2.036989346962e-01,1.031383921892e+00
2.288429682644e+00,6.166279504584e-02,1.665207250571e-01,1.023601193237e-01,3.261995703203e-01,1.331272479614e-01,5.006417568923e-01,1.624551071690e-01,7.209431156188e-01,1.982623457217e-01,1.038282142698e+00
2.327337380020e+00,6.063139762210e-02,1.670816645232e-01,1.002894494227e-01,3.272339313501e-01,1.299272588059e-01,5.019670701600e-01,1.580779498928e-01,7.231328914871e-01,1.928821220095e-01,1.044745875074e+00
2.366906582936e+00,5.961208239993e-02,1.676299572022e-01,9.824453438939e-02,3.282176739013e-01,1.267664195818e-01,5.031459859125e-01,1.537497490044e-01,7.250040406554e-01,1.875601480795e-01,1.050758234199e+00
2.407148538258e+00,5.860485117885e-02,1.681655514008e-01,9.622553635711e-02,3.291503996594e-01,1.236453064052e-01,5.041761056893e-01,1.494716717816e-01,7.265476364089e-01,1.822982759234e-01,1.056302582811e+00
2.448074684067e+00,5.760970263968e-02,1.686884038641e-01,9.423260735839e-02,3.300317603526e-01,1.205644786076e-01,5.050551836249e-01,1.452448638585e-01,7.277549647784e-01,1.770983218504e-01,1.061362579301e+00
2.489696652914e+00,5.662663241475e-02,1.691984800886e-01,9.226588934559e-02,3.308614600292e-01,1.175244782609e-01,5.057811372196e-01,1.410704476715e-01,7.286175509874e-01,1.719620637191e-01,1.065922229418e+00
2.532026275128e+00,5.565563292525e-02,1.696957539350e-01,9.032551377378e-02,3.316392557536e-01,1.145258292125e-01,5.063520561596e-01,1.369495211047e-01,7.291271876543e-01,1.668912378243e-01,1.069965937285e+00
2.575075582173e+00,5.469669357183e-02,1.701802082626e-01,8.841160149883e-02,3.323649592768e-01,1.115690366884e-01,5.067662135565e-01,1.328831560131e-01,7.292759631473e-01,1.618875361351e-01,1.073478559642e+00
2.618856810074e+00,5.374980061767e-02,1.706518346395e-01,8.652426277666e-02,3.330384390370e-01,1.086545864212e-01,5.070220751878e-01,1.288723968719e-01,7.290562913250e-01,1.569526032442e-01,1.076445459261e+00
2.663382402890e+00,5.281493722005e-02,1.711106334708e-01,8.466359669885e-02,3.336596199211e-01,1.057829438649e-01,5.071183089766e-01,1.249182592981e-01,7.284609412426e-01,1.520880335113e-01,1.078852560280e+00
2.708665016253e+00,5.189208336497e-02,1.715566137949e-01,8.282969128031e-02,3.342284853197e-01,1.029545537801e-01,5.070537961497e-01,1.210217286098e-01,7.274830676176e-01,1.472953681550e-01,1.080686403654e+00
2.754717520965e+00,5.098121602272e-02,1.719897937772e-01,8.102262334889e-02,3.347450783676e-01,1.001698393189e-01,5.068276399472e-01,1.171837585654e-01,7.261162428803e-01,1.425760925058e-01,1.081934203987e+00
2.801553006658e+00,5.008230899213e-02,1.724102001687e-01,7.924245816153e-02,3.352095019107e-01,9.742920146822e-02,5.064391758454e-01,1.134052698052e-01,7.243544879090e-01,1.379316331118e-01,1.082583905234e+00
2.849184785512e+00,4.919533304784e-02,1.728178687390e-01,7.748924948473e-02,3.356219201905e-01,9.473301840101e-02,5.058879811678e-01,1.096871486631e-01,7.221923053510e-01,1.333633550846e-01,1.082624237791e+00
2.897626396037e+00,4.832025581164e-02,1.732128437534e-01,7.576303929167e-02,3.359825587912e-01,9.208164473806e-02,5.051738839545e-01,1.060302456659e-01,7.196247112815e-01,1.288725594672e-01,1.082044775163e+00
2.946891606928e+00,4.745704192497e-02,1.735951784661e-01,7.406385782131e-02,3.362917059463e-01,8.947541108257e-02,5.042969729790e-01,1.024353743606e-01,7.166472691323e-01,1.244604805549e-01,1.080835989217e+00
2.996994420972e+00,4.660565294688e-02,1.739649346319e-01,7.239172326768e-02,3.365497120500e-01,8.691462313924e-02,5.032576051450e-01,9.890330992841e-02,7.132561223019e-01,1.201282834677e-01,1.078989306092e+00
3.047949079029e+00,4.576604745653e-02,1.743221827187e-01,7.074664189255e-02,3.367569908516e-01,8.439956144005e-02,5.020564158296e-01,9.543478794073e-02,7.094480276546e-01,1.158770617255e-01,1.076497160467e+00
3.099770064084e+00,4.493818095361e-02,1.746670013457e-01,6.912860775034e-02,3.369140186887e-01,8.193048044746e-02,5.006943252509e-01,9.203050318131e-02,7.052203893521e-01,1.117078349532e-01,1.073353048818e+00
3.152472105358e+00,4.412200611168e-02,1.749994780363e-01,6.753760276458e-02,3.370213351234e-01,7.950760823353e-02,4.991725476075e-01,8.869110847867e-02,7.005712925324e-01,1.076215467075e-01,1.069551581268e+00
3.206070182499e+00,4.331747260445e-02,1.753197083266e-01,6.597359666124e-02,3.370795427175e-01,7.713114580722e-02,4.974925975845e-01,8.541721348175e-02,6.954995361138e-01,1.036190622943e-01,1.065088530315e+00
3.260579529835e+00,4.252452715356e-02,1.756277956623e-01,6.443654678468e-02,3.370893059472e-01,7.480126647318e-02,4.956562962650e-01,8.220938363333e-02,6.900046665687e-01,9.970116708127e-02,1.059960881060e+00
3.316015640710e+00,4.174311368656e-02,1.759238517418e-01,6.292639821926e-02,3.370513514003e-01,7.251811554875e-02,4.936657786054e-01,7.906813912327e-02,6.840870109073e-01,9.586856442881e-02,1.054166873778e+00
3.372394271882e+00,4.097317329321e-02,1.762079960264e-01,6.144308373735e-02,3.369664668713e-01,7.028180971505e-02,4.915234977662e-01,7.599395390225e-02,6.777477093381e-01,9.212187423127e-02,1.047706048390e+00
3.429731448007e+00,4.021464428137e-02,1.764803556208e-01,5.998652382796e-02,3.368355006106e-01,6.809243665527e-02,4.892322304172e-01,7.298725478201e-02,6.709887477156e-01,8.846163139379e-02,1.040579283649e+00
3.488043466187e+00,3.946746220572e-02,1.767410650128e-01,5.855662665260e-02,3.366593599003e-01,6.595005447809e-02,4.867950795816e-01,7.004842051608e-02,6.638129886898e-01,8.488828439627e-02,1.032788831874e+00
3.547346900610e+00,3.873155991201e-02,1.769902658502e-01,5.715328810919e-02,3.364390099279e-01,6.385469141089e-02,4.842154782825e-01,6.717778105752e-02,6.562242031730e-01,8.140219435748e-02,1.024338353778e+00
3.607658607254e+00,3.800686766840e-02,1.772281070971e-01,5.577639196021e-02,3.361754727786e-01,6.180634541207e-02,4.814971915168e-01,6.437561685891e-02,6.482271008481e-01,7.800363385646e-02,1.015232944237e+00
3.668995728683e+00,3.729331310379e-02,1.774547442920e-01,5.442580980812e-02,3.358698252497e-01,5.980498371292e-02,4.786443164030e-01,6.164215816166e-02,6.398273589804e-01,7.469278633462e-02,1.005479158414e+00
3.731375698916e+00,3.659082132093e-02,1.776703395665e-01,5.310140123184e-02,3.355231972971e-01,5.785054257768e-02,4.756612826354e-01,5.897758455330e-02,6.310316521877e-01,7.146974541255e-02,9.950850297607e-01
3.794816248385e+00,3.589931496491e-02,1.778750614519e-01,5.180301389235e-02,3.351367700163e-01,5.594292694534e-02,4.725528505952e-01,5.638202443147e-02,6.218476794771e-01,6.833451454233e-02,9.840600846863e-01
3.859335408973e+00,3.521871421244e-02,1.780690842684e-01,5.053048364671e-02,3.347117733645e-01,5.408201015927e-02,4.693241085825e-01,5.385555461020e-02,6.122841907032e-01,6.528700685951e-02,9.724153519330e-01
3.924951519139e+00,3.454893700146e-02,1.782525886900e-01,4.928363480162e-02,3.342494845060e-01,5.226763384669e-02,4.659804697087e-01,5.139820016030e-02,6.023510135282e-01,6.232704519895e-02,9.601633657393e-01
3.991683229132e+00,3.388989882648e-02,1.784257601036e-01,4.806228001999e-02,3.337512235353e-01,5.049960743245e-02,4.625276638278e-01,4.900993412838e-02,5.920590768381e-01,5.945436237323e-02,9.473181638795e-01
4.059549506290e+00,3.324151307150e-02,1.785887896668e-01,4.686622084312e-02,3.332183530143e-01,4.877770828253e-02,4.589717330847e-01,4.669067757395e-02,5.814204354563e-01,5.666860164527e-02,9.338952793298e-01
4.128569640432e+00,3.260369093378e-02,1.787418732726e-01,4.569524761308e-02,3.326522731627e-01,4.710168136208e-02,4.553190212253e-01,4.444029961766e-02,5.704482926956e-01,5.396931743292e-02,9.199117258649e-01
4.198763249344e+00,3.197634152281e-02,1.788852113806e-01,4.454913984868e-02,3.320544198381e-01,4.547123921897e-02,4.515761636980e-01,4.225861760277e-02,5.591570218114e-01,5.135597627625e-02,9.053859779507e-01
4.270150284347e+00,3.135937194096e-02,1.790190087454e-01,4.342766649520e-02,3.314262614038e-01,4.388606193144e-02,4.477500752626e-01,4.014539747000e-02,5.475621876999e-01,4.882795787210e-02,8.903379413731e-01
4.342751035977e+00,3.075268733475e-02,1.791434739615e-01,4.233058605994e-02,3.307692944148e-01,4.234579705765e-02,4.438479352648e-01,3.810035419937e-02,5.356805670686e-01,4.638455661153e-02,8.747889220288e-01
4.416586139746e+00,3.015619102663e-02,1.792588194548e-01,4.125764701756e-02,3.300850410344e-01,4.085005969263e-02,4.398771715218e-01,3.612315243791e-02,5.235301687003e-01,4.402498307563e-02,8.587615834085e-01
4.491676582009e+00,2.956978454770e-02,1.793652609000e-01,4.020858812196e-02,3.293750455387e-01,3.939843256696e-02,4.358454421162e-01,3.421340722585e-02,5.111302527715e-01,4.174836583209e-02,8.422798985035e-01
4.568043705932e+00,2.899336771825e-02,1.794630168876e-01,3.918313857295e-02,3.286408693506e-01,3.799046614339e-02,4.317606144918e-01,3.237068498529e-02,4.985013517886e-01,3.955375360596e-02,8.253690980705e-01
4.645709217552e+00,2.842683872741e-02,1.795523085756e-01,3.818101857380e-02,3.278840889931e-01,3.662567886350e-02,4.276307434252e-01,3.059450453219e-02,4.856652899469e-01,3.744011740808e-02,8.080556071521e-01
4.724695191953e+00,2.787009425259e-02,1.796333595872e-01,3.720193947017e-02,3.271062903852e-01,3.530355730188e-02,4.234640450867e-01,2.888433836943e-02,4.726452050018e-01,3.540635306776e-02,7.903669787623e-01
4.805024079537e+00,2.732302947696e-02,1.797063952580e-01,3.624560427667e-02,3.263090661362e-01,3.402355655704e-02,4.192688708414e-01,2.723961414858e-02,4.594655715381e-01,3.345128390073e-02,7.723318197742e-01
4.886718712406e+00,2.678553824221e-02,1.797716427345e-01,3.531170802719e-02,3.254940112033e-01,3.278510063217e-02,4.150536779977e-01,2.565971616993e-02,4.461522238501e-01,3.157366351618e-02,7.539797091095e-01
4.969802310851e+00,2.625751309394e-02,1.798293303874e-01,3.439993813419e-02,3.246627183995e-01,3.158758284122e-02,4.108269977499e-01,2.414398723946e-02,4.327323842063e-01,2.977217888929e-02,7.353411114609e-01
5.054298489953e+00,2.573884538344e-02,1.798796875841e-01,3.350997488300e-02,3.238167749830e-01,3.043036638841e-02,4.065974021561e-01,2.269173066523e-02,4.192346937945e-01,2.804545375573e-02,7.164472889239e-01
5.140231266295e+00,2.522942530031e-02,1.799229439819e-01,3.264149181655e-02,3.229577581251e-01,2.931278494900e-02,4.023734680209e-01,2.130221219586e-02,4.056892432043e-01,2.639205172813e-02,6.973301961739e-01
5.227625064788e+00,2.472914205532e-02,1.799593298682e-01,3.179415620286e-02,3.220872310369e-01,2.823414344391e-02,3.981637402243e-01,1.997466234108e-02,3.921276109730e-01,2.481048003568e-02,6.780223817702e-01
5.316504725612e+00,2.423788388251e-02,1.799890752466e-01,3.096762950441e-02,3.212067390599e-01,2.719371882348e-02,3.939766921520e-01,1.870827871931e-02,3.785829047481e-01,2.329919322981e-02,6.585568806518e-01
5.406895511281e+00,2.375553818410e-02,1.800124099349e-01,3.016156782104e-02,3.203178054373e-01,2.619076095946e-02,3.898206845723e-01,1.750222838653e-02,3.650898045190e-01,2.185659698673e-02,6.389671014118e-01
5.498823113815e+00,2.328199156545e-02,1.800295628734e-01,2.937562243603e-02,3.194219281440e-01,2.522449378367e-02,3.857039252271e-01,1.635565015354e-02,3.516846083163e-01,2.048105202035e-02,6.192867094442e-01
5.592313662053e+00,2.281712994525e-02,1.800407619872e-01,2.860944022395e-02,3.185205752894e-01,2.429411633512e-02,3.816344244065e-01,1.526765676558e-02,3.384052778911e-01,1.917087815970e-02,5.995495085990e-01
5.687393729072e+00,2.236083865784e-02,1.800462340186e-01,2.786266421829e-02,3.176151822621e-01,2.339880416195e-02,3.776199533503e-01,1.423733689601e-02,3.252914830005e-01,1.792435864064e-02,5.797893244767e-01
5.784090339741e+00,2.191300252536e-02,1.800462041412e-01,2.713493409760e-02,3.167071481186e-01,2.253771069343e-02,3.736680000892e-01,1.326375640141e-02,3.123846307399e-01,1.673974407208e-02,5.600398734679e-01
5.882430978407e+00,2.147350590227e-02,1.800408953439e-01,2.642588665477e-02,3.157978318660e-01,2.170996879165e-02,3.697857261814e-01,1.234595907680e-02,2.997278822865e-01,1.561525692278e-02,5.403346449759e-01
5.982443596700e+00,2.104223283740e-02,1.800305287973e-01,2.573515639219e-02,3.148885503790e-01,2.091469256197e-02,3.659799262971e-01,1.148296606282e-02,2.873661332248e-01,1.454909574286e-02,5.207067736612e-01
6.084156621484e+00,2.061906709320e-02,1.800153230716e-01,2.506237593290e-02,3.139805743556e-01,2.015097908896e-02,3.622569855592e-01,1.067377387096e-02,2.753459490756e-01,1.353943954281e-02,5.011889162786e-01
6.187598962934e+00,2.020389226596e-02,1.799954942101e-01,2.440717658927e-02,3.130751263576e-01,1.941791055808e-02,3.586228430004e-01,9.917350165337e-03,2.637154245337e-01,1.258445211291e-02,4.818131273412e-01
6.292800022751e+00,1.979659182207e-02,1.799712551018e-01,2.376918888283e-02,3.121733785853e-01,1.871455631378e-02,3.550829540838e-01,9.212626878374e-03,2.525239402760e-01,1.168228637879e-02,4.626107383089e-01
6.399789702525e+00,1.939704921923e-02,1.799428156195e-01,2.314804300684e-02,3.112764502219e-01,1.803997520911e-02,3.516422592187e-01,8.558489933901e-03,2.418217780548e-01,1.083108870056e-02,4.436122384464e-01
6.508598412228e+00,1.900514798669e-02,1.799103824426e-01,2.254336933742e-02,3.103854057218e-01,1.739321795840e-02,3.483051538225e-01,7.953764891426e-03,2.316595487255e-01,1.002900309905e-02,4.248471579434e-01
6.619257078860e+00,1.862077175460e-02,1.798741584199e-01,2.195479892833e-02,3.095012532834e-01,1.677332973712e-02,3.450754653257e-01,7.397198104123e-03,2.220873883823e-01,9.274175527147e-03,4.063439597414e-01
6.731797155240e+00,1.824380436180e-02,1.798343426820e-01,2.138196400308e-02,3.086249437184e-01,1.617935270563e-02,3.419564316515e-01,6.887433155125e-03,2.131538763776e-01,8.564757861688e-03,3.881299280207e-01
6.846250628946e+00,1.787412994430e-02,1.797911306295e-01,2.082449836856e-02,3.077573686481e-01,1.561032879317e-02,3.389506886742e-01,6.422983400479e-03,2.049046567762e-01,7.898912042189e-03,3.702310727962e-01
6.962650031405e+00,1.751163295467e-02,1.797447132661e-01,2.028203793195e-02,3.068993606403e-01,1.506530241146e-02,3.360602608958e-01,6.002201520315e-03,1.973807487762e-01,7.274813858964e-03,3.526720306329e-01
7.081028447141e+00,1.715619830438e-02,1.796952777894e-01,1.975422109680e-02,3.060516921265e-01,1.454332323971e-02,3.332865589481e-01,5.623249392694e-03,1.906166160598e-01,6.690656807093e-03,3.354759812258e-01
7.201419523179e+00,1.680771132268e-02,1.796430063515e-01,1.924068918726e-02,3.052150752228e-01,1.404344902392e-02,3.306303835872e-01,5.284071658130e-03,1.846380903237e-01,6.144655624862e-03,3.186645637022e-01
7.323857478607e+00,1.646605796399e-02,1.795880774288e-01,1.874108688442e-02,3.043901623198e-01,1.356474831752e-02,3.280919352539e-01,4.982378207072e-03,1.794603387514e-01,5.635049837422e-03,3.022578091717e-01
7.448377114304e+00,1.613112472713e-02,1.795306642099e-01,1.825506258957e-02,3.035775461262e-01,1.310630318157e-02,3.256708302307e-01,4.715640686608e-03,1.750861079724e-01,5.160106988437e-03,2.862740751852e-01
7.575013822830e+00,1.580279879704e-02,1.794709353616e-01,1.778226875198e-02,3.027777596712e-01,1.266721178223e-02,3.233661224980e-01,4.481107478205e-03,1.715045055990e-01,4.718125767617e-03,2.707299934257e-01
7.703803598487e+00,1.548096810099e-02,1.794090549545e-01,1.732236227613e-02,3.019912782299e-01,1.224659087277e-02,3.211763314016e-01,4.275839508701e-03,1.686905522489e-01,4.307438944101e-03,2.556404273441e-01
7.834783047550e+00,1.516552133822e-02,1.793451821153e-01,1.687500481602e-02,3.012185200287e-01,1.184357811435e-02,3.190994742942e-01,4.096765981356e-03,1.666056446958e-01,3.926416021998e-03,2.410184355506e-01
7.967989398669e+00,1.485634802901e-02,1.792794709216e-01,1.643986305326e-02,3.004598472389e-01,1.145733421062e-02,3.171331036311e-01,3.940755771800e-03,1.651989436666e-01,3.573465818501e-03,2.268752534030e-01
8.103460513455e+00,1.455333859545e-02,1.792120707237e-01,1.601660900433e-02,2.997155681206e-01,1.108704486781e-02,3.152743488786e-01,3.804697303326e-03,1.644095524060e-01,3.247038666580e-03,2.132202758182e-01
8.241234897236e+00,1.425638437291e-02,1.791431256865e-01,1.560492023813e-02,2.989859381884e-01,1.073192246484e-02,3.135199599180e-01,3.685578319768e-03,1.641692339602e-01,2.945628476147e-03,2.000610553127e-01
8.381351710007e+00,1.396537768816e-02,1.790727751763e-01,1.520448013436e-02,2.982711627459e-01,1.039120754711e-02,3.118663547382e-01,3.580557523056e-03,1.644053602633e-01,2.667774623512e-03,1.874033146720e-01
8.523850777558e+00,1.368021187240e-02,1.790011533901e-01,1.481497804616e-02,2.975713982360e-01,1.006417002246e-02,3.103096676011e-01,3.487021979082e-03,1.650437920580e-01,2.412063466740e-03,1.752509606138e-01
8.668772602792e+00,1.340078132204e-02,1.789283896241e-01,1.443610951111e-02,2.968867551133e-01,9.750110124640e-03,3.088457989222e-01,3.402626966111e-03,1.660114484958e-01,2.177129760590e-03,1.636061165408e-01
8.816158377241e+00,1.312698153804e-02,1.788546083271e-01,1.406757640950e-02,2.962173003357e-01,9.448359064399e-03,3.074704637072e-01,3.325317747817e-03,1.672384140549e-01,1.961657751180e-03,1.524691592517e-01
8.966049992771e+00,1.285870913553e-02,1.787799287899e-01,1.370908702919e-02,2.955630584666e-01,9.158279477259e-03,3.061792410423e-01,3.253335035728e-03,1.686595243202e-01,1.764382083887e-03,1.418387683059e-01
9.118490053490e+00,1.259586189895e-02,1.787044654854e-01,1.336035624823e-02,2.949240157802e-01,8.879265569598e-03,3.049676206496e-01,3.185207093145e-03,1.702154376853e-01,1.584088441385e-03,1.317119812188e-01
9.273521887859e+00,1.233833881257e-02,1.786283281333e-01,1.302110557915e-02,2.943001220443e-01,8.610743068267e-03,3.038310488691e-01,3.119732140790e-03,1.718532578970e-01,1.419614092286e-03,1.220842682786e-01
9.431189561004e+00,1.208604007973e-02,1.785516216467e-01,1.269106322589e-02,2.936912930256e-01,8.352168883997e-03,3.027649699976e-01,3.055954354512e-03,1.735267833020e-01,1.269847985232e-03,1.129495960914e-01
9.591537887245e+00,1.183886712696e-02,1.784744458809e-01,1.236996412766e-02,2.930974131922e-01,8.103030620431e-03,3.017648663423e-01,2.993136487310e-03,1.751964755218e-01,1.133730811391e-03,1.043005126084e-01
9.754612442830e+00,1.159672268277e-02,1.783968965357e-01,1.205754999451e-02,2.925183387192e-01,7.862845863884e-03,3.008262937044e-01,2.930731355620e-03,1.768292258069e-01,1.010254899939e-03,9.612824290619e-02
9.920459578891e+00,1.135951073874e-02,1.783190643581e-01,1.175356927749e-02,2.919538993881e-01,7.631161335163e-03,2.999449141041e-01,2.868353774510e-03,1.783979832097e-01,8.984637164889e-04,8.842277229284e-02
1.008912643462e+01,1.112713660807e-02,1.782410358380e-01,1.145777716244e-02,2.914039014100e-01,7.407551847666e-03,2.991165225588e-01,2.805754092081e-03,1.798813015029e-01,7.974513578332e-04,8.117295028130e-02
1.026066095066e+01,1.089950691728e-02,1.781628929300e-01,1.116993555248e-02,2.908681303926e-01,7.191619216288e-03,2.983370724286e-01,2.742793892870e-03,1.812628402309e-01,7.063618366528e-04,7.436659576359e-02
1.043511188274e+01,1.067652963790e-02,1.780847134378e-01,1.088981297187e-02,2.903463526350e-01,6.982991017902e-03,2.976026945940e-01,2.679424205520e-03,1.825308491129e-01,6.243881389163e-04,6.799059849540e-02
1.061252881554e+01,1.045811407071e-02,1.780065706666e-01,1.061718454058e-02,2.898383185087e-01,6.781319290406e-03,2.969097129053e-01,2.615666251133e-03,1.836776512739e-01,5.507712005832e-04,6.203102938118e-02
1.079296217675e+01,1.024417089372e-02,1.779285341650e-01,1.035183187313e-02,2.893437641642e-01,6.586279225177e-03,2.962546575739e-01,2.551594719812e-03,1.846991402897e-01,4.847987324529e-04,5.647325052559e-02
1.097646325146e+01,1.003461214547e-02,1.778506694405e-01,1.009354299573e-02,2.888624139275e-01,6.397567763545e-03,2.956342719674e-01,2.487323431542e-03,1.855942987507e-01,4.258039251349e-04,5.130202594948e-02
1.116308419668e+01,9.829351223379e-03,1.777730379319e-01,9.842112229347e-03,2.883939819469e-01,6.214902245467e-03,2.950455186082e-01,2.422993088199e-03,1.863647349403e-01,3.731640147011e-04,4.650162799732e-02
1.135287805620e+01,9.628302903398e-03,1.776956973953e-01,9.597340090170e-03,2.879381744852e-01,6.038019012873e-03,2.944855795962e-01,2.358761058843e-03,1.870142503727e-01,3.262987924350e-04,4.205594660340e-02
1.154589877565e+01,9.431383361674e-03,1.776187023961e-01,9.359033176730e-03,2.874946919951e-01,5.866672100269e-03,2.939518571793e-01,2.294792928631e-03,1.875484352636e-01,2.846690408590e-04,3.794859745531e-02
1.174220121784e+01,9.238510110060e-03,1.775421032249e-01,9.127003996079e-03,2.870632294263e-01,5.700631883527e-03,2.934419680864e-01,2.231255521181e-03,1.879742847774e-01,2.477748456380e-04,3.416301965775e-02
1.194184117837e+01,9.049602073624e-03,1.774659474793e-01,8.901070890606e-03,2.866434796467e-01,5.539683837624e-03,2.929537386255e-01,2.168311407450e-03,1.882998518527e-01,2.151539227256e-04,3.068257825279e-02
1.214487540144e+01,8.864579526372e-03,1.773902790227e-01,8.681057858999e-03,2.862351336918e-01,5.383627322715e-03,2.924851966322e-01,2.106114576073e-03,1.885339246857e-01,1.863798507485e-04,2.749065494921e-02
1.235136159604e+01,8.683364121627e-03,1.773151387593e-01,8.466794411621e-03,2.858378820130e-01,5.232274439063e-03,2.920345622199e-01,2.044807173542e-03,1.886857338470e-01,1.610603313239e-04,2.457074137097e-02
1.256135845232e+01,8.505878881764e-03,1.772405646722e-01,8.258115457132e-03,2.854514167817e-01,5.085448953466e-03,2.916002375937e-01,1.984517211197e-03,1.887646928508e-01,1.388353574717e-04,2.190651536712e-02
1.277492565825e+01,8.332048176706e-03,1.771665916379e-01,8.054861103642e-03,2.850754312908e-01,4.942985259230e-03,2.911807938558e-01,1.925357024358e-03,1.887801646179e-01,1.193754890749e-04,1.948192768177e-02
1.299212391663e+01,8.161797723130e-03,1.770932516764e-01,7.856876538549e-03,2.847096218934e-01,4.804727474434e-03,2.907749609130e-01,1.867422472891e-03,1.887412636277e-01,1.023800294279e-04,1.728126612941e-02
1.321301496234e+01,7.995054608723e-03,1.770205747978e-01,7.664011902865e-03,2.843536897949e-01,4.670528584023e-03,2.903816155915e-01,1.810792741245e-03,1.886566911680e-01,8.757521526952e-05,1.528921074945e-02
1.343766157983e+01,7.831747205316e-03,1.769485874480e-01,7.476122080724e-03,2.840073396457e-01,4.540249585091e-03,2.899997653405e-01,1.755530577360e-03,1.885345971227e-01,7.471260492375e-05,1.349091101095e-02
1.366612762104e+01,7.671805238417e-03,1.768773143734e-01,7.293066583237e-03,2.836702813561e-01,4.413758841130e-03,2.896285405212e-01,1.701682974477e-03,1.883824771669e-01,6.356728991810e-05,1.187202057376e-02
1.389847802351e+01,7.515159733627e-03,1.768067778282e-01,7.114709405910e-03,2.833422308863e-01,4.290931376078e-03,2.892671791750e-01,1.649282167644e-03,1.882071003855e-01,5.393623153895e-05,1.041873732757e-02
1.413477882882e+01,7.361743010755e-03,1.767369978286e-01,6.940918879069e-03,2.830229106221e-01,4.171648310470e-03,2.889150170857e-01,1.598346859118e-03,1.880144649695e-01,4.563671442106e-05,9.117849194416e-03
1.437509720142e+01,7.211488665489e-03,1.766679921369e-01,6.771567496924e-03,2.827120486642e-01,4.055796309713e-03,2.885714752586e-01,1.548883593636e-03,1.878097789575e-01,3.850475733791e-05,7.956754725262e-03
1.461950144766e+01,7.064331576387e-03,1.765997768783e-01,6.606531820403e-03,2.824093809240e-01,3.943267133998e-03,2.882360511204e-01,1.500888252444e-03,1.875974674226e-01,3.239363412650e-05,6.923485674522e-03
1.486806103524e+01,6.920207867232e-03,1.765323660961e-01,6.445692293766e-03,2.821146495072e-01,3.833957191350e-03,2.879083070480e-01,1.454347586053e-03,1.873812008656e-01,2.717245167148e-05,6.006721486836e-03
1.512084661292e+01,6.779054893775e-03,1.764657718832e-01,6.288933143422e-03,2.818276043006e-01,3.727767178554e-03,2.875878624677e-01,1.409240692967e-03,1.871639359222e-01,2.272480852640e-05,5.195800273551e-03
1.537793003067e+01,6.640811245708e-03,1.764000049348e-01,6.136142227169e-03,2.815480022750e-01,3.624601782711e-03,2.872743883065e-01,1.365540497992e-03,1.869479768398e-01,1.894749470320e-05,4.480717417511e-03
1.563938436000e+01,6.505416703949e-03,1.763350739550e-01,5.987210912695e-03,2.812756078216e-01,3.524369293481e-03,2.869675922211e-01,1.323215088750e-03,1.867350405318e-01,1.574929720326e-05,3.852126007469e-03
1.590528391480e+01,6.372812264043e-03,1.762709868140e-01,5.842033958067e-03,2.810101929960e-01,3.426981467824e-03,2.866672215766e-01,1.282228977618e-03,1.865263336862e-01,1.304984648979e-05,3.301324801443e-03
1.617570427245e+01,6.242940070715e-03,1.762077493375e-01,5.700509381970e-03,2.807515370607e-01,3.332353215443e-03,2.863730507470e-01,1.242544177410e-03,1.863226257278e-01,1.077857527140e-05,2.820250960798e-03
1.645072229527e+01,6.115743427186e-03,1.761453660912e-01,5.562538342509e-03,2.804994261607e-01,3.240402432469e-03,2.860848786488e-01,1.204121172855e-03,1.861243272185e-01,8.873711311112e-06,2.401459340260e-03
1.673041615238e+01,5.991166793879e-03,1.760838409467e-01,5.428025055848e-03,2.802536547861e-01,3.151049847086e-03,2.858025263397e-01,1.166919736197e-03,1.859315646091e-01,7.281377133624e-06,2.038107152420e-03
1.701486534196e+01,5.869155729032e-03,1.760231759678e-01,5.296876638763e-03,2.800140232033e-01,3.064218821937e-03,2.855258296289e-01,1.130899564351e-03,1.857442448097e-01,5.954726743631e-06,1.723926992451e-03
1.730415071377e+01,5.749656896901e-03,1.759633722173e-01,5.169003042554e-03,2.797803392362e-01,2.979835232213e-03,2.852546371891e-01,1.096020807749e-03,1.855621173842e-01,4.853152209622e-06,1.453196992411e-03
1.759835449220e+01,5.632618055673e-03,1.759044300242e-01,5.044316942565e-03,2.795524176407e-01,2.897827375436e-03,2.849888110406e-01,1.062244493669e-03,1.853848327609e-01,3.941633493267e-06,1.220732094747e-03
1.789756029961e+01,5.517988026991e-03,1.758463486883e-01,4.922733636428e-03,2.793300796713e-01,2.818125819988e-03,2.847282205190e-01,1.029532776475e-03,1.852119819841e-01,3.190015217092e-06,1.021834174703e-03
1.820185318009e+01,5.405716675540e-03,1.757891264641e-01,4.804170947756e-03,2.791131526958e-01,2.740663318388e-03,2.844727415707e-01,9.978491264021e-04,1.850431334187e-01,2.572438486520e-06,8.522680588903e-04
1.851131962364e+01,5.295754899510e-03,1.757327608931e-01,4.688549160294e-03,2.789014713696e-01,2.665374745561e-03,2.842222582688e-01,9.671584655547e-04,1.848778665309e-01,2.066861839896e-06,7.082493851708e-04
1.882604759077e+01,5.188054608763e-03,1.756772487521e-01,4.575790889171e-03,2.786948749544e-01,2.592196968053e-03,2.839766566940e-01,9.374271653025e-04,1.847157844318e-01,1.654478717371e-06,5.863804593333e-04
1.914612653748e+01,5.082568707318e-03,1.756225861303e-01,4.465821041179e-03,2.784932096059e-01,2.521068814114e-03,2.837358288371e-01,9.086230737553e-04,1.845565341897e-01,1.319372243598e-06,4.836477737574e-04
1.947164744070e+01,4.979251070532e-03,1.755687683185e-01,4.358566715374e-03,2.782963270053e-01,2.451930977198e-03,2.834996691860e-01,8.807154524294e-04,1.843998110618e-01,1.048099244748e-06,3.973816448048e-04
1.980270282412e+01,4.878056533140e-03,1.755157900616e-01,4.253957122253e-03,2.781040838191e-01,2.384725959623e-03,2.832680752265e-01,8.536749169924e-04,1.842453632936e-01,8.293506486906e-07,3.252274012933e-04
2.013938678455e+01,4.778940877267e-03,1.754636458306e-01,4.151923521623e-03,2.779163421567e-01,2.319398008746e-03,2.830409468574e-01,8.274733455646e-04,1.840929894676e-01,6.536487569881e-07,2.651166022633e-04
2.048179501858e+01,4.681860796775e-03,1.754123292260e-01,4.052399155099e-03,2.777329695572e-01,2.255893066578e-03,2.828181871357e-01,8.020837958185e-04,1.839425362219e-01,5.130901882259e-07,2.152433489599e-04
2.083002484986e+01,4.586773896162e-03,1.753618336151e-01,3.955319168967e-03,2.775538381279e-01,2.194158704226e-03,2.825997009416e-01,7.774804241717e-04,1.837938949602e-01,4.010997016187e-07,1.740331235625e-04
2.118417525673e+01,4.493638660623e-03,1.753121517100e-01,3.860620549555e-03,2.773788242908e-01,2.134144059243e-03,2.823853935546e-01,7.536383653194e-04,1.836469872715e-01,3.122452083958e-07,1.401260577635e-04
2.154434690032e+01,4.402414448330e-03,1.752632759629e-01,3.768242070296e-03,2.772078091942e-01,2.075799823032e-03,2.821751755622e-01,7.305337046673e-04,1.835017700514e-01,2.420458398632e-07,1.123477267532e-04
2.191064215322e+01,4.313061477495e-03,1.752151987848e-01,3.678124241350e-03,2.770406792243e-01,2.019078152455e-03,2.819689577713e-01,7.081433780796e-04,1.833582220478e-01,1.868144625783e-07,8.968518469125e-05
2.228316512855e+01,4.225540792048e-03,1.751679118889e-01,3.590209218352e-03,2.768773232810e-01,1.963932635584e-03,2.817666527776e-01,6.864451005700e-04,1.832163348881e-01,1.435532555838e-07,7.127985430717e-05
2.266202170953e+01,4.139814254646e-03,1.751214066926e-01,3.504440782809e-03,2.767176351651e-01,1.910318249144e-03,2.815681753578e-01,6.654173399093e-04,1.830761142645e-01,1.098183973585e-07,5.639912991077e-05
2.304731957963e+01,4.055844540527e-03,1.750756747922e-01,3.420764277216e-03,2.765615125145e-01,1.858191318776e-03,2.813734431234e-01,6.450392587591e-04,1.829375720108e-01,8.361912745833e-08,4.441671947080e-05
2.343916825313e+01,3.973595093744e-03,1.750307068236e-01,3.339126545958e-03,2.764088559163e-01,1.807509459270e-03,2.811823739357e-01,6.252906761089e-04,1.828007219494e-01,6.338447907247e-08,3.482309105855e-05
2.383767910624e+01,3.893030146603e-03,1.749864940056e-01,3.259475904362e-03,2.762595701383e-01,1.758231558957e-03,2.809948897172e-01,6.061520496229e-04,1.826655809835e-01,4.781727686522e-08,2.717144769780e-05
2.424296540883e+01,3.814114676147e-03,1.749430269735e-01,3.181762081872e-03,2.761135631605e-01,1.710317714612e-03,2.808109125576e-01,5.876044301418e-04,1.825321615181e-01,3.590314252743e-08,2.110104417865e-05
2.465514235653e+01,3.736814402042e-03,1.749002963868e-01,3.105936173837e-03,2.759707456961e-01,1.663729216435e-03,2.806303683835e-01,5.696294636261e-04,1.824004774310e-01,2.682447772985e-08,1.630595742143e-05
2.507432710354e+01,3.661095763971e-03,1.748582926190e-01,3.031950609340e-03,2.758310319712e-01,1.618428485107e-03,2.804531827221e-01,5.522093453769e-04,1.822705352688e-01,1.994506090906e-08,1.253989618537e-05
2.550063879589e+01,3.586925912278e-03,1.748170060373e-01,2.959759103547e-03,2.756943390535e-01,1.574379058923e-03,2.802792844483e-01,5.353268231571e-04,1.821423402357e-01,1.475512448721e-08,9.595000404989e-06
2.593419860535e+01,3.514272692245e-03,1.747764269851e-01,2.889316619112e-03,2.755605868189e-01,1.531545550381e-03,2.801086043675e-01,5.189651765701e-04,1.820158948735e-01,1.085849107497e-08,7.303232781489e-06
2.637512976380e+01,3.443104628635e-03,1.747365457581e-01,2.820579329644e-03,2.754296979927e-01,1.489893611039e-03,2.799410748906e-01,5.031082008858e-04,1.818911989260e-01,7.950550139613e-09,5.530780090186e-06
2.682355759835e+01,3.373390906833e-03,1.746973523850e-01,2.753504578012e-03,2.753015975619e-01,1.449389898120e-03,2.797766297792e-01,4.877401849687e-04,1.817682468200e-01,5.791132587670e-09,4.166738673023e-06
2.727960956686e+01,3.305101366847e-03,1.746588370429e-01,2.688050843428e-03,2.751762128830e-01,1.410002044288e-03,2.796152042704e-01,4.728459104377e-04,1.816470326764e-01,4.194593199700e-09,3.121520195148e-06
2.774341529426e+01,3.238206487712e-03,1.746209899916e-01,2.624177713634e-03,2.750534742276e-01,1.371698632230e-03,2.794567359993e-01,4.584106295885e-04,1.815275477132e-01,3.018931801797e-09,2.323663029362e-06
2.821510660932e+01,3.172677368870e-03,1.745838013151e-01,2.561845847594e-03,2.749333142750e-01,1.334449165501e-03,2.793011650871e-01,4.444200616698e-04,1.814097844597e-01,2.167218710495e-09,1.725305999922e-06
2.869481758218e+01,3.108485717089e-03,1.745472609247e-01,2.501016929567e-03,2.748156664700e-01,1.298224017260e-03,2.791484292772e-01,4.308603553006e-04,1.812937273421e-01,1.539951029599e-09,1.267984214491e-06
2.918268456241e+01,3.045603845338e-03,1.745113592318e-01,2.441653671271e-03,2.747004684454e-01,1.262994450089e-03,2.789984737685e-01,4.177181144402e-04,1.811793688691e-01,1.093418622651e-09,9.311870937706e-07
2.967884621779e+01,2.984004645166e-03,1.744760863378e-01,2.383719748420e-03,2.745876582809e-01,1.228732534464e-03,2.788512395028e-01,4.049803408404e-04,1.810666913820e-01,7.689538311453e-10,6.773206118650e-07
3.018344357372e+01,2.923661584284e-03,1.744414326089e-01,2.327179792172e-03,2.744771765784e-01,1.195411168955e-03,2.787066729879e-01,3.926344607089e-04,1.809556839179e-01,5.380321242199e-10,4.901689295487e-07
3.069662005331e+01,2.864548681345e-03,1.744073879175e-01,2.271999353828e-03,2.743689655150e-01,1.163004026464e-03,2.785647198838e-01,3.806682854865e-04,1.808463308327e-01,3.747520158294e-10,3.531222598716e-07
3.121852151812e+01,2.806640520104e-03,1.743739432191e-01,2.218144891224e-03,2.742629703364e-01,1.131485545736e-03,2.784253284406e-01,3.690700154844e-04,1.807386190062e-01,2.524309142433e-10,2.460181809507e-07
3.174929630965e+01,2.749912199203e-03,1.743410882274e-01,2.165583707591e-03,2.741591349473e-01,1.100830890543e-03,2.782884451578e-01,3.578282047470e-04,1.806325266702e-01,1.808879179941e-10,1.823382440658e-07
3.228909529150e+01,2.694339360574e-03,1.743088138669e-01,2.114283982826e-03,2.740574087409e-01,1.071015962404e-03,2.781540234360e-01,3.469317920879e-04,1.805280443616e-01,1.234294506264e-10,1.286857770645e-07
3.283807189220e+01,2.639898152191e-03,1.742771106834e-01,2.064214704267e-03,2.739577409971e-01,1.042017341198e-03,2.780220142530e-01,3.363700512671e-04,1.804251562990e-01,7.612388252038e-11,8.208734873429e-08
3.339638214892e+01,2.586565218117e-03,1.742459688744e-01,2.015345644370e-03,2.738600807232e-01,1.013812268397e-03,2.778923667437e-01,3.261325767765e-04,1.803238376199e-01,5.463316967894e-11,6.093337615002e-08
3.396418475170e+01,2.534317708322e-03,1.742153796669e-01,1.967647374455e-03,2.737643814112e-01,9.863786649970e-04,2.777650385041e-01,3.162093198130e-04,1.802240796027e-01,3.659434607583e-11,4.221398778421e-08
3.454164108866e+01,2.483133241541e-03,1.741853335576e-01,1.921091206998e-03,2.736705962190e-01,9.596950599767e-04,2.776399815521e-01,3.065905243188e-04,1.801258607656e-01,2.401434566078e-11,2.865211542442e-08
3.512891529181e+01,2.432989911926e-03,1.741558214473e-01,1.875649194632e-03,2.735786806160e-01,9.337406125911e-04,2.775171536090e-01,2.972667517941e-04,1.800291659454e-01,1.665237162941e-11,2.054970416868e-08
3.572617428372e+01,2.383866276913e-03,1.741268345317e-01,1.831294096319e-03,2.734885904292e-01,9.084950682746e-04,2.773965108587e-01,2.882288531772e-04,1.799339758442e-01,1.257419218599e-11,1.604919001544e-08
3.633358782496e+01,2.335741339687e-03,1.740983637566e-01,1.787999368866e-03,2.734002833870e-01,8.839387502589e-04,2.772780104897e-01,2.794679691728e-04,1.798402726544e-01,9.843798023645e-12,1.299508918911e-08
3.695132856237e+01,2.288594545971e-03,1.740704002776e-01,1.745739140184e-03,2.733137179470e-01,8.600525486997e-04,2.771616127053e-01,2.709755191929e-04,1.797480390288e-01,8.849847506622e-12,1.208358782578e-08
3.757957207810e+01,2.242405774102e-03,1.740429354412e-01,1.704488197749e-03,2.732288542987e-01,8.368178856378e-04,2.770472748876e-01,2.627431881936e-04,1.796572551973e-01,3.792674292072e-12,5.356106560486e-09
3.821849693955e+01,2.197155323958e-03,1.740159606541e-01,1.664221967529e-03,2.731456538640e-01,8.142167263651e-04,2.769349603904e-01,2.547629284877e-04,1.795679058991e-01,3.552474267178e-12,5.188934001566e-09
3.886828475010e+01,2.152823910789e-03,1.739894676158e-01,1.624916489987e-03,2.730640781463e-01,7.922315344807e-04,2.768246289690e-01,2.470269353416e-04,1.794799693833e-01,1.619860825332e-12,2.447194309019e-09
3.952912020073e+01,2.109392647807e-03,1.739634476362e-01,1.586548419116e-03,2.729840912896e-01,7.708452781140e-04,2.767162437794e-01,2.395276586009e-04,1.793934310946e-01,1.333937159234e-12,2.084345300765e-09
4.020119112254e+01,2.066843050334e-03,1.739378926662e-01,1.549094985359e-03,2.729056565711e-01,7.500414030292e-04,2.766097671930e-01,2.322577726658e-04,1.793082676288e-01,1.868658074375e-12,3.020005151545e-09
4.088468854009e+01,2.025157019932e-03,1.739127947215e-01,1.512534003390e-03,2.728287403853e-01,7.298038315638e-04,2.765051655148e-01,2.252101963255e-04,1.792244670963e-01,1.183152161475e-12,1.977707173249e-09
4.157980672575e+01,1.984316833182e-03,1.738881456236e-01,1.476843834150e-03,2.727533082852e-01,7.101169288670e-04,2.764024015990e-01,2.183780581561e-04,1.791420085254e-01,4.585614501487e-12,7.927978700437e-09
4.228674325489e+01,1.944305136766e-03,1.738639372557e-01,1.442003382755e-03,2.726793271432e-01,6.909655062915e-04,2.763014409080e-01,2.117547009892e-04,1.790608701300e-01,2.483665449777e-12,4.441212707059e-09
4.300569906203e+01,1.905104945995e-03,1.738401621510e-01,1.407992085256e-03,2.726067653952e-01,6.723348043072e-04,2.762022500367e-01,2.053336823284e-04,1.789810355108e-01,2.186887197654e-12,4.044626335188e-09
4.373687849797e+01,1.866699624555e-03,1.738168123870e-01,1.374789888552e-03,2.725355918853e-01,6.542104783086e-04,2.761047960294e-01,1.991087618928e-04,1.789024892485e-01,1.380266053683e-12,2.640331004188e-09
4.448048938785e+01,1.829072891354e-03,1.737938808999e-01,1.342377240524e-03,2.724657765294e-01,6.365785904220e-04,2.760090480197e-01,1.930738902603e-04,1.788252124265e-01,4.523826080259e-12,8.950452944660e-09
4.523674309027e+01,1.792208792175e-03,1.737713595351e-01,1.310735071998e-03,2.723972893085e-01,6.194255864468e-04,2.759149723583e-01,1.872232044971e-04,1.787491837875e-01,2.889427297331e-12,5.912816896941e-09
4.600585455730e+01,1.756091718115e-03,1.737492414660e-01,1.279844793098e-03,2.723301020959e-01,6.027383020888e-04,2.758225401699e-01,1.815510325613e-04,1.786743895951e-01,5.317324107606e-12,1.125432200719e-08
4.678804239563e+01,1.720706377068e-03,1.737275191613e-01,1.249688269533e-03,2.722641863097e-01,5.865039322013e-04,2.757317186379e-01,1.760518706613e-04,1.786008077197e-01,3.533167978947e-12,7.734531905549e-09
4.758352892866e+01,1.686037800827e-03,1.737061857467e-01,1.220247821074e-03,2.721995150895e-01,5.707100392705e-04,2.756424796079e-01,1.707203920237e-04,1.785284213268e-01,1.354260793246e-12,3.066306759103e-09
4.839254025973e+01,1.652071331759e-03,1.736852343776e-01,1.191506204995e-03,2.721360622899e-01,5.553445338828e-04,2.755547955945e-01,1.655514404657e-04,1.784572186431e-01,1.008149389992e-12,2.360922503565e-09
4.921530633638e+01,1.618792615258e-03,1.736646581326e-01,1.163446603086e-03,2.720738020817e-01,5.403956600054e-04,2.754686373836e-01,1.605400127334e-04,1.783871799258e-01,7.379418770965e-12,1.787403244624e-08
5.005206101567e+01,1.586187591355e-03,1.736444497882e-01,1.136052606773e-03,2.720127079672e-01,5.258519859940e-04,2.753839740837e-01,1.556812574533e-04,1.783182807892e-01,3.047180787332e-12,7.633824159927e-09
5.090304213071e+01,1.554242500031e-03,1.736246030801e-01,1.109308222800e-03,2.719527566306e-01,5.117024101891e-04,2.753007809064e-01,1.509704856706e-04,1.782505097505e-01,1.374878227407e-12,3.562474057607e-09
5.176849155821e+01,1.522943865171e-03,1.736051116726e-01,1.083197845540e-03,2.718939238971e-01,4.979361378854e-04,2.752190322707e-01,1.464031501667e-04,1.781838508968e-01,2.473644685314e-12,6.629310165774e-09
5.264865528726e+01,1.492278484306e-03,1.735859686525e-01,1.057706252837e-03,2.718361860713e-01,4.845426683394e-04,2.751386992589e-01,1.419748412921e-04,1.781182836869e-01,1.337028921203e-12,3.706084934187e-09
5.354378348923e+01,1.462233437687e-03,1.735671682411e-01,1.032818601115e-03,2.717795212138e-01,4.715118036433e-04,2.750597592749e-01,1.376812941644e-04,1.780537972927e-01,8.802354282305e-13,2.523579298147e-09
5.445413058888e+01,1.432796064969e-03,1.735487037815e-01,1.008520405924e-03,2.717239066083e-01,4.588336203543e-04,2.749821848568e-01,1.335183672472e-04,1.779903693168e-01,1.080888701626e-12,3.205107749821e-09
5.537995533669e+01,1.403953974422e-03,1.735305694775e-01,9.847975394841e-04,2.716693204759e-01,4.464984770227e-04,2.749059525404e-01,1.294820556162e-04,1.779279879122e-01,1.681901418759e-12,5.158289817406e-09
5.632152088238e+01,1.375695026699e-03,1.735127591269e-01,9.616362218466e-04,2.716157420714e-01,4.344969969662e-04,2.748310374292e-01,1.255684727506e-04,1.778666333874e-01,1.461573874573e-12,4.636278532294e-09
5.727909484974e+01,1.348007336215e-03,1.734952669451e-01,9.390230067001e-04,2.715631501749e-01,4.228200641168e-04,2.747574151792e-01,1.217738561331e-04,1.778062908329e-01,1.047486586494e-12,3.436693197079e-09
5.825294941266e+01,1.320879262016e-03,1.734780870981e-01,9.169447813819e-04,2.715115254990e-01,4.114588185875e-04,2.746850639950e-01,1.180945598599e-04,1.777469454593e-01,1.441965047353e-12,4.893173009699e-09
5.924336137252e+01,1.294299405810e-03,1.734612141199e-01,8.953887499635e-04,2.714608482506e-01,4.004046464019e-04,2.746139627999e-01,1.145270527610e-04,1.776885853639e-01,2.162794997382e-12,7.590925686463e-09
6.025061223685e+01,1.268256600628e-03,1.734446420845e-01,8.743424270880e-04,2.714110985996e-01,3.896491636082e-04,2.745440849779e-01,1.110679045947e-04,1.776311855505e-01,3.093004955156e-13,1.122802948621e-09
6.127498829935e+01,1.242739915333e-03,1.734283658724e-01,8.537936373049e-04,2.713622589045e-01,3.791842307092e-04,2.744754128844e-01,1.077138039244e-04,1.775747409993e-01,2.093242191541e-12,7.859337770160e-09
6.231678072126e+01,1.217738638986e-03,1.734123797101e-01,8.337304949353e-04,2.713143098578e-01,3.690019220869e-04,2.744079211899e-01,1.044615301117e-04,1.775192278802e-01,7.505252489334e-13,2.914575611408e-09
6.337628561412e+01,1.193242286445e-03,1.733966785978e-01,8.141414084232e-04,2.712672341562e-01,3.590945399218e-04,2.743415912413e-01,1.013079715153e-04,1.774646380626e-01,9.414065822604e-13,3.781209976559e-09
6.445380412394e+01,1.169240586595e-03,1.733812573255e-01,7.950150681177e-04,2.712210149966e-01,3.494545960502e-04,2.742764025619e-01,9.825010788584e-05,1.774109554414e-01,3.467505517026e-12,1.440503343236e-08
6.554964251678e+01,1.145723477595e-03,1.733661104097e-01,7.763404317015e-04,2.711756334543e-01,3.400748055388e-04,2.742123321888e-01,9.528501053709e-05,1.773581605652e-01,2.673214632410e-13,1.148615003290e-09
6.666411226583e+01,1.122681110052e-03,1.733512332347e-01,7.581067359771e-04,2.711310748464e-01,3.309480914288e-04,2.741493630357e-01,9.240984689843e-05,1.773062444585e-01,1.091435461583e-13,4.850452552337e-10
6.779753013990e+01,1.100103834784e-03,1.733366208915e-01,7.403034708518e-04,2.710873221221e-01,3.220675680488e-04,2.740874752783e-01,8.962186884120e-05,1.772551927736e-01,5.666601500917e-13,2.604656265936e-09
6.895021829348e+01,1.077982200018e-03,1.733222683713e-01,7.229203846240e-04,2.710443599430e-01,3.134265402079e-04,2.740266500051e-01,8.691841281558e-05,1.772049907563e-01,2.110495889431e-14,1.003357731585e-10
7.012250435833e+01,1.056306951345e-03,1.733081712238e-01,7.059474718132e-04,2.710021726059e-01,3.050184971509e-04,2.739668686555e-01,8.429689958698e-05,1.771556281867e-01,1.693048481679e-12,8.324999782848e-09
7.131472153655e+01,1.035069018715e-03,1.732943241100e-01,6.893749658074e-04,2.709607434871e-01,2.968371017309e-04,2.739081078051e-01,8.175482157039e-05,1.771070781925e-01,2.669340898101e-12,1.357570593240e-08
7.252720869533e+01,1.014259528058e-03,1.732807233701e-01,6.731933477364e-04,2.709200608786e-01,2.888762068862e-04,2.738503588386e-01,7.928976539001e-05,1.770593505592e-01,1.934597437495e-12,1.017636170452e-08
7.376031046325e+01,9.938697775264e-04,1.732673637261e-01,6.573933134940e-04,2.708801073632e-01,2.811298160058e-04,2.737935961202e-01,7.689937191637e-05,1.770124110373e-01,2.845306706688e-13,1.548012843528e-09
7.501437732823e+01,9.738912520888e-04,1.732542413806e-01,6.419657947560e-04,2.708408703454e-01,2.735921089412e-04,2.737378053195e-01,7.458136801949e-05,1.769662551901e-01,1.357918444793e-13,7.641220018529e-10
7.628976573717e+01,9.543156066066e-04,1.732413517684e-01,6.269019388190e-04,2.708023362926e-01,2.662574229379e-04,2.736829701055e-01,7.233354928395e-05,1.769208764132e-01,2.754734799692e-12,1.603291012159e-08
7.758683819724e+01,9.351346673121e-04,1.732286904186e-01,6.121931013180e-04,2.707644897450e-01,2.591202472059e-04,2.736290707953e-01,7.015377012359e-05,1.768762460827e-01,1.056327756088e-12,6.358794638333e-09
7.890596337893e+01,9.163404300734e-04,1.732162533040e-01,5.978308536351e-04,2.707273187856e-01,2.521752261018e-04,2.735760920110e-01,6.803996093377e-05,1.768323601609e-01,1.782025888180e-12,1.109516236686e-08
8.024751622085e+01,8.979250552620e-04,1.732040365651e-01,5.838069673337e-04,2.706908105993e-01,2.454171521543e-04,2.735240201772e-01,6.599011491971e-05,1.767892133194e-01,1.469732127818e-12,9.464580866825e-09
8.161187803627e+01,8.798808627941e-04,1.731920362157e-01,5.701134137561e-04,2.706549535029e-01,2.388409588084e-04,2.734728401017e-01,6.400228456358e-05,1.767467943592e-01,2.725230265651e-12,1.815139246881e-08
8.299943662152e+01,8.622003280177e-04,1.731802479682e-01,5.567423506786e-04,2.706197329252e-01,2.324417142785e-04,2.734225321455e-01,6.207457718040e-05,1.767050780383e-01,3.514488586565e-12,2.421098319608e-08
8.441058636622e+01,8.448760819263e-04,1.731686679101e-01,5.436861299027e-04,2.705851371616e-01,2.262146247534e-04,2.733730801160e-01,6.020516401895e-05,1.766640550455e-01,8.282112800336e-13,5.901127192407e-09
8.584572836536e+01,8.279009097493e-04,1.731572929125e-01,5.309372899934e-04,2.705511563510e-01,2.201550340008e-04,2.733244759023e-01,5.839227653614e-05,1.766237287422e-01,3.670882845771e-12,2.705253104065e-08
8.730527053332e+01,8.112677364824e-04,1.731461182841e-01,5.184885386734e-04,2.705177758256e-01,2.142584010218e-04,2.732766967002e-01,5.663418807177e-05,1.765840653721e-01,5.386193303702e-13,4.105469787742e-09
8.878962771981e+01,7.949696390644e-04,1.731351409221e-01,5.063327681691e-04,2.704849860368e-01,2.085203185694e-04,2.732297318248e-01,5.492923723151e-05,1.765450687633e-01,9.353341696941e-13,7.373798580761e-09
9.029922182778e+01,7.789998352288e-04,1.731243576615e-01,4.944630397658e-04,2.704527770454e-01,2.029365002801e-04,2.731835717027e-01,5.327581066297e-05,1.765067346701e-01,1.807941298210e-12,1.474186197714e-08
9.183448193334e+01,7.633516759245e-04,1.731137642073e-01,4.828725746241e-04,2.704211356262e-01,1.975027675022e-04,2.731381943704e-01,5.167233740811e-05,1.764690354873e-01,1.521940111246e-12,1.283539161741e-08
9.339584440771e+01,7.480186533646e-04,1.731033575389e-01,4.715547629838e-04,2.703900524472e-01,1.922150659265e-04,2.730935919563e-01,5.011730318265e-05,1.764319722388e-01,2.245002026336e-12,1.958266719994e-08
9.498375304127e+01,7.329943900774e-04,1.730931341156e-01,4.605031496850e-04,2.703595163436e-01,1.870694450917e-04,2.730497473286e-01,4.860923481075e-05,1.763955280388e-01,2.452033999581e-12,2.212203825538e-08
9.659865916968e+01,7.182726385051e-04,1.730830903831e-01,4.497114348484e-04,2.703295167936e-01,1.820620650244e-04,2.730066473088e-01,4.714670479068e-05,1.763596876630e-01,1.280465800503e-13,1.194841174500e-09
9.824102180218e+01,7.038472825793e-04,1.730732238158e-01,4.391734741068e-04,2.703000464297e-01,1.771891944965e-04,2.729642851147e-01,4.572833552500e-05,1.763244595327e-01,2.607035608492e-12,2.516127850504e-08
9.991130775203e+01,6.897123241139e-04,1.730635302649e-01,4.288832591236e-04,2.702710914258e-01,1.724471936015e-04,2.729226382111e-01,4.435278118022e-05,1.762898126481e-01,3.786856607631e-13,3.780142289986e-09
1.016099917692e+02,6.758618944979e-04,1.730540074381e-01,4.188349376235e-04,2.702426459158e-01,1.678325341775e-04,2.728817038610e-01,4.301874692306e-05,1.762557544898e-01,1.718934045765e-12,1.774728999414e-08
1.033375566755e+02,6.622902387783e-04,1.730446515890e-01,4.090227875690e-04,2.702146981856e-01,1.633417737828e-04,2.728414629720e-01,4.172497030270e-05,1.762222638495e-01,1.353349002120e-12,1.445194116010e-08
1.050944935013e+02,6.489917236048e-04,1.730354601366e-01,3.994412274454e-04,2.701872391832e-01,1.589715687550e-04,2.728019047289e-01,4.047023069508e-05,1.761893326813e-01,3.323161412609e-13,3.670382784959e-09
1.068813016256e+02,6.359608273646e-04,1.730264297559e-01,3.900848093744e-04,2.701602603518e-01,1.547186663223e-04,2.727630183913e-01,3.925334437165e-05,1.761569514259e-01,1.635843899314e-12,1.868724704067e-08
1.086984889180e+02,6.231921446046e-04,1.730175581802e-01,3.809482168874e-04,2.701337543756e-01,1.505799039433e-04,2.727247966170e-01,3.807316715505e-05,1.761251263532e-01,1.076334654143e-12,1.271728302620e-08
1.105465718825e+02,6.106803738483e-04,1.730088415107e-01,3.720262535614e-04,2.701077093381e-01,1.465521976051e-04,2.726872186534e-01,3.692858042197e-05,1.760938205558e-01,1.600352920388e-12,1.955718416729e-08
1.124260758050e+02,5.984203290238e-04,1.730002780015e-01,3.633138564854e-04,2.700821204351e-01,1.426325579745e-04,2.726502838503e-01,3.581851191551e-05,1.760630547413e-01,9.333720159929e-13,1.179746995372e-08
1.143375349019e+02,5.864069236364e-04,1.729918642652e-01,3.548060745128e-04,2.700569765475e-01,1.388180667381e-04,2.726139725129e-01,3.474191136388e-05,1.760327981235e-01,7.218664569726e-13,9.437012085133e-09
1.162814924726e+02,5.746351772288e-04,1.729835976948e-01,3.464980794902e-04,2.700322704695e-01,1.351058917879e-04,2.725782783451e-01,3.369776668317e-05,1.760030501062e-01,8.033612246207e-13,1.086255680714e-08
1.182585010536e+02,5.631002104133e-04,1.729754756695e-01,3.383851567294e-04,2.700079940415e-01,1.314932745027e-04,2.725431884714e-01,3.268509433406e-05,1.759737984978e-01,1.230517476438e-13,1.720887682366e-09
1.202691225754e+02,5.517972422407e-04,1.729674953758e-01,3.304627034163e-04,2.699841389785e-01,1.279775321570e-04,2.725086921109e-01,3.170294155565e-05,1.759450353051e-01,1.363553393361e-12,1.972333874265e-08
1.223139285226e+02,5.407215916760e-04,1.729596549081e-01,3.227262299876e-04,2.699607002520e-01,1.245560575926e-04,2.724747846344e-01,3.075038722732e-05,1.759167676009e-01,9.517748569864e-14,1.423921535288e-09
1.243935000960e+02,5.298686690358e-04,1.729519512142e-01,3.151713465789e-04,2.699376671172e-01,1.212263091902e-04,2.724414503387e-01,2.982653152297e-05,1.758889640782e-01,8.188804601530e-14,1.267114567851e-09
1.265084283780e+02,5.192339800938e-04,1.729443819896e-01,3.077937729476e-04,2.699150333558e-01,1.179858169094e-04,2.724086792949e-01,2.893050868003e-05,1.758616318528e-01,7.426386962563e-13,1.188547371756e-08
1.286593145005e+02,5.088131213800e-04,1.729369448044e-01,3.005893299594e-04,2.698927924275e-01,1.148321790343e-04,2.723764649184e-01,2.806147619811e-05,1.758347601585e-01,1.817603239420e-13,3.008718485484e-09
1.308467698159e+02,4.986017784886e-04,1.729296371485e-01,2.935539360149e-04,2.698709363736e-01,1.117630566382e-04,2.723447953869e-01,2.721861678221e-05,1.758083352252e-01,1.881611236896e-13,3.221483487097e-09
1.330714160706e+02,4.885957257070e-04,1.729224569369e-01,2.866836076884e-04,2.698494584757e-01,1.087761757041e-04,2.723136626539e-01,2.640114031762e-05,1.757823582156e-01,2.104180111001e-13,3.726082514060e-09
1.353338855819e+02,4.787908222480e-04,1.729154018377e-01,2.799744562653e-04,2.698283523003e-01,1.058693234151e-04,2.722830578814e-01,2.560827862703e-05,1.757568168152e-01,6.895093472794e-13,1.262854337239e-08
1.376348214179e+02,4.691830109504e-04,1.729084694103e-01,2.734226844098e-04,2.698076106685e-01,1.030403456712e-04,2.722529691927e-01,2.483928738557e-05,1.757317018284e-01,3.406769906599e-13,6.453561449692e-09
1.399748775799e+02,4.597683177702e-04,1.729016575469e-01,2.670245851641e-04,2.697872267779e-01,1.002871483441e-04,2.722233890914e-01,2.409344528432e-05,1.757070068084e-01,4.991206343935e-13,9.779253796010e-09
1.423547191885e+02,4.505428495142e-04,1.728949642800e-01,2.607765407703e-04,2.697671952517e-01,9.760769459866e-05,2.721943120339e-01,2.337005372327e-05,1.756827313864e-01,0.000000000000e+00,0.000000000000e+00
1.447750226726e+02,4.415027905331e-04,1.728883871443e-01,2.546750170674e-04,2.697475085944e-01,9.499999991248e-05,2.721657248364e-01,2.266843327215e-05,1.756588599649e-01,9.018435390262e-13,1.890246669341e-08
1.472364759619e+02,4.326444053501e-04,1.728819248167e-01,2.487165672111e-04,2.697281631829e-01,9.246213730317e-05,2.721376254060e-01,2.198792861017e-05,1.756354039492e-01,1.032149166418e-12,2.237552812512e-08
1.497397786821e+02,4.239640294474e-04,1.728755741190e-01,2.428978198250e-04,2.697091487929e-01,8.999222643208e-05,2.721099957527e-01,2.132789769639e-05,1.756123219992e-01,1.629056432847e-13,3.652670548725e-09
1.522856423537e+02,4.154580776320e-04,1.728693339472e-01,2.372154906363e-04,2.696904632359e-01,8.758844440551e-05,2.720828377261e-01,2.068772678330e-05,1.755896443317e-01,1.223135241934e-12,2.836562771287e-08
1.548747905946e+02,4.071230335574e-04,1.728632016793e-01,2.316663675846e-04,2.696720982177e-01,8.524901150015e-05,2.720561346457e-01,2.006681284536e-05,1.755673355084e-01,6.796961207846e-13,1.630332761011e-08
1.575079593257e+02,3.989554551370e-04,1.728571760020e-01,2.262473176603e-04,2.696540489453e-01,8.297220029647e-05,2.720298830315e-01,1.946457604246e-05,1.755454015324e-01,7.618546237091e-14,1.890066642011e-09
1.601858969797e+02,3.909519678083e-04,1.728512547087e-01,2.209552821014e-04,2.696363109018e-01,8.075632934323e-05,2.720040775259e-01,1.888045325000e-05,1.755238415201e-01,4.379628754348e-13,1.123791785836e-08
1.629093647143e+02,3.831092657377e-04,1.728454357878e-01,2.157872713996e-04,2.696188758385e-01,7.859976008742e-05,2.719787043662e-01,1.831389664385e-05,1.755026381092e-01,4.563679722943e-13,1.211176005329e-08
1.656791366282e+02,3.754241112976e-04,1.728397178423e-01,2.107403713798e-04,2.696017412996e-01,7.650090192533e-05,2.719537625562e-01,1.776437729597e-05,1.754817955330e-01,5.049380113348e-13,1.386033447591e-08
1.684959999814e+02,3.678933303838e-04,1.728340985914e-01,2.058117325929e-04,2.695848996355e-01,7.445820375363e-05,2.719292391791e-01,1.723137996312e-05,1.754612951314e-01,1.383765591765e-12,3.928635332023e-08
1.713607554187e+02,3.605138161556e-04,1.728285772091e-01,2.009985776240e-04,2.695683493630e-01,7.247016086208e-05,2.719051379535e-01,1.671440923956e-05,1.754411614406e-01,9.512530080251e-13,2.793307703759e-08
1.742742171975e+02,3.532825205196e-04,1.728231509463e-01,1.962981889317e-04,2.695520814118e-01,7.053530263889e-05,2.718814385294e-01,1.621297824121e-05,1.754213516650e-01,1.008322098231e-12,3.062425740937e-08
1.772372134191e+02,3.461964590749e-04,1.728178180362e-01,1.917079166059e-04,2.695360912963e-01,6.865220228410e-05,2.718581359453e-01,1.572661907528e-05,1.754018669087e-01,2.134708556058e-13,6.705766352972e-09
1.802505862642e+02,3.392527096573e-04,1.728125776934e-01,1.872251737550e-04,2.695203752370e-01,6.681947224363e-05,2.718352286183e-01,1.525487868299e-05,1.753827166213e-01,3.950283076597e-13,1.283457789380e-08
1.833151922319e+02,3.324484058591e-04,1.728074274829e-01,1.828474332272e-04,2.695049275988e-01,6.503576029069e-05,2.718127067712e-01,1.479731520302e-05,1.753638818350e-01,1.080252632514e-12,3.630130605839e-08
1.864319023838e+02,3.257807421609e-04,1.728023665054e-01,1.785722293602e-04,2.694897454897e-01,6.329975231948e-05,2.717905676203e-01,1.435350259220e-05,1.753453721986e-01,6.332673707430e-13,2.201038169127e-08
1.896016025909e+02,3.192469671549e-04,1.727973925250e-01,1.743971521162e-04,2.694748222165e-01,6.161016771003e-05,2.717688002591e-01,1.392302538336e-05,1.753271696127e-01,7.395153277986e-13,2.658466473335e-08
1.928251937860e+02,3.128443876489e-04,1.727925047317e-01,1.703198509585e-04,2.694601551368e-01,5.996576212599e-05,2.717474015440e-01,1.350548221875e-05,1.753092747770e-01,5.433909945829e-13,2.020412234645e-08
1.961035922193e+02,3.065703627329e-04,1.727877011804e-01,1.663380286172e-04,2.694457382389e-01,5.836532390136e-05,2.717263647097e-01,1.310048383433e-05,1.752916883374e-01,3.138682336348e-13,1.207031103984e-08
1.994377297190e+02,3.004223050544e-04,1.727829800396e-01,1.624494429901e-04,2.694315670604e-01,5.680767343484e-05,2.717056802923e-01,1.270765078030e-05,1.752743844739e-01,4.182642480422e-13,1.663663113253e-08
2.028285539563e+02,2.943976808409e-04,1.727783402523e-01,1.586519049424e-04,2.694176373249e-01,5.529166393461e-05,2.716853437586e-01,1.232661756922e-05,1.752573708354e-01,5.743626591083e-13,2.362894798640e-08
2.062770287144e+02,2.884940073399e-04,1.727737807168e-01,1.549432781752e-04,2.694039469132e-01,5.381618030546e-05,2.716653549205e-01,1.195702985752e-05,1.752406576726e-01,4.340841537654e-13,1.847037301827e-08
2.097841341631e+02,2.827088503205e-04,1.727692993872e-01,1.513214740079e-04,2.693904890071e-01,5.238013444160e-05,2.716456984337e-01,1.159854114768e-05,1.752242133746e-01,1.724763603247e-13,7.590578190756e-09
2.133508671364e+02,2.770398260892e-04,1.727648950659e-01,1.477844549949e-04,2.693772602836e-01,5.098247057444e-05,2.716263744998e-01,1.125081820102e-05,1.752080472467e-01,2.223848220760e-13,1.012264409601e-08
2.169782414168e+02,2.714845992232e-04,1.727605666826e-01,1.443302318549e-04,2.693642577877e-01,4.962216026538e-05,2.716073779792e-01,1.091353708907e-05,1.751921577584e-01,4.336838675809e-13,2.041764447145e-08
2.206672880230e+02,2.660408806979e-04,1.727563127237e-01,1.409568614050e-04,2.693514771965e-01,4.829820258958e-05,2.715887029676e-01,1.058638353137e-05,1.751765413958e-01,1.376230682769e-12,6.701424843543e-08
2.244190555027e+02,2.607064274372e-04,1.727521315195e-01,1.376624449128e-04,2.693389115950e-01,4.700962179894e-05,2.715703335027e-01,1.026905069282e-05,1.751611598229e-01,1.050069814329e-13,5.288562421912e-09
2.282346102314e+02,2.554790428951e-04,1.727480222541e-01,1.344451321359e-04,2.693265614288e-01,4.575547293167e-05,2.715522797973e-01,9.961245703229e-06,1.751460541990e-01,1.324526047469e-13,6.899593575346e-09
2.321150367146e+02,2.503565735579e-04,1.727439832726e-01,1.313031128993e-04,2.693144202915e-01,4.453483179951e-05,2.715345251566e-01,9.662679758367e-06,1.751311833948e-01,1.104832984711e-12,5.952551789940e-08
2.360614378968e+02,2.453369113463e-04,1.727400143153e-01,1.282346231426e-04,2.693024889474e-01,4.334680354858e-05,2.715170801122e-01,9.373078173588e-06,1.751166037588e-01,4.441086647077e-13,2.474795643419e-08
2.400749354744e+02,2.404179878170e-04,1.727361131275e-01,1.252379357780e-04,2.692907587100e-01,4.219051227062e-05,2.714999236813e-01,9.092167711615e-06,1.751022454902e-01,7.275596266137e-13,4.193360819079e-08
2.441566702149e+02,2.355977774404e-04,1.727322782846e-01,1.223113665873e-04,2.692792254324e-01,4.106510757069e-05,2.714830466608e-01,8.819686931281e-06,1.750881031137e-01,1.195588964427e-12,7.127202276437e-08
2.483078022811e+02,2.308742975066e-04,1.727285098419e-01,1.194532737612e-04,2.692678912026e-01,3.996976586285e-05,2.714664664562e-01,8.555385341829e-06,1.750742337616e-01,4.219512584050e-13,2.601614944325e-08
2.525295115608e+02,2.262456026314e-04,1.727248059222e-01,1.166620501713e-04,2.692567494147e-01,3.890367987711e-05,2.714501618296e-01,8.299014790120e-06,1.750605901848e-01,8.310739792403e-14,5.299854688935e-09
2.568229980021e+02,2.217097874007e-04,1.727211652032e-01,1.139361275480e-04,2.692457957305e-01,3.786606660708e-05,2.714341287114e-01,8.050336705824e-06,1.750471666607e-01,3.628091013061e-13,2.393018167988e-08
2.611894819545e+02,2.172649856369e-04,1.727175870238e-01,1.112739757129e-04,2.692350286695e-01,3.685616487274e-05,2.714183690138e-01,7.809120634258e-06,1.750339779598e-01,9.069584868417e-14,6.187265852828e-09
2.656302045158e+02,2.129093681769e-04,1.727140702791e-01,1.086740998393e-04,2.692244453251e-01,3.587323274120e-05,2.714028762166e-01,7.575141984702e-06,1.750210155231e-01,5.296730282281e-13,3.737341400822e-08
2.701464278848e+02,2.086411423085e-04,1.727106135357e-01,1.061350393406e-04,2.692140405186e-01,3.491654788534e-05,2.713876412360e-01,7.348182601619e-06,1.750082623203e-01,5.205046410350e-13,3.798595634421e-08
2.747394357202e+02,2.044585519791e-04,1.727072158035e-01,1.036553691677e-04,2.692038120518e-01,3.398540838606e-05,2.713726627779e-01,7.128031919040e-06,1.749957249563e-01,5.510414507420e-13,4.159357717933e-08
2.794105335054e+02,2.003598769573e-04,1.727038764884e-01,1.012336976629e-04,2.691937575180e-01,3.307913096473e-05,2.713579382165e-01,6.914485352845e-06,1.749834017747e-01,9.171105718032e-13,7.159904816429e-08
2.841610489194e+02,1.963434300357e-04,1.727005936001e-01,9.886866477301e-05,2.691838715601e-01,3.219704925239e-05,2.713434530786e-01,6.707343404850e-06,1.749712631308e-01,8.218582609118e-14,6.636300133902e-09
2.889923322143e+02,1.924075603652e-04,1.726973672290e-01,9.655894438660e-05,2.691741541797e-01,3.133851777246e-05,2.713292181684e-01,6.506415018821e-06,1.749593423207e-01,4.531858546277e-14,3.784852728030e-09
2.939057565992e+02,1.885506485125e-04,1.726941958635e-01,9.430324049131e-05,2.691646025724e-01,3.050290572913e-05,2.713152221203e-01,6.311513069920e-06,1.749476255106e-01,2.376713656886e-13,2.053019368844e-08
2.989027186301e+02,1.847711087127e-04,1.726910789551e-01,9.210028697672e-05,2.691552123478e-01,2.968960012195e-05,2.713014609853e-01,6.122456507575e-06,1.749361103572e-01,4.284508433493e-13,3.827901309057e-08
3.039846386076e+02,1.810673862508e-04,1.726880151486e-01,8.994884811586e-05,2.691459809275e-01,2.889800471466e-05,2.712879338878e-01,5.939069340343e-06,1.749247829874e-01,4.597459009542e-13,4.248358339006e-08
3.091529609797e+02,1.774379584355e-04,1.726850037737e-01,8.784771736025e-05,2.691369062258e-01,2.812753852557e-05,2.712746331492e-01,5.761181561952e-06,1.749136493315e-01,7.156075358410e-13,6.839458617114e-08
3.144091547530e+02,1.738813323656e-04,1.726820433246e-01,8.579571571578e-05,2.691279837573e-01,2.737763630798e-05,2.712615523589e-01,5.588627414508e-06,1.749026889214e-01,3.339646628465e-13,3.301344775414e-08
3.197547139100e+02,1.703960464194e-04,1.726791335106e-01,8.379169317616e-05,2.691192130951e-01,2.664774888816e-05,2.712486942758e-01,5.421247394332e-06,1.748919204410e-01,2.786349424331e-13,2.848849389294e-08
3.251911578338e+02,1.669806674178e-04,1.726762730751e-01,8.183452498765e-05,2.691105882256e-01,2.593734000125e-05,2.712360432724e-01,5.258885029265e-06,1.748813057491e-01,8.268847573616e-13,8.744247528616e-08
3.307200317399e+02,1.636337924832e-04,1.726734622824e-01,7.992311632788e-05,2.691021147642e-01,2.524589141921e-05,2.712236221179e-01,5.101392141662e-06,1.748709263163e-01,3.873624429361e-13,4.236805360962e-08
3.363429071154e+02,1.603540444554e-04,1.726706987648e-01,7.805639303361e-05,2.690937815399e-01,2.457289377801e-05,2.712114003314e-01,4.948619957117e-06,1.748606928010e-01,4.166107277006e-13,4.712973480387e-08
3.420613821656e+02,1.571400758014e-04,1.726679821715e-01,7.623330932545e-05,2.690855879506e-01,2.391785436126e-05,2.711993792114e-01,4.800426942172e-06,1.748506083928e-01,4.773981278237e-13,5.585844017348e-08
3.478770822687e+02,1.539905660466e-04,1.726653121256e-01,7.445284438999e-05,2.690775350624e-01,2.328029424753e-05,2.711875674052e-01,4.656677036930e-06,1.748407225293e-01,5.689579909478e-14,6.885442235429e-09
3.537916604371e+02,1.509042206808e-04,1.726626875941e-01,7.271399950566e-05,2.690696173011e-01,2.265974537659e-05,2.711759510143e-01,4.517235705409e-06,1.748309900731e-01,4.239718614870e-14,5.306793847725e-09
3.598067977877e+02,1.478797713924e-04,1.726601077177e-01,7.101580065940e-05,2.690618336905e-01,2.205575372770e-05,2.711645337424e-01,4.381974218024e-06,1.748214320705e-01,6.609327116593e-14,8.556496466505e-09
3.659242040197e+02,1.449159752262e-04,1.726575714512e-01,6.935729598468e-05,2.690541806189e-01,2.146787598287e-05,2.711533014806e-01,4.250766366478e-06,1.748120162354e-01,3.817893530263e-13,5.112179407944e-08
3.721456179003e+02,1.420116149290e-04,1.726550785898e-01,6.773755670898e-05,2.690466574154e-01,2.089568250001e-05,2.711422626416e-01,4.123491269051e-06,1.748027723999e-01,1.350602248771e-13,1.870480940994e-08
3.784728077593e+02,1.391654972869e-04,1.726526284191e-01,6.615567566144e-05,2.690392627750e-01,2.033875408999e-05,2.711314125957e-01,4.000030781458e-06,1.747936941998e-01,2.463009008140e-13,3.528055142241e-08
3.849075719912e+02,1.363764524342e-04,1.726502194096e-01,6.461076587507e-05,2.690319909878e-01,1.979668211149e-05,2.711207373379e-01,3.880269710311e-06,1.747847477696e-01,3.024869872322e-14,4.481460839878e-09
3.914517395670e+02,1.336433351015e-04,1.726478513706e-01,6.310196238451e-05,2.690248412057e-01,1.926907029456e-05,2.711102421116e-01,3.764097362413e-06,1.747759444516e-01,2.976989550746e-13,4.561773993628e-08
3.981071705535e+02,1.309650227144e-04,1.726455237084e-01,6.162842067809e-05,2.690178134194e-01,1.875553237664e-05,2.710999241871e-01,3.651406494336e-06,1.747673027491e-01,3.510376392642e-13,5.563571647675e-08
