g0.25_x,g0.25_y,g0.5_x,g0.5_y,g0.75_x,g0.75_y,g1.0_x,g1.0_y,zeta
9.510565162952e-01,-3.090169943749e-01,8.660254037844e-01,-5.000000000000e-01,7.818314824680e-01,-6.234898018587e-01,7.071067811865e-01,-7.071067811865e-01,0.000000000000e+00
8.881048286387e-01,-3.413313191148e-01,8.558766347863e-01,-5.058564494697e-01,7.803006367696e-01,-6.243288149324e-01,7.068959587496e-01,-7.072121629437e-01,3.162277660168e-04
8.880218657729e-01,-3.413753474506e-01,8.558515959641e-01,-5.058708840748e-01,7.802950246554e-01,-6.243318881687e-01,7.068949289433e-01,-7.072126775584e-01,3.177724179334e-04
8.879387847895e-01,-3.414194415327e-01,8.558264946877e-01,-5.058853545800e-01,7.802893919418e-01,-6.243349726651e-01,7.068938941065e-01,-7.072131946854e-01,3.193246148849e-04
8.878555854963e-01,-3.414636014725e-01,8.558013307981e-01,-5.058998610760e-01,7.802837385530e-01,-6.243380684627e-01,7.068928542147e-01,-7.072137143371e-01,3.208843937260e-04
8.877722677003e-01,-3.415078273817e-01,8.557761041358e-01,-5.059144036537e-01,7.802780644130e-01,-6.243411756030e-01,7.068918092433e-01,-7.072142365257e-01,3.224517914912e-04
8.876888312086e-01,-3.415521193722e-01,8.557508145408e-01,-5.059289824043e-01,7.802723694454e-01,-6.243442941276e-01,7.068907591674e-01,-7.072147612637e-01,3.240268453962e-04
8.876052758274e-01,-3.415964775560e-01,8.557254618530e-01,-5.059435974191e-01,7.802666535735e-01,-6.243474240781e-01,7.068897039621e-01,-7.072152885635e-01,3.256095928382e-04
8.875216013629e-01,-3.416409020456e-01,8.557000459116e-01,-5.059582487896e-01,7.802609167206e-01,-6.243505654966e-01,7.068886436023e-01,-7.072158184375e-01,3.272000713973e-04
8.874378076208e-01,-3.416853929534e-01,8.556745665554e-01,-5.059729366079e-01,7.802551588093e-01,-6.243537184249e-01,7.068875780628e-01,-7.072163508983e-01,3.287983188369e-04
8.873538944064e-01,-3.417299503922e-01,8.556490236229e-01,-5.059876609659e-01,7.802493797622e-01,-6.243568829053e-01,7.068865073184e-01,-7.072168859586e-01,3.304043731052e-04
8.872698615245e-01,-3.417745744750e-01,8.556234169521e-01,-5.060024219559e-01,7.802435795015e-01,-6.243600589802e-01,7.068854313437e-01,-7.072174236311e-01,3.320182723354e-04
8.871857087798e-01,-3.418192653149e-01,8.555977463804e-01,-5.060172196705e-01,7.802377579492e-01,-6.243632466919e-01,7.068843501129e-01,-7.072179639284e-01,3.336400548473e-04
8.871014359764e-01,-3.418640230253e-01,8.555720117451e-01,-5.060320542026e-01,7.802319150268e-01,-6.243664460832e-01,7.068832636006e-01,-7.072185068634e-01,3.352697591477e-04
8.870170429180e-01,-3.419088477199e-01,8.555462128829e-01,-5.060469256451e-01,7.802260506559e-01,-6.243696571969e-01,7.068821717809e-01,-7.072190524489e-01,3.369074239314e-04
8.869325294080e-01,-3.419537395124e-01,8.555203496300e-01,-5.060618340914e-01,7.802201647574e-01,-6.243728800758e-01,7.068810746278e-01,-7.072196006980e-01,3.385530880823e-04
8.868478952494e-01,-3.419986985169e-01,8.554944218223e-01,-5.060767796349e-01,7.802142572521e-01,-6.243761147633e-01,7.068799721154e-01,-7.072201516235e-01,3.402067906745e-04
8.867631402447e-01,-3.420437248478e-01,8.554684292952e-01,-5.060917623694e-01,7.802083280606e-01,-6.243793613024e-01,7.068788642174e-01,-7.072207052386e-01,3.418685709725e-04
8.866782641962e-01,-3.420888186194e-01,8.554423718836e-01,-5.061067823889e-01,7.802023771030e-01,-6.243826197367e-01,7.068777509075e-01,-7.072212615564e-01,3.435384684328e-04
8.865932669057e-01,-3.421339799464e-01,8.554162494221e-01,-5.061218397877e-01,7.801964042991e-01,-6.243858901097e-01,7.068766321593e-01,-7.072218205900e-01,3.452165227048e-04
8.865081481746e-01,-3.421792089439e-01,8.553900617448e-01,-5.061369346602e-01,7.801904095688e-01,-6.243891724653e-01,7.068755079462e-01,-7.072223823527e-01,3.469027736313e-04
8.864229078038e-01,-3.422245057269e-01,8.553638086853e-01,-5.061520671012e-01,7.801843928311e-01,-6.243924668472e-01,7.068743782415e-01,-7.072229468578e-01,3.485972612498e-04
8.863375455941e-01,-3.422698704108e-01,8.553374900768e-01,-5.061672372057e-01,7.801783540052e-01,-6.243957732997e-01,7.068732430184e-01,-7.072235141188e-01,3.503000257935e-04
8.862520613456e-01,-3.423153031112e-01,8.553111057522e-01,-5.061824450689e-01,7.801722930097e-01,-6.243990918668e-01,7.068721022500e-01,-7.072240841490e-01,3.520111076919e-04
8.861664548581e-01,-3.423608039438e-01,8.552846555436e-01,-5.061976907862e-01,7.801662097631e-01,-6.244024225931e-01,7.068709559091e-01,-7.072246569619e-01,3.537305475722e-04
8.860807259312e-01,-3.424063730248e-01,8.552581392831e-01,-5.062129744534e-01,7.801601041834e-01,-6.244057655231e-01,7.068698039686e-01,-7.072252325712e-01,3.554583862599e-04
8.859948743637e-01,-3.424520104704e-01,8.552315568021e-01,-5.062282961665e-01,7.801539761885e-01,-6.244091207015e-01,7.068686464010e-01,-7.072258109905e-01,3.571946647800e-04
8.859088999544e-01,-3.424977163969e-01,8.552049079314e-01,-5.062436560216e-01,7.801478256959e-01,-6.244124881732e-01,7.068674831789e-01,-7.072263922334e-01,3.589394243579e-04
8.858228025014e-01,-3.425434909212e-01,8.551781925018e-01,-5.062590541152e-01,7.801416526227e-01,-6.244158679832e-01,7.068663142747e-01,-7.072269763138e-01,3.606927064202e-04
8.857365818026e-01,-3.425893341602e-01,8.551514103432e-01,-5.062744905441e-01,7.801354568859e-01,-6.244192601769e-01,7.068651396606e-01,-7.072275632455e-01,3.624545525961e-04
8.856502376554e-01,-3.426352462309e-01,8.551245612853e-01,-5.062899654052e-01,7.801292384020e-01,-6.244226647994e-01,7.068639593086e-01,-7.072281530425e-01,3.642250047179e-04
8.855637698568e-01,-3.426812272508e-01,8.550976451574e-01,-5.063054787957e-01,7.801229970873e-01,-6.244260818965e-01,7.068627731909e-01,-7.072287457186e-01,3.660041048225e-04
8.854771782034e-01,-3.427272773374e-01,8.550706617880e-01,-5.063210308131e-01,7.801167328578e-01,-6.244295115138e-01,7.068615812792e-01,-7.072293412880e-01,3.677918951520e-04
8.853904624915e-01,-3.427733966086e-01,8.550436110055e-01,-5.063366215551e-01,7.801104456291e-01,-6.244329536972e-01,7.068603835452e-01,-7.072299397647e-01,3.695884181547e-04
8.853036225167e-01,-3.428195851823e-01,8.550164926378e-01,-5.063522511197e-01,7.801041353165e-01,-6.244364084928e-01,7.068591799605e-01,-7.072305411630e-01,3.713937164864e-04
8.852166580745e-01,-3.428658431769e-01,8.549893065122e-01,-5.063679196050e-01,7.800978018352e-01,-6.244398759467e-01,7.068579704965e-01,-7.072311454970e-01,3.732078330113e-04
8.851295689599e-01,-3.429121707108e-01,8.549620524555e-01,-5.063836271097e-01,7.800914450997e-01,-6.244433561055e-01,7.068567551244e-01,-7.072317527812e-01,3.750308108030e-04
8.850423549674e-01,-3.429585679029e-01,8.549347302943e-01,-5.063993737323e-01,7.800850650246e-01,-6.244468490155e-01,7.068555338155e-01,-7.072323630299e-01,3.768626931451e-04
8.849550158912e-01,-3.430050348719e-01,8.549073398545e-01,-5.064151595720e-01,7.800786615238e-01,-6.244503547236e-01,7.068543065406e-01,-7.072329762576e-01,3.787035235333e-04
8.848675515250e-01,-3.430515717371e-01,8.548798809617e-01,-5.064309847279e-01,7.800722345111e-01,-6.244538732767e-01,7.068530732707e-01,-7.072335924788e-01,3.805533456751e-04
8.847799616622e-01,-3.430981786178e-01,8.548523534408e-01,-5.064468492996e-01,7.800657839001e-01,-6.244574047219e-01,7.068518339765e-01,-7.072342117080e-01,3.824122034919e-04
8.846922460956e-01,-3.431448556338e-01,8.548247571166e-01,-5.064627533868e-01,7.800593096037e-01,-6.244609491063e-01,7.068505886286e-01,-7.072348339601e-01,3.842801411195e-04
8.846044046177e-01,-3.431916029048e-01,8.547970918131e-01,-5.064786970895e-01,7.800528115349e-01,-6.244645064774e-01,7.068493371973e-01,-7.072354592497e-01,3.861572029094e-04
8.845164370207e-01,-3.432384205510e-01,8.547693573539e-01,-5.064946805080e-01,7.800462896061e-01,-6.244680768829e-01,7.068480796530e-01,-7.072360875917e-01,3.880434334295e-04
8.844283430962e-01,-3.432853086927e-01,8.547415535623e-01,-5.065107037429e-01,7.800397437294e-01,-6.244716603704e-01,7.068468159657e-01,-7.072367190008e-01,3.899388774656e-04
8.843401226355e-01,-3.433322674504e-01,8.547136802610e-01,-5.065267668950e-01,7.800331738166e-01,-6.244752569879e-01,7.068455461056e-01,-7.072373534922e-01,3.918435800223e-04
8.842517754292e-01,-3.433792969448e-01,8.546857372723e-01,-5.065428700652e-01,7.800265797794e-01,-6.244788667835e-01,7.068442700424e-01,-7.072379910809e-01,3.937575863238e-04
8.841633012680e-01,-3.434263972971e-01,8.546577244178e-01,-5.065590133550e-01,7.800199615288e-01,-6.244824898056e-01,7.068429877458e-01,-7.072386317818e-01,3.956809418154e-04
8.840746999417e-01,-3.434735686284e-01,8.546296415189e-01,-5.065751968659e-01,7.800133189758e-01,-6.244861261026e-01,7.068416991854e-01,-7.072392756104e-01,3.976136921644e-04
8.839859712399e-01,-3.435208110602e-01,8.546014883965e-01,-5.065914206998e-01,7.800066520307e-01,-6.244897757231e-01,7.068404043306e-01,-7.072399225816e-01,3.995558832610e-04
8.838971149517e-01,-3.435681247142e-01,8.545732648708e-01,-5.066076849588e-01,7.799999606039e-01,-6.244934387160e-01,7.068391031506e-01,-7.072405727111e-01,4.015075612197e-04
8.838081308658e-01,-3.436155097124e-01,8.545449707617e-01,-5.066239897452e-01,7.799932446051e-01,-6.244971151303e-01,7.068377956145e-01,-7.072412260140e-01,4.034687723801e-04
8.837190187706e-01,-3.436629661769e-01,8.545166058886e-01,-5.066403351617e-01,7.799865039440e-01,-6.245008050152e-01,7.068364816914e-01,-7.072418825059e-01,4.054395633084e-04
8.836297784538e-01,-3.437104942301e-01,8.544881700705e-01,-5.066567213112e-01,7.799797385296e-01,-6.245045084199e-01,7.068351613499e-01,-7.072425422024e-01,4.074199807980e-04
8.835404097030e-01,-3.437580939947e-01,8.544596631257e-01,-5.066731482969e-01,7.799729482708e-01,-6.245082253942e-01,7.068338345587e-01,-7.072432051191e-01,4.094100718710e-04
8.834509123050e-01,-3.438057655935e-01,8.544310848722e-01,-5.066896162223e-01,7.799661330762e-01,-6.245119559877e-01,7.068325012863e-01,-7.072438712717e-01,4.114098837791e-04
8.833612860465e-01,-3.438535091496e-01,8.544024351274e-01,-5.067061251909e-01,7.799592928539e-01,-6.245157002503e-01,7.068311615011e-01,-7.072445406760e-01,4.134194640051e-04
8.832715307137e-01,-3.439013247864e-01,8.543737137083e-01,-5.067226753069e-01,7.799524275117e-01,-6.245194582322e-01,7.068298151713e-01,-7.072452133478e-01,4.154388602632e-04
8.831816460921e-01,-3.439492126275e-01,8.543449204314e-01,-5.067392666744e-01,7.799455369572e-01,-6.245232299835e-01,7.068284622648e-01,-7.072458893032e-01,4.174681205012e-04
8.830916319671e-01,-3.439971727966e-01,8.543160551126e-01,-5.067558993980e-01,7.799386210975e-01,-6.245270155548e-01,7.068271027496e-01,-7.072465685580e-01,4.195072929008e-04
8.830014881235e-01,-3.440452054178e-01,8.542871175674e-01,-5.067725735825e-01,7.799316798394e-01,-6.245308149966e-01,7.068257365933e-01,-7.072472511284e-01,4.215564258790e-04
8.829112143457e-01,-3.440933106155e-01,8.542581076110e-01,-5.067892893329e-01,7.799247130894e-01,-6.245346283600e-01,7.068243637635e-01,-7.072479370306e-01,4.236155680897e-04
8.828208104177e-01,-3.441414885140e-01,8.542290250576e-01,-5.068060467546e-01,7.799177207535e-01,-6.245384556957e-01,7.068229842277e-01,-7.072486262808e-01,4.256847684239e-04
8.827302761230e-01,-3.441897392383e-01,8.541998697215e-01,-5.068228459531e-01,7.799107027376e-01,-6.245422970552e-01,7.068215979530e-01,-7.072493188953e-01,4.277640760118e-04
8.826396112447e-01,-3.442380629133e-01,8.541706414160e-01,-5.068396870344e-01,7.799036589470e-01,-6.245461524896e-01,7.068202049065e-01,-7.072500148907e-01,4.298535402236e-04
8.825488155654e-01,-3.442864596641e-01,8.541413399543e-01,-5.068565701046e-01,7.798965892869e-01,-6.245500220507e-01,7.068188050552e-01,-7.072507142832e-01,4.319532106703e-04
8.824578888673e-01,-3.443349296164e-01,8.541119651487e-01,-5.068734952701e-01,7.798894936620e-01,-6.245539057902e-01,7.068173983658e-01,-7.072514170896e-01,4.340631372057e-04
8.823668309323e-01,-3.443834728959e-01,8.540825168114e-01,-5.068904626377e-01,7.798823719766e-01,-6.245578037601e-01,7.068159848049e-01,-7.072521233265e-01,4.361833699266e-04
8.822756415415e-01,-3.444320896284e-01,8.540529947539e-01,-5.069074723143e-01,7.798752241347e-01,-6.245617160125e-01,7.068145643390e-01,-7.072528330106e-01,4.383139591751e-04
8.821843204760e-01,-3.444807799402e-01,8.540233987871e-01,-5.069245244072e-01,7.798680500400e-01,-6.245656425997e-01,7.068131369343e-01,-7.072535461587e-01,4.404549555386e-04
8.820928675161e-01,-3.445295439577e-01,8.539937287217e-01,-5.069416190239e-01,7.798608495957e-01,-6.245695835743e-01,7.068117025568e-01,-7.072542627877e-01,4.426064098521e-04
8.820012824418e-01,-3.445783818077e-01,8.539639843674e-01,-5.069587562723e-01,7.798536227049e-01,-6.245735389890e-01,7.068102611727e-01,-7.072549829146e-01,4.447683731986e-04
8.819095650326e-01,-3.446272936170e-01,8.539341655340e-01,-5.069759362604e-01,7.798463692701e-01,-6.245775088967e-01,7.068088127475e-01,-7.072557065565e-01,4.469408969106e-04
8.818177150676e-01,-3.446762795128e-01,8.539042720303e-01,-5.069931590967e-01,7.798390891936e-01,-6.245814933506e-01,7.068073572470e-01,-7.072564337304e-01,4.491240325717e-04
8.817257323256e-01,-3.447253396225e-01,8.538743036648e-01,-5.070104248897e-01,7.798317823771e-01,-6.245854924039e-01,7.068058946365e-01,-7.072571644537e-01,4.513178320170e-04
8.816336165845e-01,-3.447744740737e-01,8.538442602455e-01,-5.070277337485e-01,7.798244487222e-01,-6.245895061101e-01,7.068044248814e-01,-7.072578987437e-01,4.535223473351e-04
8.815413676223e-01,-3.448236829945e-01,8.538141415798e-01,-5.070450857822e-01,7.798170881300e-01,-6.245935345230e-01,7.068029479466e-01,-7.072586366176e-01,4.557376308690e-04
8.814489852161e-01,-3.448729665128e-01,8.537839474746e-01,-5.070624811003e-01,7.798097005013e-01,-6.245975776964e-01,7.068014637973e-01,-7.072593780931e-01,4.579637352173e-04
8.813564691428e-01,-3.449223247571e-01,8.537536777364e-01,-5.070799198127e-01,7.798022857365e-01,-6.246016356845e-01,7.067999723980e-01,-7.072601231877e-01,4.602007132355e-04
8.812638191788e-01,-3.449717578561e-01,8.537233321711e-01,-5.070974020295e-01,7.797948437355e-01,-6.246057085414e-01,7.067984737134e-01,-7.072608719190e-01,4.624486180373e-04
8.811710350999e-01,-3.450212659385e-01,8.536929105839e-01,-5.071149278609e-01,7.797873743982e-01,-6.246097963218e-01,7.067969677079e-01,-7.072616243047e-01,4.647075029960e-04
8.810781166817e-01,-3.450708491336e-01,8.536624127798e-01,-5.071324974177e-01,7.797798776236e-01,-6.246138990803e-01,7.067954543458e-01,-7.072623803628e-01,4.669774217453e-04
8.809850636991e-01,-3.451205075706e-01,8.536318385632e-01,-5.071501108108e-01,7.797723533108e-01,-6.246180168717e-01,7.067939335910e-01,-7.072631401110e-01,4.692584281812e-04
8.808918759266e-01,-3.451702413793e-01,8.536011877377e-01,-5.071677681513e-01,7.797648013583e-01,-6.246221497512e-01,7.067924054076e-01,-7.072639035675e-01,4.715505764628e-04
8.807985531384e-01,-3.452200506894e-01,8.535704601067e-01,-5.071854695509e-01,7.797572216642e-01,-6.246262977741e-01,7.067908697591e-01,-7.072646707502e-01,4.738539210136e-04
8.807050951080e-01,-3.452699356311e-01,8.535396554729e-01,-5.072032151213e-01,7.797496141264e-01,-6.246304609958e-01,7.067893266091e-01,-7.072654416774e-01,4.761685165233e-04
8.806115016086e-01,-3.453198963347e-01,8.535087736386e-01,-5.072210049746e-01,7.797419786422e-01,-6.246346394721e-01,7.067877759211e-01,-7.072662163673e-01,4.784944179485e-04
8.805177724129e-01,-3.453699329308e-01,8.534778144054e-01,-5.072388392232e-01,7.797343151087e-01,-6.246388332588e-01,7.067862176581e-01,-7.072669948382e-01,4.808316805142e-04
8.804239072931e-01,-3.454200455504e-01,8.534467775745e-01,-5.072567179798e-01,7.797266234224e-01,-6.246430424121e-01,7.067846517831e-01,-7.072677771087e-01,4.831803597153e-04
8.803299060209e-01,-3.454702343244e-01,8.534156629465e-01,-5.072746413573e-01,7.797189034798e-01,-6.246472669882e-01,7.067830782590e-01,-7.072685631972e-01,4.855405113177e-04
8.802357683677e-01,-3.455204993843e-01,8.533844703215e-01,-5.072926094690e-01,7.797111551765e-01,-6.246515070437e-01,7.067814970484e-01,-7.072693531224e-01,4.879121913597e-04
8.801414941042e-01,-3.455708408617e-01,8.533531994990e-01,-5.073106224285e-01,7.797033784083e-01,-6.246557626353e-01,7.067799081137e-01,-7.072701469029e-01,4.902954561532e-04
8.800470830007e-01,-3.456212588884e-01,8.533218502782e-01,-5.073286803495e-01,7.796955730700e-01,-6.246600338200e-01,7.067783114173e-01,-7.072709445576e-01,4.926903622855e-04
8.799525348272e-01,-3.456717535965e-01,8.532904224573e-01,-5.073467833464e-01,7.796877390565e-01,-6.246643206549e-01,7.067767069211e-01,-7.072717461054e-01,4.950969666200e-04
8.798578493531e-01,-3.457223251184e-01,8.532589158345e-01,-5.073649315334e-01,7.796798762621e-01,-6.246686231972e-01,7.067750945871e-01,-7.072725515652e-01,4.975153262979e-04
8.797630263472e-01,-3.457729735867e-01,8.532273302070e-01,-5.073831250254e-01,7.796719845806e-01,-6.246729415047e-01,7.067734743771e-01,-7.072733609562e-01,4.999454987396e-04
8.796680655781e-01,-3.458236991342e-01,8.531956653717e-01,-5.074013639373e-01,7.796640639057e-01,-6.246772756350e-01,7.067718462524e-01,-7.072741742974e-01,5.023875416460e-04
8.795729668136e-01,-3.458745018942e-01,8.531639211250e-01,-5.074196483846e-01,7.796561141305e-01,-6.246816256462e-01,7.067702101746e-01,-7.072749916082e-01,5.048415129998e-04
8.794777298213e-01,-3.459253819999e-01,8.531320972625e-01,-5.074379784828e-01,7.796481351478e-01,-6.246859915964e-01,7.067685661046e-01,-7.072758129079e-01,5.073074710668e-04
8.793823543682e-01,-3.459763395850e-01,8.531001935794e-01,-5.074563543479e-01,7.796401268498e-01,-6.246903735440e-01,7.067669140035e-01,-7.072766382160e-01,5.097854743975e-04
8.792868402208e-01,-3.460273747834e-01,8.530682098705e-01,-5.074747760962e-01,7.796320891285e-01,-6.246947715477e-01,7.067652538320e-01,-7.072774675519e-01,5.122755818286e-04
8.791911871452e-01,-3.460784877291e-01,8.530361459298e-01,-5.074932438441e-01,7.796240218756e-01,-6.246991856663e-01,7.067635855508e-01,-7.072783009355e-01,5.147778524838e-04
8.790953949070e-01,-3.461296785567e-01,8.530040015509e-01,-5.075117577085e-01,7.796159249820e-01,-6.247036159588e-01,7.067619091201e-01,-7.072791383863e-01,5.172923457760e-04
8.789994632712e-01,-3.461809474006e-01,8.529717765267e-01,-5.075303178066e-01,7.796077983387e-01,-6.247080624846e-01,7.067602245002e-01,-7.072799799243e-01,5.198191214080e-04
8.789033920024e-01,-3.462322943959e-01,8.529394706497e-01,-5.075489242557e-01,7.795996418358e-01,-6.247125253030e-01,7.067585316511e-01,-7.072808255693e-01,5.223582393743e-04
8.788071808647e-01,-3.462837196778e-01,8.529070837117e-01,-5.075675771738e-01,7.795914553634e-01,-6.247170044739e-01,7.067568305325e-01,-7.072816753414e-01,5.249097599626e-04
8.787108296218e-01,-3.463352233815e-01,8.528746155041e-01,-5.075862766788e-01,7.795832388110e-01,-6.247215000570e-01,7.067551211042e-01,-7.072825292607e-01,5.274737437549e-04
8.786143380368e-01,-3.463868056428e-01,8.528420658176e-01,-5.076050228890e-01,7.795749920677e-01,-6.247260121127e-01,7.067534033254e-01,-7.072833873474e-01,5.300502516293e-04
8.785177058724e-01,-3.464384665977e-01,8.528094344425e-01,-5.076238159233e-01,7.795667150222e-01,-6.247305407011e-01,7.067516771553e-01,-7.072842496219e-01,5.326393447610e-04
8.784209328907e-01,-3.464902063822e-01,8.527767211682e-01,-5.076426559005e-01,7.795584075628e-01,-6.247350858829e-01,7.067499425531e-01,-7.072851161045e-01,5.352410846243e-04
8.783240188533e-01,-3.465420251330e-01,8.527439257840e-01,-5.076615429400e-01,7.795500695773e-01,-6.247396477190e-01,7.067481994775e-01,-7.072859868158e-01,5.378555329936e-04
8.782269635215e-01,-3.465939229866e-01,8.527110480782e-01,-5.076804771613e-01,7.795417009533e-01,-6.247442262703e-01,7.067464478870e-01,-7.072868617765e-01,5.404827519451e-04
8.781297666559e-01,-3.466459000800e-01,8.526780878388e-01,-5.076994586844e-01,7.795333015777e-01,-6.247488215980e-01,7.067446877402e-01,-7.072877410071e-01,5.431228038583e-04
8.780324280167e-01,-3.466979565505e-01,8.526450448531e-01,-5.077184876295e-01,7.795248713372e-01,-6.247534337638e-01,7.067429189952e-01,-7.072886245286e-01,5.457757514171e-04
8.779349473636e-01,-3.467500925356e-01,8.526119189080e-01,-5.077375641172e-01,7.795164101180e-01,-6.247580628291e-01,7.067411416099e-01,-7.072895123619e-01,5.484416576121e-04
8.778373244557e-01,-3.468023081730e-01,8.525787097895e-01,-5.077566882682e-01,7.795079178059e-01,-6.247627088560e-01,7.067393555423e-01,-7.072904045280e-01,5.511205857411e-04
8.777395590518e-01,-3.468546036008e-01,8.525454172834e-01,-5.077758602038e-01,7.794993942862e-01,-6.247673719067e-01,7.067375607498e-01,-7.072913010479e-01,5.538125994113e-04
8.776416509100e-01,-3.469069789571e-01,8.525120411746e-01,-5.077950800454e-01,7.794908394439e-01,-6.247720520434e-01,7.067357571899e-01,-7.072922019431e-01,5.565177625407e-04
8.775435997880e-01,-3.469594343806e-01,8.524785812476e-01,-5.078143479149e-01,7.794822531635e-01,-6.247767493289e-01,7.067339448197e-01,-7.072931072347e-01,5.592361393592e-04
8.774454054429e-01,-3.470119700101e-01,8.524450372864e-01,-5.078336639344e-01,7.794736353290e-01,-6.247814638259e-01,7.067321235962e-01,-7.072940169442e-01,5.619677944107e-04
8.773470676315e-01,-3.470645859845e-01,8.524114090741e-01,-5.078530282262e-01,7.794649858242e-01,-6.247861955975e-01,7.067302934761e-01,-7.072949310931e-01,5.647127925543e-04
8.772485861099e-01,-3.471172824434e-01,8.523776963935e-01,-5.078724409132e-01,7.794563045321e-01,-6.247909447070e-01,7.067284544160e-01,-7.072958497032e-01,5.674711989660e-04
8.771499606337e-01,-3.471700595261e-01,8.523438990268e-01,-5.078919021184e-01,7.794475913357e-01,-6.247957112180e-01,7.067266063722e-01,-7.072967727961e-01,5.702430791400e-04
8.770511909581e-01,-3.472229173727e-01,8.523100167554e-01,-5.079114119652e-01,7.794388461171e-01,-6.248004951941e-01,7.067247493008e-01,-7.072977003937e-01,5.730284988904e-04
8.769522768378e-01,-3.472758561231e-01,8.522760493603e-01,-5.079309705773e-01,7.794300687585e-01,-6.248052966994e-01,7.067228831577e-01,-7.072986325179e-01,5.758275243530e-04
8.768532180268e-01,-3.473288759179e-01,8.522419966218e-01,-5.079505780788e-01,7.794212591412e-01,-6.248101157982e-01,7.067210078986e-01,-7.072995691909e-01,5.786402219864e-04
8.767540142788e-01,-3.473819768977e-01,8.522078583198e-01,-5.079702345940e-01,7.794124171462e-01,-6.248149525548e-01,7.067191234789e-01,-7.073005104348e-01,5.814666585741e-04
8.766546653468e-01,-3.474351592034e-01,8.521736342334e-01,-5.079899402475e-01,7.794035426542e-01,-6.248198070340e-01,7.067172298539e-01,-7.073014562719e-01,5.843069012254e-04
8.765551709835e-01,-3.474884229761e-01,8.521393241411e-01,-5.080096951644e-01,7.793946355452e-01,-6.248246793007e-01,7.067153269787e-01,-7.073024067245e-01,5.871610173779e-04
8.764555309409e-01,-3.475417683574e-01,8.521049278208e-01,-5.080294994700e-01,7.793856956991e-01,-6.248295694201e-01,7.067134148080e-01,-7.073033618153e-01,5.900290747981e-04
8.763557449705e-01,-3.475951954890e-01,8.520704450501e-01,-5.080493532900e-01,7.793767229951e-01,-6.248344774576e-01,7.067114932964e-01,-7.073043215668e-01,5.929111415840e-04
8.762558128235e-01,-3.476487045128e-01,8.520358756056e-01,-5.080692567504e-01,7.793677173119e-01,-6.248394034788e-01,7.067095623983e-01,-7.073052860016e-01,5.958072861660e-04
8.761557342502e-01,-3.477022955711e-01,8.520012192635e-01,-5.080892099773e-01,7.793586785279e-01,-6.248443475497e-01,7.067076220678e-01,-7.073062551427e-01,5.987175773085e-04
8.760555090006e-01,-3.477559688066e-01,8.519664757993e-01,-5.081092130976e-01,7.793496065210e-01,-6.248493097363e-01,7.067056722589e-01,-7.073072290131e-01,6.016420841124e-04
8.759551368243e-01,-3.478097243618e-01,8.519316449880e-01,-5.081292662382e-01,7.793405011688e-01,-6.248542901051e-01,7.067037129253e-01,-7.073082076356e-01,6.045808760155e-04
8.758546174702e-01,-3.478635623801e-01,8.518967266039e-01,-5.081493695262e-01,7.793313623481e-01,-6.248592887227e-01,7.067017440204e-01,-7.073091910336e-01,6.075340227951e-04
8.757539506866e-01,-3.479174830046e-01,8.518617204208e-01,-5.081695230895e-01,7.793221899355e-01,-6.248643056559e-01,7.066997654974e-01,-7.073101792303e-01,6.105015945695e-04
8.756531362215e-01,-3.479714863790e-01,8.518266262117e-01,-5.081897270559e-01,7.793129838072e-01,-6.248693409718e-01,7.066977773095e-01,-7.073111722490e-01,6.134836617990e-04
8.755521738221e-01,-3.480255726472e-01,8.517914437492e-01,-5.082099815538e-01,7.793037438386e-01,-6.248743947378e-01,7.066957794092e-01,-7.073121701133e-01,6.164802952886e-04
8.754510632354e-01,-3.480797419534e-01,8.517561728051e-01,-5.082302867117e-01,7.792944699051e-01,-6.248794670215e-01,7.066937717493e-01,-7.073131728469e-01,6.194915661888e-04
8.753498042076e-01,-3.481339944419e-01,8.517208131507e-01,-5.082506426586e-01,7.792851618812e-01,-6.248845578907e-01,7.066917542821e-01,-7.073141804734e-01,6.225175459978e-04
8.752483964845e-01,-3.481883302575e-01,8.516853645567e-01,-5.082710495238e-01,7.792758196413e-01,-6.248896674135e-01,7.066897269595e-01,-7.073151930167e-01,6.255583065630e-04
8.751468398112e-01,-3.482427495452e-01,8.516498267930e-01,-5.082915074370e-01,7.792664430590e-01,-6.248947956583e-01,7.066876897335e-01,-7.073162105008e-01,6.286139200827e-04
8.750451339325e-01,-3.482972524502e-01,8.516141996290e-01,-5.083120165281e-01,7.792570320078e-01,-6.248999426937e-01,7.066856425557e-01,-7.073172329497e-01,6.316844591080e-04
8.749432785926e-01,-3.483518391181e-01,8.515784828335e-01,-5.083325769274e-01,7.792475863603e-01,-6.249051085884e-01,7.066835853775e-01,-7.073182603876e-01,6.347699965442e-04
8.748412735350e-01,-3.484065096946e-01,8.515426761747e-01,-5.083531887656e-01,7.792381059890e-01,-6.249102934117e-01,7.066815181500e-01,-7.073192928390e-01,6.378706056530e-04
8.747391185028e-01,-3.484612643259e-01,8.515067794200e-01,-5.083738521737e-01,7.792285907657e-01,-6.249154972327e-01,7.066794408241e-01,-7.073203303281e-01,6.409863600535e-04
8.746368132385e-01,-3.485161031582e-01,8.514707923364e-01,-5.083945672830e-01,7.792190405619e-01,-6.249207201213e-01,7.066773533506e-01,-7.073213728796e-01,6.441173337249e-04
8.745343574842e-01,-3.485710263383e-01,8.514347146901e-01,-5.084153342251e-01,7.792094552484e-01,-6.249259621471e-01,7.066752556797e-01,-7.073224205181e-01,6.472636010073e-04
8.744317509812e-01,-3.486260340130e-01,8.513985462466e-01,-5.084361531321e-01,7.791998346957e-01,-6.249312233804e-01,7.066731477617e-01,-7.073234732685e-01,6.504252366044e-04
8.743289934705e-01,-3.486811263295e-01,8.513622867711e-01,-5.084570241364e-01,7.791901787738e-01,-6.249365038914e-01,7.066710295466e-01,-7.073245311556e-01,6.536023155844e-04
8.742260846924e-01,-3.487363034352e-01,8.513259360277e-01,-5.084779473706e-01,7.791804873522e-01,-6.249418037509e-01,7.066689009840e-01,-7.073255942045e-01,6.567949133824e-04
8.741230243868e-01,-3.487915654780e-01,8.512894937803e-01,-5.084989229677e-01,7.791707602998e-01,-6.249471230296e-01,7.066667620234e-01,-7.073266624404e-01,6.600031058018e-04
8.740198122928e-01,-3.488469126058e-01,8.512529597918e-01,-5.085199510613e-01,7.791609974852e-01,-6.249524617988e-01,7.066646126140e-01,-7.073277358884e-01,6.632269690164e-04
8.739164481492e-01,-3.489023449669e-01,8.512163338247e-01,-5.085410317849e-01,7.791511987764e-01,-6.249578201298e-01,7.066624527047e-01,-7.073288145741e-01,6.664665795722e-04
8.738129316942e-01,-3.489578627100e-01,8.511796156407e-01,-5.085621652727e-01,7.791413640408e-01,-6.249631980943e-01,7.066602822442e-01,-7.073298985229e-01,6.697220143888e-04
8.737092626653e-01,-3.490134659838e-01,8.511428050010e-01,-5.085833516592e-01,7.791314931456e-01,-6.249685957643e-01,7.066581011810e-01,-7.073309877606e-01,6.729933507617e-04
8.736054407995e-01,-3.490691549375e-01,8.511059016659e-01,-5.086045910791e-01,7.791215859574e-01,-6.249740132119e-01,7.066559094633e-01,-7.073320823128e-01,6.762806663639e-04
8.735014658334e-01,-3.491249297205e-01,8.510689053954e-01,-5.086258836676e-01,7.791116423420e-01,-6.249794505096e-01,7.066537070391e-01,-7.073331822055e-01,6.795840392479e-04
8.733973375029e-01,-3.491807904826e-01,8.510318159486e-01,-5.086472295601e-01,7.791016621652e-01,-6.249849077300e-01,7.066514938560e-01,-7.073342874647e-01,6.829035478474e-04
8.732930555433e-01,-3.492367373736e-01,8.509946330839e-01,-5.086686288925e-01,7.790916452919e-01,-6.249903849463e-01,7.066492698615e-01,-7.073353981166e-01,6.862392709792e-04
8.731886196895e-01,-3.492927705440e-01,8.509573565593e-01,-5.086900818010e-01,7.790815915866e-01,-6.249958822316e-01,7.066470350028e-01,-7.073365141874e-01,6.895912878451e-04
8.730840296756e-01,-3.493488901441e-01,8.509199861319e-01,-5.087115884221e-01,7.790715009135e-01,-6.250013996594e-01,7.066447892267e-01,-7.073376357036e-01,6.929596780337e-04
8.729792852355e-01,-3.494050963249e-01,8.508825215582e-01,-5.087331488928e-01,7.790613731361e-01,-6.250069373036e-01,7.066425324800e-01,-7.073387626917e-01,6.963445215224e-04
8.728743861021e-01,-3.494613892374e-01,8.508449625941e-01,-5.087547633503e-01,7.790512081174e-01,-6.250124952382e-01,7.066402647090e-01,-7.073398951784e-01,6.997458986795e-04
8.727693320080e-01,-3.495177690331e-01,8.508073089948e-01,-5.087764319322e-01,7.790410057200e-01,-6.250180735376e-01,7.066379858599e-01,-7.073410331904e-01,7.031638902655e-04
8.726641226853e-01,-3.495742358636e-01,8.507695605149e-01,-5.087981547765e-01,7.790307658057e-01,-6.250236722762e-01,7.066356958786e-01,-7.073421767546e-01,7.065985774356e-04
8.725587578653e-01,-3.496307898810e-01,8.507317169081e-01,-5.088199320215e-01,7.790204882362e-01,-6.250292915291e-01,7.066333947106e-01,-7.073433258982e-01,7.100500417413e-04
8.724532372789e-01,-3.496874312373e-01,8.506937779277e-01,-5.088417638060e-01,7.790101728725e-01,-6.250349313713e-01,7.066310823015e-01,-7.073444806484e-01,7.135183651325e-04
8.723475606562e-01,-3.497441600853e-01,8.506557433261e-01,-5.088636502689e-01,7.789998195749e-01,-6.250405918784e-01,7.066287585961e-01,-7.073456410324e-01,7.170036299595e-04
8.722417277271e-01,-3.498009765777e-01,8.506176128553e-01,-5.088855915498e-01,7.789894282035e-01,-6.250462731259e-01,7.066264235393e-01,-7.073468070777e-01,7.205059189746e-04
8.721357382207e-01,-3.498578808677e-01,8.505793862663e-01,-5.089075877884e-01,7.789789986176e-01,-6.250519751898e-01,7.066240770757e-01,-7.073479788119e-01,7.240253153346e-04
8.720295918653e-01,-3.499148731085e-01,8.505410633097e-01,-5.089296391248e-01,7.789685306762e-01,-6.250576981465e-01,7.066217191496e-01,-7.073491562627e-01,7.275619026022e-04
8.719232883891e-01,-3.499719534540e-01,8.505026437352e-01,-5.089517456996e-01,7.789580242376e-01,-6.250634420724e-01,7.066193497049e-01,-7.073503394580e-01,7.311157647486e-04
8.718168275195e-01,-3.500291220580e-01,8.504641272921e-01,-5.089739076536e-01,7.789474791598e-01,-6.250692070444e-01,7.066169686854e-01,-7.073515284257e-01,7.346869861548e-04
8.717102089831e-01,-3.500863790750e-01,8.504255137286e-01,-5.089961251280e-01,7.789368953000e-01,-6.250749931395e-01,7.066145760345e-01,-7.073527231940e-01,7.382756516143e-04
8.716034325062e-01,-3.501437246593e-01,8.503868027926e-01,-5.090183982646e-01,7.789262725150e-01,-6.250808004351e-01,7.066121716954e-01,-7.073539237912e-01,7.418818463346e-04
8.714964978145e-01,-3.502011589658e-01,8.503479942310e-01,-5.090407272052e-01,7.789156106610e-01,-6.250866290089e-01,7.066097556110e-01,-7.073551302456e-01,7.455056559394e-04
8.713894046329e-01,-3.502586821497e-01,8.503090877904e-01,-5.090631120922e-01,7.789049095939e-01,-6.250924789388e-01,7.066073277239e-01,-7.073563425859e-01,7.491471664708e-04
8.712821526860e-01,-3.503162943665e-01,8.502700832163e-01,-5.090855530684e-01,7.788941691688e-01,-6.250983503031e-01,7.066048879765e-01,-7.073575608406e-01,7.528064643909e-04
8.711747416976e-01,-3.503739957717e-01,8.502309802537e-01,-5.091080502768e-01,7.788833892403e-01,-6.251042431802e-01,7.066024363108e-01,-7.073587850386e-01,7.564836365845e-04
8.710671713910e-01,-3.504317865214e-01,8.501917786468e-01,-5.091306038609e-01,7.788725696626e-01,-6.251101576490e-01,7.065999726685e-01,-7.073600152088e-01,7.601787703604e-04
8.709594414888e-01,-3.504896667720e-01,8.501524781394e-01,-5.091532139645e-01,7.788617102892e-01,-6.251160937886e-01,7.065974969913e-01,-7.073612513804e-01,7.638919534542e-04
8.708515517132e-01,-3.505476366799e-01,8.501130784741e-01,-5.091758807319e-01,7.788508109731e-01,-6.251220516782e-01,7.065950092202e-01,-7.073624935826e-01,7.676232740300e-04
8.707435017857e-01,-3.506056964021e-01,8.500735793933e-01,-5.091986043076e-01,7.788398715669e-01,-6.251280313977e-01,7.065925092962e-01,-7.073637418447e-01,7.713728206822e-04
8.706352914270e-01,-3.506638460957e-01,8.500339806384e-01,-5.092213848366e-01,7.788288919224e-01,-6.251340330269e-01,7.065899971599e-01,-7.073649961964e-01,7.751406824385e-04
8.705269203576e-01,-3.507220859183e-01,8.499942819501e-01,-5.092442224642e-01,7.788178718910e-01,-6.251400566461e-01,7.065874727516e-01,-7.073662566672e-01,7.789269487611e-04
8.704183882972e-01,-3.507804160275e-01,8.499544830685e-01,-5.092671173362e-01,7.788068113236e-01,-6.251461023358e-01,7.065849360115e-01,-7.073675232870e-01,7.827317095493e-04
8.703096949648e-01,-3.508388365814e-01,8.499145837329e-01,-5.092900695987e-01,7.787957100703e-01,-6.251521701769e-01,7.065823868792e-01,-7.073687960857e-01,7.865550551414e-04
8.702008400789e-01,-3.508973477384e-01,8.498745836819e-01,-5.093130793981e-01,7.787845679810e-01,-6.251582602505e-01,7.065798252942e-01,-7.073700750934e-01,7.903970763172e-04
8.700918233574e-01,-3.509559496572e-01,8.498344826535e-01,-5.093361468813e-01,7.787733849047e-01,-6.251643726381e-01,7.065772511957e-01,-7.073713603405e-01,7.942578642997e-04
8.699826445176e-01,-3.510146424965e-01,8.497942803848e-01,-5.093592721956e-01,7.787621606901e-01,-6.251705074213e-01,7.065746645226e-01,-7.073726518572e-01,7.981375107577e-04
8.698733032762e-01,-3.510734264158e-01,8.497539766123e-01,-5.093824554885e-01,7.787508951852e-01,-6.251766646822e-01,7.065720652133e-01,-7.073739496742e-01,8.020361078075e-04
8.697637993492e-01,-3.511323015745e-01,8.497135710717e-01,-5.094056969081e-01,7.787395882374e-01,-6.251828445031e-01,7.065694532062e-01,-7.073752538221e-01,8.059537480157e-04
8.696541324521e-01,-3.511912681324e-01,8.496730634981e-01,-5.094289966028e-01,7.787282396936e-01,-6.251890469667e-01,7.065668284393e-01,-7.073765643317e-01,8.098905244007e-04
8.695443022997e-01,-3.512503262497e-01,8.496324536257e-01,-5.094523547213e-01,7.787168494002e-01,-6.251952721558e-01,7.065641908501e-01,-7.073778812341e-01,8.138465304354e-04
8.694343086062e-01,-3.513094760868e-01,8.495917411881e-01,-5.094757714129e-01,7.787054172028e-01,-6.252015201538e-01,7.065615403761e-01,-7.073792045604e-01,8.178218600495e-04
8.693241510853e-01,-3.513687178044e-01,8.495509259182e-01,-5.094992468271e-01,7.786939429467e-01,-6.252077910441e-01,7.065588769543e-01,-7.073805343419e-01,8.218166076311e-04
8.692138294500e-01,-3.514280515636e-01,8.495100075480e-01,-5.095227811138e-01,7.786824264765e-01,-6.252140849105e-01,7.065562005214e-01,-7.073818706100e-01,8.258308680296e-04
8.691033434125e-01,-3.514874775256e-01,8.494689858089e-01,-5.095463744234e-01,7.786708676361e-01,-6.252204018373e-01,7.065535110139e-01,-7.073832133964e-01,8.298647365578e-04
8.689926926848e-01,-3.515469958521e-01,8.494278604315e-01,-5.095700269067e-01,7.786592662691e-01,-6.252267419089e-01,7.065508083679e-01,-7.073845627327e-01,8.339183089937e-04
8.688818769778e-01,-3.516066067050e-01,8.493866311457e-01,-5.095937387146e-01,7.786476222182e-01,-6.252331052100e-01,7.065480925192e-01,-7.073859186509e-01,8.379916815836e-04
8.687708960022e-01,-3.516663102466e-01,8.493452976806e-01,-5.096175099988e-01,7.786359353258e-01,-6.252394918258e-01,7.065453634034e-01,-7.073872811831e-01,8.420849510436e-04
8.686597494677e-01,-3.517261066393e-01,8.493038597647e-01,-5.096413409112e-01,7.786242054335e-01,-6.252459018415e-01,7.065426209555e-01,-7.073886503615e-01,8.461982145622e-04
8.685484370837e-01,-3.517859960459e-01,8.492623171256e-01,-5.096652316041e-01,7.786124323824e-01,-6.252523353429e-01,7.065398651105e-01,-7.073900262184e-01,8.503315698029e-04
8.684369585587e-01,-3.518459786297e-01,8.492206694901e-01,-5.096891822301e-01,7.786006160130e-01,-6.252587924161e-01,7.065370958028e-01,-7.073914087863e-01,8.544851149060e-04
8.683253136008e-01,-3.519060545539e-01,8.491789165845e-01,-5.097131929424e-01,7.785887561652e-01,-6.252652731472e-01,7.065343129668e-01,-7.073927980980e-01,8.586589484913e-04
8.682135019173e-01,-3.519662239824e-01,8.491370581340e-01,-5.097372638944e-01,7.785768526784e-01,-6.252717776231e-01,7.065315165364e-01,-7.073941941864e-01,8.628531696604e-04
8.681015232150e-01,-3.520264870792e-01,8.490950938635e-01,-5.097613952401e-01,7.785649053911e-01,-6.252783059305e-01,7.065287064451e-01,-7.073955970843e-01,8.670678779987e-04
8.679893771999e-01,-3.520868440086e-01,8.490530234967e-01,-5.097855871338e-01,7.785529141417e-01,-6.252848581568e-01,7.065258826261e-01,-7.073970068250e-01,8.713031735782e-04
8.678770635775e-01,-3.521472949352e-01,8.490108467568e-01,-5.098098397302e-01,7.785408787674e-01,-6.252914343896e-01,7.065230450124e-01,-7.073984234419e-01,8.755591569598e-04
8.677645820526e-01,-3.522078400241e-01,8.489685633661e-01,-5.098341531843e-01,7.785287991054e-01,-6.252980347168e-01,7.065201935367e-01,-7.073998469683e-01,8.798359291956e-04
8.676519323293e-01,-3.522684794404e-01,8.489261730462e-01,-5.098585276517e-01,7.785166749917e-01,-6.253046592267e-01,7.065173281311e-01,-7.074012774380e-01,8.841335918310e-04
8.675391141113e-01,-3.523292133497e-01,8.488836755179e-01,-5.098829632884e-01,7.785045062622e-01,-6.253113080077e-01,7.065144487277e-01,-7.074027148847e-01,8.884522469077e-04
8.674261271014e-01,-3.523900419178e-01,8.488410705014e-01,-5.099074602505e-01,7.784922927519e-01,-6.253179811487e-01,7.065115552581e-01,-7.074041593425e-01,8.927919969659e-04
8.673129710018e-01,-3.524509653110e-01,8.487983577159e-01,-5.099320186948e-01,7.784800342952e-01,-6.253246787390e-01,7.065086476534e-01,-7.074056108455e-01,8.971529450464e-04
8.671996455141e-01,-3.525119836956e-01,8.487555368798e-01,-5.099566387785e-01,7.784677307260e-01,-6.253314008681e-01,7.065057258447e-01,-7.074070694280e-01,9.015351946934e-04
8.670861503393e-01,-3.525730972386e-01,8.487126077110e-01,-5.099813206591e-01,7.784553818775e-01,-6.253381476258e-01,7.065027897626e-01,-7.074085351245e-01,9.059388499571e-04
8.669724851777e-01,-3.526343061069e-01,8.486695699264e-01,-5.100060644946e-01,7.784429875823e-01,-6.253449191024e-01,7.064998393373e-01,-7.074100079696e-01,9.103640153956e-04
8.668586497290e-01,-3.526956104679e-01,8.486264232421e-01,-5.100308704433e-01,7.784305476724e-01,-6.253517153882e-01,7.064968744988e-01,-7.074114879981e-01,9.148107960780e-04
8.667446436920e-01,-3.527570104895e-01,8.485831673737e-01,-5.100557386640e-01,7.784180619791e-01,-6.253585365743e-01,7.064938951766e-01,-7.074129752451e-01,9.192792975864e-04
8.666304667651e-01,-3.528185063394e-01,8.485398020355e-01,-5.100806693159e-01,7.784055303331e-01,-6.253653827516e-01,7.064909013000e-01,-7.074144697456e-01,9.237696260189e-04
8.665161186461e-01,-3.528800981862e-01,8.484963269416e-01,-5.101056625585e-01,7.783929525645e-01,-6.253722540119e-01,7.064878927978e-01,-7.074159715350e-01,9.282818879915e-04
8.664015990319e-01,-3.529417861984e-01,8.484527418049e-01,-5.101307185520e-01,7.783803285029e-01,-6.253791504468e-01,7.064848695987e-01,-7.074174806488e-01,9.328161906413e-04
8.662869076189e-01,-3.530035705449e-01,8.484090463377e-01,-5.101558374567e-01,7.783676579769e-01,-6.253860721486e-01,7.064818316307e-01,-7.074189971227e-01,9.373726416286e-04
8.661720441028e-01,-3.530654513950e-01,8.483652402513e-01,-5.101810194335e-01,7.783549408147e-01,-6.253930192098e-01,7.064787788218e-01,-7.074205209925e-01,9.419513491396e-04
8.660570081786e-01,-3.531274289183e-01,8.483213232565e-01,-5.102062646436e-01,7.783421768440e-01,-6.253999917232e-01,7.064757110995e-01,-7.074220522942e-01,9.465524218888e-04
8.659417995407e-01,-3.531895032846e-01,8.482772950630e-01,-5.102315732488e-01,7.783293658916e-01,-6.254069897820e-01,7.064726283909e-01,-7.074235910639e-01,9.511759691219e-04
8.658264178827e-01,-3.532516746641e-01,8.482331553800e-01,-5.102569454112e-01,7.783165077837e-01,-6.254140134798e-01,7.064695306227e-01,-7.074251373382e-01,9.558221006182e-04
8.657108628976e-01,-3.533139432274e-01,8.481889039156e-01,-5.102823812932e-01,7.783036023460e-01,-6.254210629104e-01,7.064664177213e-01,-7.074266911534e-01,9.604909266932e-04
8.655951342780e-01,-3.533763091451e-01,8.481445403774e-01,-5.103078810579e-01,7.782906494034e-01,-6.254281381680e-01,7.064632896130e-01,-7.074282525464e-01,9.651825582012e-04
8.654792317153e-01,-3.534387725885e-01,8.481000644718e-01,-5.103334448686e-01,7.782776487801e-01,-6.254352393472e-01,7.064601462233e-01,-7.074298215539e-01,9.698971065381e-04
8.653631549006e-01,-3.535013337289e-01,8.480554759048e-01,-5.103590728892e-01,7.782646002999e-01,-6.254423665429e-01,7.064569874775e-01,-7.074313982132e-01,9.746346836439e-04
8.652469035243e-01,-3.535639927381e-01,8.480107743812e-01,-5.103847652838e-01,7.782515037857e-01,-6.254495198503e-01,7.064538133008e-01,-7.074329825614e-01,9.793954020052e-04
8.651304772760e-01,-3.536267497882e-01,8.479659596054e-01,-5.104105222172e-01,7.782383590598e-01,-6.254566993651e-01,7.064506236176e-01,-7.074345746360e-01,9.841793746583e-04
8.650138758446e-01,-3.536896050516e-01,8.479210312806e-01,-5.104363438543e-01,7.782251659439e-01,-6.254639051831e-01,7.064474183522e-01,-7.074361744746e-01,9.889867151916e-04
8.648970989184e-01,-3.537525587009e-01,8.478759891094e-01,-5.104622303608e-01,7.782119242590e-01,-6.254711374008e-01,7.064441974286e-01,-7.074377821150e-01,9.938175377481e-04
8.647801461851e-01,-3.538156109091e-01,8.478308327935e-01,-5.104881819025e-01,7.781986338255e-01,-6.254783961146e-01,7.064409607700e-01,-7.074393975951e-01,9.986719570286e-04
8.646630173315e-01,-3.538787618495e-01,8.477855620337e-01,-5.105141986459e-01,7.781852944629e-01,-6.254856814217e-01,7.064377082998e-01,-7.074410209532e-01,1.003550088294e-03
8.645457120439e-01,-3.539420116959e-01,8.477401765302e-01,-5.105402807577e-01,7.781719059902e-01,-6.254929934193e-01,7.064344399407e-01,-7.074426522277e-01,1.008452047369e-03
8.644282300078e-01,-3.540053606220e-01,8.476946759822e-01,-5.105664284052e-01,7.781584682258e-01,-6.255003322052e-01,7.064311556150e-01,-7.074442914569e-01,1.013377950642e-03
8.643105709081e-01,-3.540688088023e-01,8.476490600880e-01,-5.105926417561e-01,7.781449809873e-01,-6.255076978775e-01,7.064278552446e-01,-7.074459386798e-01,1.018327915072e-03
8.641927344288e-01,-3.541323564113e-01,8.476033285452e-01,-5.106189209785e-01,7.781314440916e-01,-6.255150905345e-01,7.064245387514e-01,-7.074475939351e-01,1.023302058189e-03
8.640747202536e-01,-3.541960036238e-01,8.475574810506e-01,-5.106452662410e-01,7.781178573550e-01,-6.255225102750e-01,7.064212060563e-01,-7.074492572620e-01,1.028300498096e-03
8.639565280650e-01,-3.542597506152e-01,8.475115172999e-01,-5.106716777125e-01,7.781042205931e-01,-6.255299571983e-01,7.064178570803e-01,-7.074509286998e-01,1.033323353474e-03
8.638381575452e-01,-3.543235975609e-01,8.474654369883e-01,-5.106981555625e-01,7.780905336207e-01,-6.255374314037e-01,7.064144917439e-01,-7.074526082879e-01,1.038370743583e-03
8.637196083756e-01,-3.543875446368e-01,8.474192398098e-01,-5.107246999608e-01,7.780767962521e-01,-6.255449329912e-01,7.064111099671e-01,-7.074542960661e-01,1.043442788266e-03
8.636008802368e-01,-3.544515920191e-01,8.473729254579e-01,-5.107513110777e-01,7.780630083008e-01,-6.255524620610e-01,7.064077116696e-01,-7.074559920742e-01,1.048539607951e-03
8.634819728087e-01,-3.545157398843e-01,8.473264936250e-01,-5.107779890841e-01,7.780491695795e-01,-6.255600187136e-01,7.064042967707e-01,-7.074576963522e-01,1.053661323654e-03
8.633628857706e-01,-3.545799884092e-01,8.472799440027e-01,-5.108047341511e-01,7.780352799004e-01,-6.255676030501e-01,7.064008651892e-01,-7.074594089405e-01,1.058808056983e-03
8.632436188011e-01,-3.546443377709e-01,8.472332762819e-01,-5.108315464503e-01,7.780213390749e-01,-6.255752151718e-01,7.063974168436e-01,-7.074611298794e-01,1.063979930140e-03
8.631241715779e-01,-3.547087881469e-01,8.471864901524e-01,-5.108584261539e-01,7.780073469137e-01,-6.255828551803e-01,7.063939516521e-01,-7.074628592096e-01,1.069177065923e-03
8.630045437782e-01,-3.547733397149e-01,8.471395853032e-01,-5.108853734343e-01,7.779933032268e-01,-6.255905231778e-01,7.063904695324e-01,-7.074645969720e-01,1.074399587730e-03
8.628847350784e-01,-3.548379926532e-01,8.470925614226e-01,-5.109123884647e-01,7.779792078234e-01,-6.255982192666e-01,7.063869704017e-01,-7.074663432076e-01,1.079647619563e-03
8.627647451541e-01,-3.549027471400e-01,8.470454181978e-01,-5.109394714183e-01,7.779650605122e-01,-6.256059435497e-01,7.063834541768e-01,-7.074680979576e-01,1.084921286027e-03
8.626445736804e-01,-3.549676033541e-01,8.469981553153e-01,-5.109666224692e-01,7.779508611010e-01,-6.256136961302e-01,7.063799207744e-01,-7.074698612635e-01,1.090220712339e-03
8.625242203315e-01,-3.550325614746e-01,8.469507724608e-01,-5.109938417915e-01,7.779366093969e-01,-6.256214771116e-01,7.063763701105e-01,-7.074716331669e-01,1.095546024325e-03
8.624036847810e-01,-3.550976216809e-01,8.469032693187e-01,-5.110211295602e-01,7.779223052063e-01,-6.256292865979e-01,7.063728021006e-01,-7.074734137097e-01,1.100897348428e-03
8.622829667015e-01,-3.551627841527e-01,8.468556455731e-01,-5.110484859505e-01,7.779079483351e-01,-6.256371246935e-01,7.063692166602e-01,-7.074752029339e-01,1.106274811706e-03
8.621620657652e-01,-3.552280490700e-01,8.468079009068e-01,-5.110759111380e-01,7.778935385880e-01,-6.256449915030e-01,7.063656137040e-01,-7.074770008818e-01,1.111678541839e-03
8.620409816436e-01,-3.552934166132e-01,8.467600350019e-01,-5.111034052990e-01,7.778790757694e-01,-6.256528871315e-01,7.063619931464e-01,-7.074788075958e-01,1.117108667131e-03
8.619197140071e-01,-3.553588869630e-01,8.467120475395e-01,-5.111309686100e-01,7.778645596828e-01,-6.256608116845e-01,7.063583549014e-01,-7.074806231185e-01,1.122565316512e-03
8.617982625256e-01,-3.554244603003e-01,8.466639382000e-01,-5.111586012482e-01,7.778499901309e-01,-6.256687652678e-01,7.063546988827e-01,-7.074824474929e-01,1.128048619542e-03
8.616766268684e-01,-3.554901368066e-01,8.466157066626e-01,-5.111863033910e-01,7.778353669158e-01,-6.256767479878e-01,7.063510250034e-01,-7.074842807620e-01,1.133558706414e-03
8.615548067039e-01,-3.555559166634e-01,8.465673526060e-01,-5.112140752165e-01,7.778206898388e-01,-6.256847599509e-01,7.063473331761e-01,-7.074861229691e-01,1.139095707957e-03
8.614328016997e-01,-3.556218000527e-01,8.465188757077e-01,-5.112419169030e-01,7.778059587005e-01,-6.256928012642e-01,7.063436233133e-01,-7.074879741577e-01,1.144659755639e-03
8.613106115228e-01,-3.556877871570e-01,8.464702756444e-01,-5.112698286296e-01,7.777911733006e-01,-6.257008720352e-01,7.063398953268e-01,-7.074898343715e-01,1.150250981570e-03
8.611882358395e-01,-3.557538781587e-01,8.464215520918e-01,-5.112978105757e-01,7.777763334381e-01,-6.257089723716e-01,7.063361491280e-01,-7.074917036544e-01,1.155869518504e-03
8.610656743150e-01,-3.558200732409e-01,8.463727047250e-01,-5.113258629210e-01,7.777614389116e-01,-6.257171023816e-01,7.063323846280e-01,-7.074935820506e-01,1.161515499847e-03
8.609429266143e-01,-3.558863725869e-01,8.463237332178e-01,-5.113539858459e-01,7.777464895183e-01,-6.257252621738e-01,7.063286017373e-01,-7.074954696044e-01,1.167189059654e-03
8.608199924013e-01,-3.559527763802e-01,8.462746372433e-01,-5.113821795312e-01,7.777314850553e-01,-6.257334518572e-01,7.063248003662e-01,-7.074973663603e-01,1.172890332634e-03
8.606968713391e-01,-3.560192848048e-01,8.462254164738e-01,-5.114104441582e-01,7.777164253184e-01,-6.257416715411e-01,7.063209804242e-01,-7.074992723631e-01,1.178619454156e-03
8.605735630903e-01,-3.560858980451e-01,8.461760705803e-01,-5.114387799085e-01,7.777013101031e-01,-6.257499213354e-01,7.063171418207e-01,-7.075011876579e-01,1.184376560250e-03
8.604500673166e-01,-3.561526162855e-01,8.461265992334e-01,-5.114671869644e-01,7.776861392037e-01,-6.257582013501e-01,7.063132844645e-01,-7.075031122897e-01,1.190161787609e-03
8.603263836789e-01,-3.562194397111e-01,8.460770021022e-01,-5.114956655085e-01,7.776709124141e-01,-6.257665116960e-01,7.063094082639e-01,-7.075050463042e-01,1.195975273596e-03
8.602025118376e-01,-3.562863685071e-01,8.460272788554e-01,-5.115242157240e-01,7.776556295272e-01,-6.257748524838e-01,7.063055131269e-01,-7.075069897468e-01,1.201817156242e-03
8.600784514519e-01,-3.563534028590e-01,8.459774291605e-01,-5.115528377945e-01,7.776402903352e-01,-6.257832238251e-01,7.063015989610e-01,-7.075089426635e-01,1.207687574255e-03
8.599542021806e-01,-3.564205429529e-01,8.459274526841e-01,-5.115815319042e-01,7.776248946295e-01,-6.257916258317e-01,7.062976656731e-01,-7.075109051003e-01,1.213586667018e-03
8.598297636816e-01,-3.564877889749e-01,8.458773490919e-01,-5.116102982375e-01,7.776094422007e-01,-6.258000586156e-01,7.062937131699e-01,-7.075128771037e-01,1.219514574598e-03
8.597051356122e-01,-3.565551411117e-01,8.458271180486e-01,-5.116391369796e-01,7.775939328388e-01,-6.258085222895e-01,7.062897413575e-01,-7.075148587200e-01,1.225471437744e-03
8.595803176286e-01,-3.566225995501e-01,8.457767592181e-01,-5.116680483160e-01,7.775783663327e-01,-6.258170169665e-01,7.062857501415e-01,-7.075168499962e-01,1.231457397891e-03
8.594553093865e-01,-3.566901644775e-01,8.457262722632e-01,-5.116970324326e-01,7.775627424708e-01,-6.258255427599e-01,7.062817394271e-01,-7.075188509791e-01,1.237472597169e-03
8.593301105408e-01,-3.567578360813e-01,8.456756568458e-01,-5.117260895161e-01,7.775470610406e-01,-6.258340997837e-01,7.062777091191e-01,-7.075208617160e-01,1.243517178400e-03
8.592047207455e-01,-3.568256145495e-01,8.456249126270e-01,-5.117552197533e-01,7.775313218287e-01,-6.258426881519e-01,7.062736591216e-01,-7.075228822544e-01,1.249591285101e-03
8.590791396540e-01,-3.568935000703e-01,8.455740392667e-01,-5.117844233318e-01,7.775155246209e-01,-6.258513079794e-01,7.062695893386e-01,-7.075249126419e-01,1.255695061496e-03
8.589533669188e-01,-3.569614928324e-01,8.455230364240e-01,-5.118137004395e-01,7.774996692026e-01,-6.258599593812e-01,7.062654996733e-01,-7.075269529264e-01,1.261828652508e-03
8.588274021916e-01,-3.570295930245e-01,8.454719037570e-01,-5.118430512649e-01,7.774837553578e-01,-6.258686424728e-01,7.062613900286e-01,-7.075290031561e-01,1.267992203770e-03
8.587012451234e-01,-3.570978008360e-01,8.454206409230e-01,-5.118724759968e-01,7.774677828701e-01,-6.258773573701e-01,7.062572603069e-01,-7.075310633793e-01,1.274185861628e-03
8.585748953644e-01,-3.571661164565e-01,8.453692475780e-01,-5.119019748247e-01,7.774517515221e-01,-6.258861041895e-01,7.062531104100e-01,-7.075331336447e-01,1.280409773139e-03
8.584483525639e-01,-3.572345400757e-01,8.453177233774e-01,-5.119315479386e-01,7.774356610958e-01,-6.258948830477e-01,7.062489402394e-01,-7.075352140011e-01,1.286664086083e-03
8.583216163707e-01,-3.573030718841e-01,8.452660679753e-01,-5.119611955287e-01,7.774195113720e-01,-6.259036940620e-01,7.062447496961e-01,-7.075373044975e-01,1.292948948957e-03
8.581946864325e-01,-3.573717120721e-01,8.452142810252e-01,-5.119909177861e-01,7.774033021312e-01,-6.259125373499e-01,7.062405386804e-01,-7.075394051834e-01,1.299264510988e-03
8.580675623963e-01,-3.574404608306e-01,8.451623621793e-01,-5.120207149021e-01,7.773870331526e-01,-6.259214130296e-01,7.062363070924e-01,-7.075415161082e-01,1.305610922128e-03
8.579402439083e-01,-3.575093183510e-01,8.451103110889e-01,-5.120505870686e-01,7.773707042148e-01,-6.259303212194e-01,7.062320548316e-01,-7.075436373218e-01,1.311988333063e-03
8.578127306141e-01,-3.575782848248e-01,8.450581274044e-01,-5.120805344780e-01,7.773543150956e-01,-6.259392620383e-01,7.062277817969e-01,-7.075457688741e-01,1.318396895217e-03
8.576850221583e-01,-3.576473604439e-01,8.450058107752e-01,-5.121105573231e-01,7.773378655718e-01,-6.259482356057e-01,7.062234878868e-01,-7.075479108156e-01,1.324836760750e-03
8.575571181846e-01,-3.577165454005e-01,8.449533608497e-01,-5.121406557974e-01,7.773213554196e-01,-6.259572420413e-01,7.062191729993e-01,-7.075500631966e-01,1.331308082568e-03
8.574290183362e-01,-3.577858398873e-01,8.449007772754e-01,-5.121708300947e-01,7.773047844141e-01,-6.259662814654e-01,7.062148370320e-01,-7.075522260680e-01,1.337811014322e-03
8.573007222552e-01,-3.578552440972e-01,8.448480596985e-01,-5.122010804095e-01,7.772881523299e-01,-6.259753539985e-01,7.062104798818e-01,-7.075543994808e-01,1.344345710416e-03
8.571722295831e-01,-3.579247582235e-01,8.447952077645e-01,-5.122314069366e-01,7.772714589403e-01,-6.259844597618e-01,7.062061014452e-01,-7.075565834862e-01,1.350912326005e-03
8.570435399605e-01,-3.579943824597e-01,8.447422211180e-01,-5.122618098714e-01,7.772547040181e-01,-6.259935988767e-01,7.062017016183e-01,-7.075587781357e-01,1.357511017005e-03
8.569146530271e-01,-3.580641169998e-01,8.446890994022e-01,-5.122922894098e-01,7.772378873352e-01,-6.260027714654e-01,7.061972802964e-01,-7.075609834812e-01,1.364141940091e-03
8.567855684221e-01,-3.581339620380e-01,8.446358422596e-01,-5.123228457482e-01,7.772210086625e-01,-6.260119776502e-01,7.061928373747e-01,-7.075631995746e-01,1.370805252705e-03
8.566562857836e-01,-3.582039177690e-01,8.445824493316e-01,-5.123534790836e-01,7.772040677701e-01,-6.260212175538e-01,7.061883727474e-01,-7.075654264681e-01,1.377501113058e-03
8.565268047488e-01,-3.582739843878e-01,8.445289202586e-01,-5.123841896133e-01,7.771870644274e-01,-6.260304912998e-01,7.061838863087e-01,-7.075676642143e-01,1.384229680132e-03
8.563971249544e-01,-3.583441620896e-01,8.444752546800e-01,-5.124149775354e-01,7.771699984028e-01,-6.260397990117e-01,7.061793779518e-01,-7.075699128660e-01,1.390991113688e-03
8.562672460361e-01,-3.584144510700e-01,8.444214522341e-01,-5.124458430482e-01,7.771528694637e-01,-6.260491408139e-01,7.061748475698e-01,-7.075721724762e-01,1.397785574265e-03
8.561371676287e-01,-3.584848515251e-01,8.443675125584e-01,-5.124767863508e-01,7.771356773769e-01,-6.260585168309e-01,7.061702950549e-01,-7.075744430982e-01,1.404613223189e-03
8.560068893664e-01,-3.585553636511e-01,8.443134352891e-01,-5.125078076425e-01,7.771184219081e-01,-6.260679271880e-01,7.061657202991e-01,-7.075767247854e-01,1.411474222571e-03
8.558764108823e-01,-3.586259876447e-01,8.442592200616e-01,-5.125389071234e-01,7.771011028222e-01,-6.260773720105e-01,7.061611231936e-01,-7.075790175918e-01,1.418368735316e-03
8.557457318088e-01,-3.586967237028e-01,8.442048665101e-01,-5.125700849941e-01,7.770837198833e-01,-6.260868514246e-01,7.061565036293e-01,-7.075813215713e-01,1.425296925123e-03
8.556148517776e-01,-3.587675720229e-01,8.441503742678e-01,-5.126013414555e-01,7.770662728546e-01,-6.260963655568e-01,7.061518614964e-01,-7.075836367782e-01,1.432258956493e-03
8.554837704193e-01,-3.588385328025e-01,8.440957429670e-01,-5.126326767092e-01,7.770487614982e-01,-6.261059145339e-01,7.061471966847e-01,-7.075859632673e-01,1.439254994729e-03
8.553524873639e-01,-3.589096062398e-01,8.440409722389e-01,-5.126640909573e-01,7.770311855756e-01,-6.261154984835e-01,7.061425090833e-01,-7.075883010932e-01,1.446285205940e-03
8.552210022403e-01,-3.589807925329e-01,8.439860617135e-01,-5.126955844023e-01,7.770135448472e-01,-6.261251175332e-01,7.061377985809e-01,-7.075906503111e-01,1.453349757049e-03
8.550893146769e-01,-3.590520918807e-01,8.439310110199e-01,-5.127271572474e-01,7.769958390726e-01,-6.261347718116e-01,7.061330650655e-01,-7.075930109765e-01,1.460448815794e-03
8.549574243009e-01,-3.591235044822e-01,8.438758197863e-01,-5.127588096962e-01,7.769780680105e-01,-6.261444614472e-01,7.061283084248e-01,-7.075953831448e-01,1.467582550731e-03
8.548253307389e-01,-3.591950305366e-01,8.438204876394e-01,-5.127905419529e-01,7.769602314186e-01,-6.261541865696e-01,7.061235285457e-01,-7.075977668721e-01,1.474751131239e-03
8.546930336166e-01,-3.592666702439e-01,8.437650142054e-01,-5.128223542222e-01,7.769423290538e-01,-6.261639473082e-01,7.061187253147e-01,-7.076001622146e-01,1.481954727527e-03
8.545605325588e-01,-3.593384238039e-01,8.437093991090e-01,-5.128542467094e-01,7.769243606720e-01,-6.261737437935e-01,7.061138986176e-01,-7.076025692286e-01,1.489193510632e-03
8.544278271893e-01,-3.594102914172e-01,8.436536419740e-01,-5.128862196201e-01,7.769063260283e-01,-6.261835761559e-01,7.061090483399e-01,-7.076049879710e-01,1.496467652430e-03
8.542949171315e-01,-3.594822732844e-01,8.435977424233e-01,-5.129182731607e-01,7.768882248768e-01,-6.261934445267e-01,7.061041743663e-01,-7.076074184986e-01,1.503777325633e-03
8.541618020074e-01,-3.595543696067e-01,8.435417000784e-01,-5.129504075379e-01,7.768700569706e-01,-6.262033490376e-01,7.060992765809e-01,-7.076098608689e-01,1.511122703800e-03
8.540284814386e-01,-3.596265805855e-01,8.434855145600e-01,-5.129826229592e-01,7.768518220621e-01,-6.262132898205e-01,7.060943548675e-01,-7.076123151394e-01,1.518503961334e-03
8.538949550454e-01,-3.596989064226e-01,8.434291854876e-01,-5.130149196324e-01,7.768335199025e-01,-6.262232670082e-01,7.060894091092e-01,-7.076147813678e-01,1.525921273494e-03
8.537612224476e-01,-3.597713473200e-01,8.433727124797e-01,-5.130472977660e-01,7.768151502423e-01,-6.262332807336e-01,7.060844391884e-01,-7.076172596124e-01,1.533374816393e-03
8.536272832639e-01,-3.598439034802e-01,8.433160951536e-01,-5.130797575689e-01,7.767967128308e-01,-6.262433311303e-01,7.060794449870e-01,-7.076197499314e-01,1.540864767003e-03
8.534931371123e-01,-3.599165751061e-01,8.432593331256e-01,-5.131122992507e-01,7.767782074167e-01,-6.262534183323e-01,7.060744263865e-01,-7.076222523837e-01,1.548391303162e-03
8.533587836099e-01,-3.599893624008e-01,8.432024260109e-01,-5.131449230213e-01,7.767596337476e-01,-6.262635424742e-01,7.060693832676e-01,-7.076247670281e-01,1.555954603577e-03
8.532242223727e-01,-3.600622655678e-01,8.431453734237e-01,-5.131776290914e-01,7.767409915699e-01,-6.262737036910e-01,7.060643155105e-01,-7.076272939238e-01,1.563554847828e-03
8.530894530162e-01,-3.601352848109e-01,8.430881749769e-01,-5.132104176720e-01,7.767222806295e-01,-6.262839021181e-01,7.060592229948e-01,-7.076298331306e-01,1.571192216370e-03
8.529544751546e-01,-3.602084203343e-01,8.430308302825e-01,-5.132432889750e-01,7.767035006710e-01,-6.262941378916e-01,7.060541055995e-01,-7.076323847080e-01,1.578866890542e-03
8.528192884015e-01,-3.602816723426e-01,8.429733389512e-01,-5.132762432124e-01,7.766846514382e-01,-6.263044111479e-01,7.060489632031e-01,-7.076349487163e-01,1.586579052567e-03
8.526838923697e-01,-3.603550410405e-01,8.429157005928e-01,-5.133092805971e-01,7.766657326740e-01,-6.263147220240e-01,7.060437956833e-01,-7.076375252159e-01,1.594328885560e-03
8.525482866708e-01,-3.604285266335e-01,8.428579148159e-01,-5.133424013424e-01,7.766467441200e-01,-6.263250706574e-01,7.060386029175e-01,-7.076401142674e-01,1.602116573529e-03
8.524124709157e-01,-3.605021293269e-01,8.427999812279e-01,-5.133756056621e-01,7.766276855173e-01,-6.263354571861e-01,7.060333847823e-01,-7.076427159319e-01,1.609942301380e-03
8.522764447144e-01,-3.605758493267e-01,8.427418994353e-01,-5.134088937707e-01,7.766085566057e-01,-6.263458817485e-01,7.060281411536e-01,-7.076453302706e-01,1.617806254924e-03
8.521402076760e-01,-3.606496868392e-01,8.426836690433e-01,-5.134422658831e-01,7.765893571241e-01,-6.263563444836e-01,7.060228719070e-01,-7.076479573450e-01,1.625708620880e-03
8.520037594086e-01,-3.607236420709e-01,8.426252896561e-01,-5.134757222148e-01,7.765700868104e-01,-6.263668455309e-01,7.060175769172e-01,-7.076505972172e-01,1.633649586876e-03
8.518670995196e-01,-3.607977152289e-01,8.425667608765e-01,-5.135092629820e-01,7.765507454016e-01,-6.263773850304e-01,7.060122560584e-01,-7.076532499491e-01,1.641629341459e-03
8.517302276154e-01,-3.608719065204e-01,8.425080823066e-01,-5.135428884013e-01,7.765313326337e-01,-6.263879631225e-01,7.060069092043e-01,-7.076559156034e-01,1.649648074098e-03
8.515931433014e-01,-3.609462161530e-01,8.424492535471e-01,-5.135765986898e-01,7.765118482416e-01,-6.263985799484e-01,7.060015362278e-01,-7.076585942428e-01,1.657705975184e-03
8.514558461822e-01,-3.610206443348e-01,8.423902741976e-01,-5.136103940654e-01,7.764922919593e-01,-6.264092356494e-01,7.059961370013e-01,-7.076612859304e-01,1.665803236041e-03
8.513183358615e-01,-3.610951912741e-01,8.423311438565e-01,-5.136442747463e-01,7.764726635198e-01,-6.264199303676e-01,7.059907113965e-01,-7.076639907295e-01,1.673940048927e-03
8.511806119420e-01,-3.611698571795e-01,8.422718621212e-01,-5.136782409514e-01,7.764529626550e-01,-6.264306642456e-01,7.059852592844e-01,-7.076667087038e-01,1.682116607036e-03
8.510426740256e-01,-3.612446422601e-01,8.422124285879e-01,-5.137122929002e-01,7.764331890960e-01,-6.264414374264e-01,7.059797805357e-01,-7.076694399174e-01,1.690333104511e-03
8.509045217132e-01,-3.613195467253e-01,8.421528428516e-01,-5.137464308126e-01,7.764133425725e-01,-6.264522500536e-01,7.059742750200e-01,-7.076721844345e-01,1.698589736440e-03
8.507661546048e-01,-3.613945707847e-01,8.420931045061e-01,-5.137806549092e-01,7.763934228137e-01,-6.264631022713e-01,7.059687426067e-01,-7.076749423198e-01,1.706886698863e-03
8.506275722995e-01,-3.614697146486e-01,8.420332131443e-01,-5.138149654113e-01,7.763734295474e-01,-6.264739942242e-01,7.059631831642e-01,-7.076777136381e-01,1.715224188780e-03
8.504887743955e-01,-3.615449785272e-01,8.419731683576e-01,-5.138493625403e-01,7.763533625004e-01,-6.264849260573e-01,7.059575965605e-01,-7.076804984548e-01,1.723602404153e-03
8.503497604900e-01,-3.616203626313e-01,8.419129697365e-01,-5.138838465188e-01,7.763332213988e-01,-6.264958979163e-01,7.059519826629e-01,-7.076832968354e-01,1.732021543909e-03
8.502105301793e-01,-3.616958671721e-01,8.418526168701e-01,-5.139184175694e-01,7.763130059672e-01,-6.265069099474e-01,7.059463413380e-01,-7.076861088457e-01,1.740481807950e-03
8.500710830588e-01,-3.617714923611e-01,8.417921093466e-01,-5.139530759157e-01,7.762927159295e-01,-6.265179622975e-01,7.059406724517e-01,-7.076889345520e-01,1.748983397150e-03
8.499314187229e-01,-3.618472384100e-01,8.417314467529e-01,-5.139878217815e-01,7.762723510085e-01,-6.265290551136e-01,7.059349758694e-01,-7.076917740208e-01,1.757526513368e-03
8.497915367652e-01,-3.619231055310e-01,8.416706286745e-01,-5.140226553916e-01,7.762519109259e-01,-6.265401885436e-01,7.059292514558e-01,-7.076946273188e-01,1.766111359447e-03
8.496514367782e-01,-3.619990939365e-01,8.416096546961e-01,-5.140575769709e-01,7.762313954023e-01,-6.265513627359e-01,7.059234990748e-01,-7.076974945133e-01,1.774738139222e-03
8.495111183535e-01,-3.620752038396e-01,8.415485244009e-01,-5.140925867453e-01,7.762108041574e-01,-6.265625778393e-01,7.059177185898e-01,-7.077003756718e-01,1.783407057524e-03
8.493705810818e-01,-3.621514354533e-01,8.414872373712e-01,-5.141276849411e-01,7.761901369097e-01,-6.265738340033e-01,7.059119098635e-01,-7.077032708620e-01,1.792118320181e-03
8.492298245528e-01,-3.622277889913e-01,8.414257931878e-01,-5.141628717851e-01,7.761693933768e-01,-6.265851313776e-01,7.059060727578e-01,-7.077061801520e-01,1.800872134031e-03
8.490888483554e-01,-3.623042646673e-01,8.413641914305e-01,-5.141981475049e-01,7.761485732750e-01,-6.265964701129e-01,7.059002071340e-01,-7.077091036104e-01,1.809668706921e-03
8.489476520774e-01,-3.623808626958e-01,8.413024316779e-01,-5.142335123284e-01,7.761276763198e-01,-6.266078503602e-01,7.058943128529e-01,-7.077120413058e-01,1.818508247710e-03
8.488062353056e-01,-3.624575832912e-01,8.412405135073e-01,-5.142689664843e-01,7.761067022255e-01,-6.266192722711e-01,7.058883897743e-01,-7.077149933076e-01,1.827390966282e-03
8.486645976260e-01,-3.625344266685e-01,8.411784364948e-01,-5.143045102018e-01,7.760856507053e-01,-6.266307359976e-01,7.058824377575e-01,-7.077179596850e-01,1.836317073543e-03
8.485227386236e-01,-3.626113930431e-01,8.411162002153e-01,-5.143401437108e-01,7.760645214713e-01,-6.266422416926e-01,7.058764566612e-01,-7.077209405079e-01,1.845286781430e-03
8.483806578822e-01,-3.626884826305e-01,8.410538042427e-01,-5.143758672416e-01,7.760433142346e-01,-6.266537895091e-01,7.058704463432e-01,-7.077239358465e-01,1.854300302917e-03
8.482383549851e-01,-3.627656956468e-01,8.409912481492e-01,-5.144116810252e-01,7.760220287053e-01,-6.266653796010e-01,7.058644066607e-01,-7.077269457711e-01,1.863357852014e-03
8.480958295142e-01,-3.628430323083e-01,8.409285315063e-01,-5.144475852932e-01,7.760006645921e-01,-6.266770121226e-01,7.058583374702e-01,-7.077299703526e-01,1.872459643782e-03
8.479530810506e-01,-3.629204928317e-01,8.408656538838e-01,-5.144835802778e-01,7.759792216028e-01,-6.266886872289e-01,7.058522386276e-01,-7.077330096622e-01,1.881605894327e-03
8.478101091745e-01,-3.629980774341e-01,8.408026148507e-01,-5.145196662118e-01,7.759576994443e-01,-6.267004050752e-01,7.058461099879e-01,-7.077360637713e-01,1.890796820815e-03
8.476669134650e-01,-3.630757863328e-01,8.407394139745e-01,-5.145558433286e-01,7.759360978219e-01,-6.267121658177e-01,7.058399514055e-01,-7.077391327517e-01,1.900032641470e-03
8.475234935003e-01,-3.631536197456e-01,8.406760508216e-01,-5.145921118620e-01,7.759144164403e-01,-6.267239696129e-01,7.058337627341e-01,-7.077422166758e-01,1.909313575584e-03
8.473798488576e-01,-3.632315778905e-01,8.406125249569e-01,-5.146284720466e-01,7.758926550028e-01,-6.267358166179e-01,7.058275438267e-01,-7.077453156159e-01,1.918639843517e-03
8.472359791131e-01,-3.633096609861e-01,8.405488359443e-01,-5.146649241177e-01,7.758708132116e-01,-6.267477069906e-01,7.058212945354e-01,-7.077484296449e-01,1.928011666709e-03
8.470918838420e-01,-3.633878692511e-01,8.404849833465e-01,-5.147014683110e-01,7.758488907679e-01,-6.267596408891e-01,7.058150147119e-01,-7.077515588362e-01,1.937429267680e-03
8.469475626185e-01,-3.634662029047e-01,8.404209667246e-01,-5.147381048629e-01,7.758268873716e-01,-6.267716184723e-01,7.058087042069e-01,-7.077547032632e-01,1.946892870036e-03
8.468030150159e-01,-3.635446621663e-01,8.403567856389e-01,-5.147748340102e-01,7.758048027217e-01,-6.267836398997e-01,7.058023628704e-01,-7.077578630000e-01,1.956402698476e-03
8.466582406065e-01,-3.636232472558e-01,8.402924396481e-01,-5.148116559907e-01,7.757826365158e-01,-6.267957053313e-01,7.057959905519e-01,-7.077610381208e-01,1.965958978799e-03
8.465132389614e-01,-3.637019583933e-01,8.402279283097e-01,-5.148485710425e-01,7.757603884505e-01,-6.268078149277e-01,7.057895870998e-01,-7.077642287003e-01,1.975561937902e-03
8.463680096510e-01,-3.637807957995e-01,8.401632511801e-01,-5.148855794044e-01,7.757380582214e-01,-6.268199688501e-01,7.057831523621e-01,-7.077674348134e-01,1.985211803795e-03
8.462225522445e-01,-3.638597596952e-01,8.400984078141e-01,-5.149226813158e-01,7.757156455226e-01,-6.268321672602e-01,7.057766861859e-01,-7.077706565356e-01,1.994908805599e-03
8.460768663101e-01,-3.639388503016e-01,8.400333977655e-01,-5.149598770167e-01,7.756931500475e-01,-6.268444103204e-01,7.057701884176e-01,-7.077738939426e-01,2.004653173555e-03
8.459309514150e-01,-3.640180678404e-01,8.399682205868e-01,-5.149971667478e-01,7.756705714878e-01,-6.268566981935e-01,7.057636589026e-01,-7.077771471106e-01,2.014445139029e-03
8.457848071256e-01,-3.640974125334e-01,8.399028758290e-01,-5.150345507502e-01,7.756479095346e-01,-6.268690310432e-01,7.057570974860e-01,-7.077804161159e-01,2.024284934515e-03
8.456384330069e-01,-3.641768846029e-01,8.398373630421e-01,-5.150720292660e-01,7.756251638774e-01,-6.268814090335e-01,7.057505040118e-01,-7.077837010354e-01,2.034172793647e-03
8.454918286233e-01,-3.642564842717e-01,8.397716817745e-01,-5.151096025374e-01,7.756023342047e-01,-6.268938323291e-01,7.057438783233e-01,-7.077870019463e-01,2.044108951195e-03
8.453449935378e-01,-3.643362117626e-01,8.397058315736e-01,-5.151472708077e-01,7.755794202039e-01,-6.269063010953e-01,7.057372202631e-01,-7.077903189263e-01,2.054093643080e-03
8.451979273127e-01,-3.644160672990e-01,8.396398119852e-01,-5.151850343206e-01,7.755564215611e-01,-6.269188154980e-01,7.057305296730e-01,-7.077936520532e-01,2.064127106373e-03
8.450506295090e-01,-3.644960511046e-01,8.395736225541e-01,-5.152228933203e-01,7.755333379613e-01,-6.269313757037e-01,7.057238063941e-01,-7.077970014054e-01,2.074209579304e-03
8.449030996869e-01,-3.645761634034e-01,8.395072628234e-01,-5.152608480520e-01,7.755101690882e-01,-6.269439818795e-01,7.057170502666e-01,-7.078003670616e-01,2.084341301266e-03
8.447553374054e-01,-3.646564044198e-01,8.394407323354e-01,-5.152988987610e-01,7.754869146244e-01,-6.269566341931e-01,7.057102611299e-01,-7.078037491009e-01,2.094522512822e-03
8.446073422226e-01,-3.647367743785e-01,8.393740306306e-01,-5.153370456937e-01,7.754635742514e-01,-6.269693328128e-01,7.057034388227e-01,-7.078071476028e-01,2.104753455710e-03
8.444591136955e-01,-3.648172735047e-01,8.393071572485e-01,-5.153752890969e-01,7.754401476492e-01,-6.269820779074e-01,7.056965831830e-01,-7.078105626471e-01,2.115034372849e-03
8.443106513800e-01,-3.648979020237e-01,8.392401117270e-01,-5.154136292181e-01,7.754166344968e-01,-6.269948696466e-01,7.056896940479e-01,-7.078139943140e-01,2.125365508343e-03
8.441619548312e-01,-3.649786601613e-01,8.391728936029e-01,-5.154520663053e-01,7.753930344721e-01,-6.270077082003e-01,7.056827712536e-01,-7.078174426842e-01,2.135747107489e-03
8.440130236027e-01,-3.650595481437e-01,8.391055024115e-01,-5.154906006073e-01,7.753693472515e-01,-6.270205937395e-01,7.056758146356e-01,-7.078209078387e-01,2.146179416785e-03
8.438638572476e-01,-3.651405661972e-01,8.390379376869e-01,-5.155292323735e-01,7.753455725104e-01,-6.270335264354e-01,7.056688240288e-01,-7.078243898589e-01,2.156662683929e-03
8.437144553175e-01,-3.652217145488e-01,8.389701989618e-01,-5.155679618538e-01,7.753217099228e-01,-6.270465064600e-01,7.056617992668e-01,-7.078278888265e-01,2.167197157830e-03
8.435648173633e-01,-3.653029934257e-01,8.389022857674e-01,-5.156067892989e-01,7.752977591617e-01,-6.270595339859e-01,7.056547401829e-01,-7.078314048238e-01,2.177783088615e-03
8.434149429345e-01,-3.653844030552e-01,8.388341976339e-01,-5.156457149600e-01,7.752737198987e-01,-6.270726091863e-01,7.056476466093e-01,-7.078349379333e-01,2.188420727631e-03
8.432648315799e-01,-3.654659436654e-01,8.387659340897e-01,-5.156847390892e-01,7.752495918041e-01,-6.270857322351e-01,7.056405183775e-01,-7.078384882381e-01,2.199110327453e-03
8.431144828468e-01,-3.655476154843e-01,8.386974946622e-01,-5.157238619388e-01,7.752253745471e-01,-6.270989033067e-01,7.056333553180e-01,-7.078420558214e-01,2.209852141889e-03
8.429638962820e-01,-3.656294187406e-01,8.386288788773e-01,-5.157630837621e-01,7.752010677956e-01,-6.271121225763e-01,7.056261572607e-01,-7.078456407671e-01,2.220646425988e-03
8.428130714307e-01,-3.657113536633e-01,8.385600862594e-01,-5.158024048129e-01,7.751766712163e-01,-6.271253902195e-01,7.056189240345e-01,-7.078492431594e-01,2.231493436043e-03
8.426620078373e-01,-3.657934204814e-01,8.384911163318e-01,-5.158418253458e-01,7.751521844745e-01,-6.271387064127e-01,7.056116554676e-01,-7.078528630828e-01,2.242393429602e-03
8.425107050451e-01,-3.658756194247e-01,8.384219686162e-01,-5.158813456158e-01,7.751276072344e-01,-6.271520713330e-01,7.056043513871e-01,-7.078565006224e-01,2.253346665469e-03
8.423591625963e-01,-3.659579507231e-01,8.383526426329e-01,-5.159209658787e-01,7.751029391588e-01,-6.271654851579e-01,7.055970116197e-01,-7.078601558635e-01,2.264353403711e-03
8.422073800321e-01,-3.660404146070e-01,8.382831379010e-01,-5.159606863909e-01,7.750781799093e-01,-6.271789480658e-01,7.055896359908e-01,-7.078638288920e-01,2.275413905668e-03
8.420553568924e-01,-3.661230113068e-01,8.382134539380e-01,-5.160005074095e-01,7.750533291462e-01,-6.271924602356e-01,7.055822243252e-01,-7.078675197941e-01,2.286528433955e-03
8.419030927163e-01,-3.662057410537e-01,8.381435902603e-01,-5.160404291922e-01,7.750283865285e-01,-6.272060218467e-01,7.055747764468e-01,-7.078712286564e-01,2.297697252469e-03
8.417505870415e-01,-3.662886040790e-01,8.380735463825e-01,-5.160804519974e-01,7.750033517139e-01,-6.272196330795e-01,7.055672921786e-01,-7.078749555659e-01,2.308920626398e-03
8.415978394050e-01,-3.663716006144e-01,8.380033218180e-01,-5.161205760842e-01,7.749782243589e-01,-6.272332941148e-01,7.055597713428e-01,-7.078787006103e-01,2.320198822224e-03
8.414448493423e-01,-3.664547308919e-01,8.379329160790e-01,-5.161608017121e-01,7.749530041186e-01,-6.272470051340e-01,7.055522137606e-01,-7.078824638773e-01,2.331532107731e-03
8.412916163881e-01,-3.665379951438e-01,8.378623286758e-01,-5.162011291416e-01,7.749276906468e-01,-6.272607663195e-01,7.055446192524e-01,-7.078862454553e-01,2.342920752011e-03
8.411381400758e-01,-3.666213936030e-01,8.377915591177e-01,-5.162415586336e-01,7.749022835961e-01,-6.272745778539e-01,7.055369876379e-01,-7.078900454331e-01,2.354365025471e-03
8.409844199379e-01,-3.667049265024e-01,8.377206069124e-01,-5.162820904498e-01,7.748767826177e-01,-6.272884399207e-01,7.055293187356e-01,-7.078938638997e-01,2.365865199838e-03
8.408304555056e-01,-3.667885940756e-01,8.376494715662e-01,-5.163227248526e-01,7.748511873614e-01,-6.273023527042e-01,7.055216123632e-01,-7.078977009449e-01,2.377421548167e-03
8.406762463090e-01,-3.668723965561e-01,8.375781525839e-01,-5.163634621048e-01,7.748254974759e-01,-6.273163163890e-01,7.055138683378e-01,-7.079015566585e-01,2.389034344845e-03
8.405217918773e-01,-3.669563341783e-01,8.375066494690e-01,-5.164043024703e-01,7.747997126083e-01,-6.273303311607e-01,7.055060864752e-01,-7.079054311312e-01,2.400703865603e-03
8.403670917384e-01,-3.670404071764e-01,8.374349617235e-01,-5.164452462132e-01,7.747738324047e-01,-6.273443972053e-01,7.054982665905e-01,-7.079093244538e-01,2.412430387514e-03
8.402121454191e-01,-3.671246157853e-01,8.373630888479e-01,-5.164862935986e-01,7.747478565094e-01,-6.273585147098e-01,7.054904084980e-01,-7.079132367176e-01,2.424214189008e-03
8.400569524452e-01,-3.672089602402e-01,8.372910303412e-01,-5.165274448921e-01,7.747217845659e-01,-6.273726838615e-01,7.054825120108e-01,-7.079171680145e-01,2.436055549874e-03
8.399015123411e-01,-3.672934407765e-01,8.372187857011e-01,-5.165687003600e-01,7.746956162158e-01,-6.273869048486e-01,7.054745769413e-01,-7.079211184365e-01,2.447954751267e-03
8.397458246304e-01,-3.673780576300e-01,8.371463544238e-01,-5.166100602694e-01,7.746693510999e-01,-6.274011778599e-01,7.054666031009e-01,-7.079250880765e-01,2.459912075716e-03
8.395898888354e-01,-3.674628110369e-01,8.370737360040e-01,-5.166515248879e-01,7.746429888571e-01,-6.274155030849e-01,7.054585903003e-01,-7.079290770274e-01,2.471927807131e-03
8.394337044772e-01,-3.675477012338e-01,8.370009299348e-01,-5.166930944839e-01,7.746165291253e-01,-6.274298807139e-01,7.054505383488e-01,-7.079330853829e-01,2.484002230807e-03
8.392772710760e-01,-3.676327284574e-01,8.369279357081e-01,-5.167347693264e-01,7.745899715410e-01,-6.274443109376e-01,7.054424470553e-01,-7.079371132369e-01,2.496135633433e-03
8.391205881506e-01,-3.677178929450e-01,8.368547528141e-01,-5.167765496850e-01,7.745633157391e-01,-6.274587939476e-01,7.054343162274e-01,-7.079411606840e-01,2.508328303098e-03
8.389636552188e-01,-3.678031949341e-01,8.367813807416e-01,-5.168184358301e-01,7.745365613534e-01,-6.274733299362e-01,7.054261456719e-01,-7.079452278189e-01,2.520580529301e-03
8.388064717972e-01,-3.678886346625e-01,8.367078189779e-01,-5.168604280329e-01,7.745097080160e-01,-6.274879190963e-01,7.054179351946e-01,-7.079493147371e-01,2.532892602951e-03
8.386490374014e-01,-3.679742123686e-01,8.366340670088e-01,-5.169025265651e-01,7.744827553580e-01,-6.275025616215e-01,7.054096846005e-01,-7.079534215344e-01,2.545264816381e-03
8.384913515455e-01,-3.680599282908e-01,8.365601243186e-01,-5.169447316990e-01,7.744557030087e-01,-6.275172577061e-01,7.054013936934e-01,-7.079575483070e-01,2.557697463350e-03
8.383334137429e-01,-3.681457826681e-01,8.364859903902e-01,-5.169870437078e-01,7.744285505963e-01,-6.275320075451e-01,7.053930622762e-01,-7.079616951518e-01,2.570190839054e-03
8.381752235055e-01,-3.682317757397e-01,8.364116647047e-01,-5.170294628653e-01,7.744012977474e-01,-6.275468113344e-01,7.053846901512e-01,-7.079658621658e-01,2.582745240128e-03
8.380167803442e-01,-3.683179077451e-01,8.363371467421e-01,-5.170719894459e-01,7.743739440873e-01,-6.275616692702e-01,7.053762771191e-01,-7.079700494468e-01,2.595360964660e-03
8.378580837686e-01,-3.684041789244e-01,8.362624359805e-01,-5.171146237249e-01,7.743464892398e-01,-6.275765815496e-01,7.053678229802e-01,-7.079742570930e-01,2.608038312189e-03
8.376991332872e-01,-3.684905895177e-01,8.361875318967e-01,-5.171573659781e-01,7.743189328274e-01,-6.275915483707e-01,7.053593275335e-01,-7.079784852029e-01,2.620777583721e-03
8.375399284075e-01,-3.685771397657e-01,8.361124339659e-01,-5.172002164820e-01,7.742912744711e-01,-6.276065699318e-01,7.053507905771e-01,-7.079827338756e-01,2.633579081732e-03
8.373804686355e-01,-3.686638299093e-01,8.360371416618e-01,-5.172431755140e-01,7.742635137904e-01,-6.276216464322e-01,7.053422119082e-01,-7.079870032108e-01,2.646443110174e-03
8.372207534763e-01,-3.687506601897e-01,8.359616544566e-01,-5.172862433519e-01,7.742356504033e-01,-6.276367780719e-01,7.053335913228e-01,-7.079912933083e-01,2.659369974483e-03
8.370607824337e-01,-3.688376308487e-01,8.358859718207e-01,-5.173294202744e-01,7.742076839266e-01,-6.276519650515e-01,7.053249286161e-01,-7.079956042688e-01,2.672359981590e-03
8.369005550102e-01,-3.689247421280e-01,8.358100932234e-01,-5.173727065608e-01,7.741796139755e-01,-6.276672075726e-01,7.053162235822e-01,-7.079999361932e-01,2.685413439923e-03
8.367400707074e-01,-3.690119942701e-01,8.357340181320e-01,-5.174161024912e-01,7.741514401638e-01,-6.276825058371e-01,7.053074760143e-01,-7.080042891831e-01,2.698530659416e-03
8.365793290255e-01,-3.690993875175e-01,8.356577460125e-01,-5.174596083464e-01,7.741231621036e-01,-6.276978600480e-01,7.052986857044e-01,-7.080086633404e-01,2.711711951519e-03
8.364183294636e-01,-3.691869221131e-01,8.355812763294e-01,-5.175032244077e-01,7.740947794059e-01,-6.277132704088e-01,7.052898524436e-01,-7.080130587675e-01,2.724957629202e-03
8.362570715194e-01,-3.692745983004e-01,8.355046085453e-01,-5.175469509573e-01,7.740662916800e-01,-6.277287371238e-01,7.052809760220e-01,-7.080174755675e-01,2.738268006964e-03
8.360955546897e-01,-3.693624163229e-01,8.354277421216e-01,-5.175907882781e-01,7.740376985337e-01,-6.277442603981e-01,7.052720562287e-01,-7.080219138437e-01,2.751643400840e-03
8.359337784699e-01,-3.694503764245e-01,8.353506765179e-01,-5.176347366536e-01,7.740089995734e-01,-6.277598404375e-01,7.052630928517e-01,-7.080263737001e-01,2.765084128409e-03
8.357717423543e-01,-3.695384788496e-01,8.352734111923e-01,-5.176787963681e-01,7.739801944041e-01,-6.277754774483e-01,7.052540856778e-01,-7.080308552412e-01,2.778590508801e-03
8.356094458359e-01,-3.696267238428e-01,8.351959456013e-01,-5.177229677066e-01,7.739512826290e-01,-6.277911716380e-01,7.052450344932e-01,-7.080353585719e-01,2.792162862706e-03
8.354468884064e-01,-3.697151116490e-01,8.351182791997e-01,-5.177672509547e-01,7.739222638501e-01,-6.278069232145e-01,7.052359390826e-01,-7.080398837976e-01,2.805801512378e-03
8.352840695566e-01,-3.698036425136e-01,8.350404114409e-01,-5.178116463989e-01,7.738931376677e-01,-6.278227323865e-01,7.052267992298e-01,-7.080444310243e-01,2.819506781647e-03
8.351209887759e-01,-3.698923166821e-01,8.349623417766e-01,-5.178561543264e-01,7.738639036806e-01,-6.278385993635e-01,7.052176147178e-01,-7.080490003584e-01,2.833278995924e-03
8.349576455522e-01,-3.699811344005e-01,8.348840696569e-01,-5.179007750248e-01,7.738345614864e-01,-6.278545243557e-01,7.052083853281e-01,-7.080535919070e-01,2.847118482211e-03
8.347940393727e-01,-3.700700959152e-01,8.348055945302e-01,-5.179455087828e-01,7.738051106806e-01,-6.278705075742e-01,7.051991108414e-01,-7.080582057775e-01,2.861025569104e-03
8.346301697230e-01,-3.701592014727e-01,8.347269158434e-01,-5.179903558896e-01,7.737755508576e-01,-6.278865492306e-01,7.051897910373e-01,-7.080628420778e-01,2.875000586809e-03
8.344660360875e-01,-3.702484513199e-01,8.346480330417e-01,-5.180353166353e-01,7.737458816101e-01,-6.279026495375e-01,7.051804256943e-01,-7.080675009165e-01,2.889043867139e-03
8.343016379496e-01,-3.703378457042e-01,8.345689455687e-01,-5.180803913105e-01,7.737161025294e-01,-6.279188087081e-01,7.051710145898e-01,-7.080721824027e-01,2.903155743533e-03
8.341369747911e-01,-3.704273848731e-01,8.344896528664e-01,-5.181255802067e-01,7.736862132050e-01,-6.279350269564e-01,7.051615575001e-01,-7.080768866459e-01,2.917336551057e-03
8.339720460929e-01,-3.705170690746e-01,8.344101543751e-01,-5.181708836160e-01,7.736562132249e-01,-6.279513044972e-01,7.051520542005e-01,-7.080816137561e-01,2.931586626411e-03
8.338068513345e-01,-3.706068985569e-01,8.343304495336e-01,-5.182163018314e-01,7.736261021758e-01,-6.279676415461e-01,7.051425044651e-01,-7.080863638440e-01,2.945906307943e-03
8.336413899940e-01,-3.706968735686e-01,8.342505377788e-01,-5.182618351463e-01,7.735958796426e-01,-6.279840383194e-01,7.051329080668e-01,-7.080911370207e-01,2.960295935653e-03
8.334756615486e-01,-3.707869943586e-01,8.341704185461e-01,-5.183074838553e-01,7.735655452086e-01,-6.280004950342e-01,7.051232647777e-01,-7.080959333979e-01,2.974755851202e-03
8.333096654739e-01,-3.708772611762e-01,8.340900912692e-01,-5.183532482533e-01,7.735350984556e-01,-6.280170119083e-01,7.051135743685e-01,-7.081007530878e-01,2.989286397917e-03
8.331434012443e-01,-3.709676742710e-01,8.340095553802e-01,-5.183991286362e-01,7.735045389638e-01,-6.280335891604e-01,7.051038366089e-01,-7.081055962031e-01,3.003887920806e-03
8.329768683332e-01,-3.710582338927e-01,8.339288103095e-01,-5.184451253004e-01,7.734738663119e-01,-6.280502270099e-01,7.050940512675e-01,-7.081104628571e-01,3.018560766561e-03
8.328100662125e-01,-3.711489402916e-01,8.338478554858e-01,-5.184912385433e-01,7.734430800767e-01,-6.280669256771e-01,7.050842181116e-01,-7.081153531636e-01,3.033305283565e-03
8.326429943528e-01,-3.712397937183e-01,8.337666903360e-01,-5.185374686628e-01,7.734121798337e-01,-6.280836853829e-01,7.050743369076e-01,-7.081202672370e-01,3.048121821907e-03
8.324756522236e-01,-3.713307944235e-01,8.336853142855e-01,-5.185838159578e-01,7.733811651567e-01,-6.281005063492e-01,7.050644074206e-01,-7.081252051922e-01,3.063010733381e-03
8.323080392929e-01,-3.714219426585e-01,8.336037267581e-01,-5.186302807277e-01,7.733500356178e-01,-6.281173887984e-01,7.050544294145e-01,-7.081301671447e-01,3.077972371505e-03
8.321401550276e-01,-3.715132386747e-01,8.335219271755e-01,-5.186768632727e-01,7.733187907876e-01,-6.281343329541e-01,7.050444026523e-01,-7.081351532104e-01,3.093007091519e-03
8.319719988932e-01,-3.716046827241e-01,8.334399149580e-01,-5.187235638938e-01,7.732874302349e-01,-6.281513390403e-01,7.050343268956e-01,-7.081401635060e-01,3.108115250401e-03
8.318035703541e-01,-3.716962750586e-01,8.333576895242e-01,-5.187703828926e-01,7.732559535271e-01,-6.281684072819e-01,7.050242019048e-01,-7.081451981486e-01,3.123297206872e-03
8.316348688731e-01,-3.717880159307e-01,8.332752502909e-01,-5.188173205718e-01,7.732243602297e-01,-6.281855379049e-01,7.050140274394e-01,-7.081502572558e-01,3.138553321404e-03
8.314658939120e-01,-3.718799055933e-01,8.331925966731e-01,-5.188643772344e-01,7.731926499067e-01,-6.282027311358e-01,7.050038032575e-01,-7.081553409460e-01,3.153883956231e-03
8.312966449311e-01,-3.719719442993e-01,8.331097280842e-01,-5.189115531843e-01,7.731608221204e-01,-6.282199872019e-01,7.049935291161e-01,-7.081604493379e-01,3.169289475358e-03
8.311271213896e-01,-3.720641323023e-01,8.330266439359e-01,-5.189588487264e-01,7.731288764315e-01,-6.282373063314e-01,7.049832047709e-01,-7.081655825509e-01,3.184770244564e-03
8.309573227451e-01,-3.721564698559e-01,8.329433436380e-01,-5.190062641661e-01,7.730968123990e-01,-6.282546887534e-01,7.049728299766e-01,-7.081707407050e-01,3.200326631418e-03
8.307872484541e-01,-3.722489572141e-01,8.328598265987e-01,-5.190537998095e-01,7.730646295800e-01,-6.282721346977e-01,7.049624044866e-01,-7.081759239207e-01,3.215959005283e-03
8.306168979718e-01,-3.723415946313e-01,8.327760922244e-01,-5.191014559636e-01,7.730323275303e-01,-6.282896443949e-01,7.049519280530e-01,-7.081811323191e-01,3.231667737326e-03
8.304462707520e-01,-3.724343823622e-01,8.326921399197e-01,-5.191492329362e-01,7.729999058038e-01,-6.283072180764e-01,7.049414004268e-01,-7.081863660219e-01,3.247453200529e-03
8.302753662471e-01,-3.725273206616e-01,8.326079690875e-01,-5.191971310356e-01,7.729673639526e-01,-6.283248559746e-01,7.049308213578e-01,-7.081916251513e-01,3.263315769693e-03
8.301041839085e-01,-3.726204097850e-01,8.325235791290e-01,-5.192451505711e-01,7.729347015274e-01,-6.283425583226e-01,7.049201905945e-01,-7.081969098302e-01,3.279255821453e-03
8.299327231858e-01,-3.727136499879e-01,8.324389694435e-01,-5.192932918527e-01,7.729019180768e-01,-6.283603253543e-01,7.049095078842e-01,-7.082022201821e-01,3.295273734279e-03
8.297609835277e-01,-3.728070415261e-01,8.323541394285e-01,-5.193415551912e-01,7.728690131481e-01,-6.283781573046e-01,7.048987729730e-01,-7.082075563309e-01,3.311369888496e-03
8.295889643814e-01,-3.729005846559e-01,8.322690884799e-01,-5.193899408980e-01,7.728359862865e-01,-6.283960544089e-01,7.048879856057e-01,-7.082129184014e-01,3.327544666281e-03
8.294166651926e-01,-3.729942796338e-01,8.321838159916e-01,-5.194384492854e-01,7.728028370357e-01,-6.284140169038e-01,7.048771455259e-01,-7.082183065186e-01,3.343798451680e-03
8.292440854058e-01,-3.730881267167e-01,8.320983213558e-01,-5.194870806665e-01,7.727695649376e-01,-6.284320450265e-01,7.048662524759e-01,-7.082237208084e-01,3.360131630616e-03
8.290712244643e-01,-3.731821261616e-01,8.320126039630e-01,-5.195358353551e-01,7.727361695325e-01,-6.284501390152e-01,7.048553061967e-01,-7.082291613972e-01,3.376544590897e-03
8.288980818098e-01,-3.732762782261e-01,8.319266632017e-01,-5.195847136656e-01,7.727026503585e-01,-6.284682991089e-01,7.048443064282e-01,-7.082346284120e-01,3.393037722222e-03
8.287246568827e-01,-3.733705831677e-01,8.318404984587e-01,-5.196337159135e-01,7.726690069525e-01,-6.284865255473e-01,7.048332529089e-01,-7.082401219805e-01,3.409611416198e-03
8.285509491223e-01,-3.734650412447e-01,8.317541091190e-01,-5.196828424149e-01,7.726352388493e-01,-6.285048185713e-01,7.048221453760e-01,-7.082456422309e-01,3.426266066342e-03
8.283769579661e-01,-3.735596527152e-01,8.316674945657e-01,-5.197320934866e-01,7.726013455820e-01,-6.285231784222e-01,7.048109835655e-01,-7.082511892920e-01,3.443002068094e-03
8.282026828506e-01,-3.736544178380e-01,8.315806541801e-01,-5.197814694464e-01,7.725673266820e-01,-6.285416053426e-01,7.047997672120e-01,-7.082567632932e-01,3.459819818825e-03
8.280281232107e-01,-3.737493368720e-01,8.314935873418e-01,-5.198309706126e-01,7.725331816788e-01,-6.285600995755e-01,7.047884960490e-01,-7.082623643647e-01,3.476719717849e-03
8.278532784801e-01,-3.738444100765e-01,8.314062934283e-01,-5.198805973044e-01,7.724989101001e-01,-6.285786613653e-01,7.047771698084e-01,-7.082679926372e-01,3.493702166427e-03
8.276781480911e-01,-3.739396377110e-01,8.313187718153e-01,-5.199303498418e-01,7.724645114719e-01,-6.285972909568e-01,7.047657882210e-01,-7.082736482419e-01,3.510767567784e-03
8.275027314744e-01,-3.740350200353e-01,8.312310218770e-01,-5.199802285457e-01,7.724299853183e-01,-6.286159885960e-01,7.047543510163e-01,-7.082793313108e-01,3.527916327112e-03
8.273270280597e-01,-3.741305573095e-01,8.311430429852e-01,-5.200302337374e-01,7.723953311618e-01,-6.286347545295e-01,7.047428579224e-01,-7.082850419765e-01,3.545148851583e-03
8.271510372749e-01,-3.742262497942e-01,8.310548345102e-01,-5.200803657394e-01,7.723605485227e-01,-6.286535890049e-01,7.047313086660e-01,-7.082907803722e-01,3.562465550357e-03
8.269747585468e-01,-3.743220977499e-01,8.309663958204e-01,-5.201306248748e-01,7.723256369199e-01,-6.286724922707e-01,7.047197029727e-01,-7.082965466316e-01,3.579866834593e-03
8.267981913007e-01,-3.744181014379e-01,8.308777262822e-01,-5.201810114675e-01,7.722905958701e-01,-6.286914645763e-01,7.047080405664e-01,-7.083023408894e-01,3.597353117461e-03
8.266213349605e-01,-3.745142611192e-01,8.307888252601e-01,-5.202315258421e-01,7.722554248883e-01,-6.287105061720e-01,7.046963211700e-01,-7.083081632807e-01,3.614924814145e-03
8.264441889487e-01,-3.746105770556e-01,8.306996921168e-01,-5.202821683241e-01,7.722201234877e-01,-6.287296173088e-01,7.046845445048e-01,-7.083140139411e-01,3.632582341859e-03
8.262667526864e-01,-3.747070495089e-01,8.306103262132e-01,-5.203329392398e-01,7.721846911797e-01,-6.287487982387e-01,7.046727102909e-01,-7.083198930071e-01,3.650326119855e-03
8.260890255934e-01,-3.748036787414e-01,8.305207269080e-01,-5.203838389162e-01,7.721491274736e-01,-6.287680492148e-01,7.046608182469e-01,-7.083258006157e-01,3.668156569433e-03
8.259110070878e-01,-3.749004650154e-01,8.304308935583e-01,-5.204348676811e-01,7.721134318770e-01,-6.287873704907e-01,7.046488680901e-01,-7.083317369047e-01,3.686074113950e-03
8.257326965865e-01,-3.749974085937e-01,8.303408255191e-01,-5.204860258632e-01,7.720776038957e-01,-6.288067623213e-01,7.046368595365e-01,-7.083377020125e-01,3.704079178833e-03
8.255540935051e-01,-3.750945097395e-01,8.302505221434e-01,-5.205373137919e-01,7.720416430334e-01,-6.288262249621e-01,7.046247923005e-01,-7.083436960780e-01,3.722172191583e-03
8.253751972575e-01,-3.751917687158e-01,8.301599827827e-01,-5.205887317975e-01,7.720055487920e-01,-6.288457586695e-01,7.046126660952e-01,-7.083497192410e-01,3.740353581794e-03
8.251960072562e-01,-3.752891857865e-01,8.300692067860e-01,-5.206402802109e-01,7.719693206715e-01,-6.288653637012e-01,7.046004806325e-01,-7.083557716418e-01,3.758623781156e-03
8.250165229124e-01,-3.753867612154e-01,8.299781935007e-01,-5.206919593640e-01,7.719329581700e-01,-6.288850403153e-01,7.045882356224e-01,-7.083618534214e-01,3.776983223466e-03
8.248367436359e-01,-3.754844952665e-01,8.298869422722e-01,-5.207437695893e-01,7.718964607838e-01,-6.289047887711e-01,7.045759307741e-01,-7.083679647215e-01,3.795432344644e-03
8.246566688349e-01,-3.755823882045e-01,8.297954524439e-01,-5.207957112204e-01,7.718598280071e-01,-6.289246093288e-01,7.045635657948e-01,-7.083741056846e-01,3.813971582736e-03
8.244762979162e-01,-3.756804402939e-01,8.297037233572e-01,-5.208477845914e-01,7.718230593322e-01,-6.289445022495e-01,7.045511403907e-01,-7.083802764536e-01,3.832601377928e-03
8.242956302853e-01,-3.757786517999e-01,8.296117543518e-01,-5.208999900373e-01,7.717861542495e-01,-6.289644677951e-01,7.045386542662e-01,-7.083864771722e-01,3.851322172558e-03
8.241146653459e-01,-3.758770229876e-01,8.295195447650e-01,-5.209523278940e-01,7.717491122474e-01,-6.289845062287e-01,7.045261071247e-01,-7.083927079850e-01,3.870134411123e-03
8.239334025006e-01,-3.759755541226e-01,8.294270939325e-01,-5.210047984981e-01,7.717119328125e-01,-6.290046178140e-01,7.045134986677e-01,-7.083989690369e-01,3.889038540291e-03
8.237518411505e-01,-3.760742454707e-01,8.293344011878e-01,-5.210574021871e-01,7.716746154293e-01,-6.290248028158e-01,7.045008285955e-01,-7.084052604738e-01,3.908035008914e-03
8.235699806949e-01,-3.761730972981e-01,8.292414658624e-01,-5.211101392992e-01,7.716371595804e-01,-6.290450614999e-01,7.044880966068e-01,-7.084115824421e-01,3.927124268034e-03
8.233878205321e-01,-3.762721098710e-01,8.291482872860e-01,-5.211630101735e-01,7.715995647462e-01,-6.290653941329e-01,7.044753023990e-01,-7.084179350891e-01,3.946306770898e-03
8.232053600585e-01,-3.763712834561e-01,8.290548647861e-01,-5.212160151498e-01,7.715618304055e-01,-6.290858009825e-01,7.044624456678e-01,-7.084243185626e-01,3.965582972965e-03
8.230225986694e-01,-3.764706183204e-01,8.289611976882e-01,-5.212691545689e-01,7.715239560348e-01,-6.291062823171e-01,7.044495261077e-01,-7.084307330111e-01,3.984953331921e-03
8.228395357583e-01,-3.765701147308e-01,8.288672853159e-01,-5.213224287723e-01,7.714859411088e-01,-6.291268384063e-01,7.044365434113e-01,-7.084371785841e-01,4.004418307686e-03
8.226561707174e-01,-3.766697729550e-01,8.287731269907e-01,-5.213758381022e-01,7.714477851000e-01,-6.291474695205e-01,7.044234972700e-01,-7.084436554314e-01,4.023978362426e-03
8.224725029374e-01,-3.767695932605e-01,8.286787220320e-01,-5.214293829018e-01,7.714094874791e-01,-6.291681759311e-01,7.044103873736e-01,-7.084501637038e-01,4.043633960566e-03
8.222885318074e-01,-3.768695759153e-01,8.285840697574e-01,-5.214830635151e-01,7.713710477146e-01,-6.291889579105e-01,7.043972134105e-01,-7.084567035527e-01,4.063385568800e-03
8.221042567152e-01,-3.769697211877e-01,8.284891694821e-01,-5.215368802869e-01,7.713324652729e-01,-6.292098157319e-01,7.043839750674e-01,-7.084632751302e-01,4.083233656100e-03
8.219196770468e-01,-3.770700293461e-01,8.283940205196e-01,-5.215908335627e-01,7.712937396187e-01,-6.292307496697e-01,7.043706720295e-01,-7.084698785893e-01,4.103178693730e-03
8.217347921869e-01,-3.771705006591e-01,8.282986221810e-01,-5.216449236890e-01,7.712548702144e-01,-6.292517599991e-01,7.043573039805e-01,-7.084765140835e-01,4.123221155254e-03
8.215496015188e-01,-3.772711353959e-01,8.282029737758e-01,-5.216991510130e-01,7.712158565203e-01,-6.292728469963e-01,7.043438706026e-01,-7.084831817671e-01,4.143361516552e-03
8.213641044240e-01,-3.773719338255e-01,8.281070746108e-01,-5.217535158827e-01,7.711766979947e-01,-6.292940109385e-01,7.043303715764e-01,-7.084898817952e-01,4.163600255825e-03
8.211783002827e-01,-3.774728962176e-01,8.280109239914e-01,-5.218080186472e-01,7.711373940940e-01,-6.293152521038e-01,7.043168065809e-01,-7.084966143236e-01,4.183937853614e-03
8.209921884734e-01,-3.775740228418e-01,8.279145212203e-01,-5.218626596560e-01,7.710979442723e-01,-6.293365707713e-01,7.043031752935e-01,-7.085033795088e-01,4.204374792805e-03
8.208057683733e-01,-3.776753139682e-01,8.278178655985e-01,-5.219174392598e-01,7.710583479816e-01,-6.293579672213e-01,7.042894773901e-01,-7.085101775081e-01,4.224911558641e-03
8.206190393579e-01,-3.777767698669e-01,8.277209564249e-01,-5.219723578100e-01,7.710186046719e-01,-6.293794417347e-01,7.042757125451e-01,-7.085170084795e-01,4.245548638739e-03
8.204320008012e-01,-3.778783908084e-01,8.276237929960e-01,-5.220274156586e-01,7.709787137912e-01,-6.294009945938e-01,7.042618804310e-01,-7.085238725818e-01,4.266286523094e-03
8.202446520757e-01,-3.779801770635e-01,8.275263746064e-01,-5.220826131589e-01,7.709386747851e-01,-6.294226260814e-01,7.042479807191e-01,-7.085307699745e-01,4.287125704098e-03
8.200569925523e-01,-3.780821289032e-01,8.274287005486e-01,-5.221379506647e-01,7.708984870974e-01,-6.294443364819e-01,7.042340130788e-01,-7.085377008178e-01,4.308066676546e-03
8.198690216005e-01,-3.781842465986e-01,8.273307701129e-01,-5.221934285306e-01,7.708581501695e-01,-6.294661260801e-01,7.042199771780e-01,-7.085446652729e-01,4.329109937650e-03
8.196807385879e-01,-3.782865304211e-01,8.272325825876e-01,-5.222490471124e-01,7.708176634409e-01,-6.294879951621e-01,7.042058726829e-01,-7.085516635015e-01,4.350255987051e-03
8.194921428810e-01,-3.783889806425e-01,8.271341372585e-01,-5.223048067662e-01,7.707770263486e-01,-6.295099440152e-01,7.041916992582e-01,-7.085586956662e-01,4.371505326831e-03
8.193032338444e-01,-3.784915975347e-01,8.270354334097e-01,-5.223607078494e-01,7.707362383279e-01,-6.295319729272e-01,7.041774565667e-01,-7.085657619304e-01,4.392858461524e-03
8.191140108414e-01,-3.785943813699e-01,8.269364703228e-01,-5.224167507200e-01,7.706952988117e-01,-6.295540821874e-01,7.041631442699e-01,-7.085728624580e-01,4.414315898128e-03
8.189244732334e-01,-3.786973324203e-01,8.268372472775e-01,-5.224729357370e-01,7.706542072306e-01,-6.295762720858e-01,7.041487620273e-01,-7.085799974142e-01,4.435878146119e-03
8.187346203805e-01,-3.788004509587e-01,8.267377635511e-01,-5.225292632601e-01,7.706129630132e-01,-6.295985429136e-01,7.041343094971e-01,-7.085871669644e-01,4.457545717459e-03
8.185444516412e-01,-3.789037372579e-01,8.266380184190e-01,-5.225857336499e-01,7.705715655858e-01,-6.296208949628e-01,7.041197863354e-01,-7.085943712752e-01,4.479319126614e-03
8.183539663722e-01,-3.790071915910e-01,8.265380111540e-01,-5.226423472678e-01,7.705300143728e-01,-6.296433285267e-01,7.041051921970e-01,-7.086016105139e-01,4.501198890561e-03
8.181631639290e-01,-3.791108142312e-01,8.264377410272e-01,-5.226991044762e-01,7.704883087959e-01,-6.296658438995e-01,7.040905267348e-01,-7.086088848484e-01,4.523185528802e-03
8.179720436651e-01,-3.792146054521e-01,8.263372073070e-01,-5.227560056381e-01,7.704464482751e-01,-6.296884413764e-01,7.040757896001e-01,-7.086161944476e-01,4.545279563377e-03
8.177806049327e-01,-3.793185655274e-01,8.262364092601e-01,-5.228130511175e-01,7.704044322276e-01,-6.297111212535e-01,7.040609804423e-01,-7.086235394811e-01,4.567481518877e-03
8.175888470823e-01,-3.794226947311e-01,8.261353461506e-01,-5.228702412794e-01,7.703622600690e-01,-6.297338838283e-01,7.040460989094e-01,-7.086309201194e-01,4.589791922454e-03
8.173967694627e-01,-3.795269933374e-01,8.260340172406e-01,-5.229275764892e-01,7.703199312122e-01,-6.297567293991e-01,7.040311446474e-01,-7.086383365337e-01,4.612211303835e-03
8.172043714213e-01,-3.796314616207e-01,8.259324217898e-01,-5.229850571137e-01,7.702774450679e-01,-6.297796582652e-01,7.040161173007e-01,-7.086457888961e-01,4.634740195336e-03
8.170116523037e-01,-3.797360998555e-01,8.258305590557e-01,-5.230426835202e-01,7.702348010448e-01,-6.298026707271e-01,7.040010165120e-01,-7.086532773794e-01,4.657379131871e-03
8.168186114540e-01,-3.798409083168e-01,8.257284282938e-01,-5.231004560769e-01,7.701919985492e-01,-6.298257670862e-01,7.039858419221e-01,-7.086608021573e-01,4.680128650968e-03
8.166252482146e-01,-3.799458872795e-01,8.256260287571e-01,-5.231583751529e-01,7.701490369849e-01,-6.298489476450e-01,7.039705931701e-01,-7.086683634044e-01,4.702989292782e-03
8.164315619263e-01,-3.800510370188e-01,8.255233596963e-01,-5.232164411183e-01,7.701059157537e-01,-6.298722127072e-01,7.039552698935e-01,-7.086759612959e-01,4.725961600104e-03
8.162375519285e-01,-3.801563578103e-01,8.254204203600e-01,-5.232746543437e-01,7.700626342550e-01,-6.298955625773e-01,7.039398717278e-01,-7.086835960081e-01,4.749046118378e-03
8.160432175585e-01,-3.802618499296e-01,8.253172099946e-01,-5.233330152009e-01,7.700191918859e-01,-6.299189975611e-01,7.039243983067e-01,-7.086912677178e-01,4.772243395710e-03
8.158485581524e-01,-3.803675136525e-01,8.252137278438e-01,-5.233915240624e-01,7.699755880413e-01,-6.299425179654e-01,7.039088492624e-01,-7.086989766030e-01,4.795553982887e-03
8.156535730443e-01,-3.804733492551e-01,8.251099731496e-01,-5.234501813016e-01,7.699318221135e-01,-6.299661240980e-01,7.038932242250e-01,-7.087067228424e-01,4.818978433384e-03
8.154582615671e-01,-3.805793570137e-01,8.250059451512e-01,-5.235089872927e-01,7.698878934926e-01,-6.299898162678e-01,7.038775228229e-01,-7.087145066153e-01,4.842517303379e-03
8.152626230515e-01,-3.806855372046e-01,8.249016430858e-01,-5.235679424110e-01,7.698438015666e-01,-6.300135947847e-01,7.038617446827e-01,-7.087223281023e-01,4.866171151767e-03
8.150666568271e-01,-3.807918901046e-01,8.247970661882e-01,-5.236270470323e-01,7.697995457208e-01,-6.300374599599e-01,7.038458894291e-01,-7.087301874845e-01,4.889940540175e-03
8.148703622214e-01,-3.808984159904e-01,8.246922136908e-01,-5.236863015335e-01,7.697551253383e-01,-6.300614121056e-01,7.038299566851e-01,-7.087380849439e-01,4.913826032972e-03
8.146737385604e-01,-3.810051151392e-01,8.245870848239e-01,-5.237457062923e-01,7.697105397998e-01,-6.300854515349e-01,7.038139460718e-01,-7.087460206636e-01,4.937828197283e-03
8.144767851686e-01,-3.811119878280e-01,8.244816788151e-01,-5.238052616873e-01,7.696657884837e-01,-6.301095785621e-01,7.037978572082e-01,-7.087539948273e-01,4.961947603003e-03
8.142795013685e-01,-3.812190343343e-01,8.243759948900e-01,-5.238649680980e-01,7.696208707658e-01,-6.301337935028e-01,7.037816897119e-01,-7.087620076196e-01,4.986184822813e-03
8.140818864813e-01,-3.813262549357e-01,8.242700322718e-01,-5.239248259046e-01,7.695757860198e-01,-6.301580966734e-01,7.037654431982e-01,-7.087700592262e-01,5.010540432188e-03
8.138839398261e-01,-3.814336499099e-01,8.241637901811e-01,-5.239848354884e-01,7.695305336168e-01,-6.301824883916e-01,7.037491172807e-01,-7.087781498333e-01,5.035015009418e-03
8.136856607206e-01,-3.815412195349e-01,8.240572678365e-01,-5.240449972315e-01,7.694851129255e-01,-6.302069689760e-01,7.037327115713e-01,-7.087862796284e-01,5.059609135615e-03
8.134870484808e-01,-3.816489640887e-01,8.239504644539e-01,-5.241053115167e-01,7.694395233121e-01,-6.302315387466e-01,7.037162256795e-01,-7.087944487996e-01,5.084323394729e-03
8.132881024209e-01,-3.817568838497e-01,8.238433792469e-01,-5.241657787279e-01,7.693937641407e-01,-6.302561980242e-01,7.036996592134e-01,-7.088026575358e-01,5.109158373564e-03
8.130888218534e-01,-3.818649790963e-01,8.237360114269e-01,-5.242263992498e-01,7.693478347725e-01,-6.302809471309e-01,7.036830117790e-01,-7.088109060272e-01,5.134114661790e-03
8.128892060892e-01,-3.819732501072e-01,8.236283602028e-01,-5.242871734679e-01,7.693017345665e-01,-6.303057863899e-01,7.036662829801e-01,-7.088191944645e-01,5.159192851957e-03
8.126892544375e-01,-3.820816971611e-01,8.235204247809e-01,-5.243481017686e-01,7.692554628793e-01,-6.303307161255e-01,7.036494724191e-01,-7.088275230394e-01,5.184393539509e-03
8.124889662056e-01,-3.821903205370e-01,8.234122043654e-01,-5.244091845394e-01,7.692090190648e-01,-6.303557366630e-01,7.036325796960e-01,-7.088358919447e-01,5.209717322799e-03
8.122883406992e-01,-3.822991205139e-01,8.233036981578e-01,-5.244704221683e-01,7.691624024747e-01,-6.303808483292e-01,7.036156044089e-01,-7.088443013739e-01,5.235164803104e-03
8.120873772224e-01,-3.824080973713e-01,8.231949053575e-01,-5.245318150444e-01,7.691156124578e-01,-6.304060514515e-01,7.035985461542e-01,-7.088527515213e-01,5.260736584635e-03
8.118860750774e-01,-3.825172513884e-01,8.230858251611e-01,-5.245933635578e-01,7.690686483608e-01,-6.304313463589e-01,7.035814045261e-01,-7.088612425826e-01,5.286433274556e-03
8.116844335646e-01,-3.826265828450e-01,8.229764567630e-01,-5.246550680991e-01,7.690215095277e-01,-6.304567333814e-01,7.035641791169e-01,-7.088697747538e-01,5.312255482999e-03
8.114824519830e-01,-3.827360920206e-01,8.228667993551e-01,-5.247169290603e-01,7.689741953000e-01,-6.304822128499e-01,7.035468695168e-01,-7.088783482324e-01,5.338203823072e-03
8.112801296296e-01,-3.828457791954e-01,8.227568521267e-01,-5.247789468337e-01,7.689267050166e-01,-6.305077850967e-01,7.035294753141e-01,-7.088869632163e-01,5.364278910880e-03
8.110774657995e-01,-3.829556446491e-01,8.226466142649e-01,-5.248411218131e-01,7.688790380140e-01,-6.305334504553e-01,7.035119960951e-01,-7.088956199047e-01,5.390481365538e-03
8.108744597865e-01,-3.830656886621e-01,8.225360849541e-01,-5.249034543926e-01,7.688311936260e-01,-6.305592092602e-01,7.034944314439e-01,-7.089043184977e-01,5.416811809184e-03
8.106711108824e-01,-3.831759115146e-01,8.224252633763e-01,-5.249659449676e-01,7.687831711840e-01,-6.305850618470e-01,7.034767809427e-01,-7.089130591962e-01,5.443270866996e-03
8.104674183770e-01,-3.832863134872e-01,8.223141487110e-01,-5.250285939341e-01,7.687349700166e-01,-6.306110085527e-01,7.034590441718e-01,-7.089218422021e-01,5.469859167204e-03
8.102633815588e-01,-3.833968948603e-01,8.222027401351e-01,-5.250914016894e-01,7.686865894501e-01,-6.306370497153e-01,7.034412207091e-01,-7.089306677182e-01,5.496577341109e-03
8.100589997142e-01,-3.835076559148e-01,8.220910368232e-01,-5.251543686311e-01,7.686380288078e-01,-6.306631856739e-01,7.034233101308e-01,-7.089395359485e-01,5.523426023094e-03
8.098542721281e-01,-3.836185969315e-01,8.219790379472e-01,-5.252174951583e-01,7.685892874109e-01,-6.306894167690e-01,7.034053120106e-01,-7.089484470976e-01,5.550405850640e-03
8.096491980832e-01,-3.837297181913e-01,8.218667426766e-01,-5.252807816705e-01,7.685403645776e-01,-6.307157433420e-01,7.033872259206e-01,-7.089574013713e-01,5.577517464345e-03
8.094437768609e-01,-3.838410199754e-01,8.217541501783e-01,-5.253442285684e-01,7.684912596236e-01,-6.307421657356e-01,7.033690514305e-01,-7.089663989763e-01,5.604761507933e-03
8.092380077405e-01,-3.839525025651e-01,8.216412596165e-01,-5.254078362534e-01,7.684419718619e-01,-6.307686842938e-01,7.033507881078e-01,-7.089754401203e-01,5.632138628273e-03
8.090318899995e-01,-3.840641662416e-01,8.215280701532e-01,-5.254716051279e-01,7.683925006031e-01,-6.307952993617e-01,7.033324355182e-01,-7.089845250119e-01,5.659649475394e-03
8.088254229139e-01,-3.841760112864e-01,8.214145809476e-01,-5.255355355952e-01,7.683428451547e-01,-6.308220112855e-01,7.033139932251e-01,-7.089936538608e-01,5.687294702502e-03
8.086186057576e-01,-3.842880379811e-01,8.213007911563e-01,-5.255996280594e-01,7.682930048220e-01,-6.308488204126e-01,7.032954607897e-01,-7.090028268775e-01,5.715074965990e-03
8.084114378028e-01,-3.844002466075e-01,8.211866999335e-01,-5.256638829257e-01,7.682429789074e-01,-6.308757270918e-01,7.032768377712e-01,-7.090120442737e-01,5.742990925461e-03
8.082039183199e-01,-3.845126374473e-01,8.210723064307e-01,-5.257283005999e-01,7.681927667105e-01,-6.309027316729e-01,7.032581237265e-01,-7.090213062619e-01,5.771043243736e-03
8.079960465775e-01,-3.846252107824e-01,8.209576097967e-01,-5.257928814889e-01,7.681423675283e-01,-6.309298345069e-01,7.032393182104e-01,-7.090306130558e-01,5.799232586877e-03
8.077878218423e-01,-3.847379668948e-01,8.208426091780e-01,-5.258576260005e-01,7.680917806553e-01,-6.309570359461e-01,7.032204207755e-01,-7.090399648699e-01,5.827559624198e-03
8.075792433792e-01,-3.848509060666e-01,8.207273037182e-01,-5.259225345432e-01,7.680410053829e-01,-6.309843363440e-01,7.032014309723e-01,-7.090493619199e-01,5.856025028283e-03
8.073703104513e-01,-3.849640285801e-01,8.206116925583e-01,-5.259876075267e-01,7.679900410000e-01,-6.310117360552e-01,7.031823483490e-01,-7.090588044224e-01,5.884629475000e-03
8.071610223200e-01,-3.850773347175e-01,8.204957748370e-01,-5.260528453614e-01,7.679388867927e-01,-6.310392354357e-01,7.031631724515e-01,-7.090682925949e-01,5.913373643519e-03
8.069513782445e-01,-3.851908247613e-01,8.203795496899e-01,-5.261182484586e-01,7.678875420445e-01,-6.310668348427e-01,7.031439028238e-01,-7.090778266562e-01,5.942258216328e-03
8.067413774826e-01,-3.853044989938e-01,8.202630162503e-01,-5.261838172306e-01,7.678360060357e-01,-6.310945346343e-01,7.031245390072e-01,-7.090874068259e-01,5.971283879249e-03
8.065310192898e-01,-3.854183576977e-01,8.201461736486e-01,-5.262495520905e-01,7.677842780444e-01,-6.311223351703e-01,7.031050805412e-01,-7.090970333246e-01,6.000451321452e-03
8.063203029202e-01,-3.855324011555e-01,8.200290210127e-01,-5.263154534524e-01,7.677323573454e-01,-6.311502368115e-01,7.030855269628e-01,-7.091067063742e-01,6.029761235476e-03
8.061092276256e-01,-3.856466296501e-01,8.199115574678e-01,-5.263815217312e-01,7.676802432111e-01,-6.311782399198e-01,7.030658778067e-01,-7.091164261975e-01,6.059214317241e-03
8.058977926563e-01,-3.857610434641e-01,8.197937821364e-01,-5.264477573427e-01,7.676279349108e-01,-6.312063448587e-01,7.030461326055e-01,-7.091261930181e-01,6.088811266066e-03
8.056859972606e-01,-3.858756428806e-01,8.196756941383e-01,-5.265141607038e-01,7.675754317112e-01,-6.312345519925e-01,7.030262908894e-01,-7.091360070611e-01,6.118552784688e-03
8.054738406848e-01,-3.859904281823e-01,8.195572925906e-01,-5.265807322321e-01,7.675227328759e-01,-6.312628616871e-01,7.030063521863e-01,-7.091458685522e-01,6.148439579275e-03
8.052613221734e-01,-3.861053996522e-01,8.194385766076e-01,-5.266474723462e-01,7.674698376660e-01,-6.312912743095e-01,7.029863160218e-01,-7.091557777186e-01,6.178472359443e-03
8.050484409692e-01,-3.862205575735e-01,8.193195453011e-01,-5.267143814654e-01,7.674167453394e-01,-6.313197902281e-01,7.029661819192e-01,-7.091657347882e-01,6.208651838278e-03
8.048351963129e-01,-3.863359022292e-01,8.192001977800e-01,-5.267814600103e-01,7.673634551514e-01,-6.313484098122e-01,7.029459493994e-01,-7.091757399900e-01,6.238978732346e-03
8.046215874433e-01,-3.864514339026e-01,8.190805331505e-01,-5.268487084020e-01,7.673099663543e-01,-6.313771334329e-01,7.029256179811e-01,-7.091857935544e-01,6.269453761714e-03
8.044076135975e-01,-3.865671528767e-01,8.189605505161e-01,-5.269161270629e-01,7.672562781975e-01,-6.314059614620e-01,7.029051871804e-01,-7.091958957125e-01,6.300077649966e-03
8.041932740104e-01,-3.866830594350e-01,8.188402489775e-01,-5.269837164159e-01,7.672023899276e-01,-6.314348942729e-01,7.028846565112e-01,-7.092060466967e-01,6.330851124222e-03
8.039785679153e-01,-3.867991538606e-01,8.187196276326e-01,-5.270514768851e-01,7.671483007881e-01,-6.314639322403e-01,7.028640254851e-01,-7.092162467404e-01,6.361774915152e-03
8.037634945434e-01,-3.869154364370e-01,8.185986855766e-01,-5.271194088955e-01,7.670940100198e-01,-6.314930757400e-01,7.028432936111e-01,-7.092264960780e-01,6.392849756995e-03
8.035480531240e-01,-3.870319074475e-01,8.184774219019e-01,-5.271875128727e-01,7.670395168603e-01,-6.315223251493e-01,7.028224603959e-01,-7.092367949453e-01,6.424076387578e-03
8.033322428845e-01,-3.871485671755e-01,8.183558356981e-01,-5.272557892436e-01,7.669848205446e-01,-6.315516808465e-01,7.028015253438e-01,-7.092471435788e-01,6.455455548331e-03
8.031160630504e-01,-3.872654159045e-01,8.182339260519e-01,-5.273242384359e-01,7.669299203045e-01,-6.315811432113e-01,7.027804879567e-01,-7.092575422165e-01,6.486987984304e-03
8.028995128452e-01,-3.873824539181e-01,8.181116920475e-01,-5.273928608780e-01,7.668748153687e-01,-6.316107126249e-01,7.027593477339e-01,-7.092679910971e-01,6.518674444190e-03
8.026825914906e-01,-3.874996814995e-01,8.179891327658e-01,-5.274616569994e-01,7.668195049634e-01,-6.316403894695e-01,7.027381041724e-01,-7.092784904609e-01,6.550515680336e-03
8.024652982061e-01,-3.876170989325e-01,8.178662472854e-01,-5.275306272305e-01,7.667639883112e-01,-6.316701741288e-01,7.027167567666e-01,-7.092890405488e-01,6.582512448766e-03
8.022476322096e-01,-3.877347065005e-01,8.177430346816e-01,-5.275997720027e-01,7.667082646321e-01,-6.317000669877e-01,7.026953050087e-01,-7.092996416031e-01,6.614665509194e-03
8.020295927168e-01,-3.878525044871e-01,8.176194940271e-01,-5.276690917480e-01,7.666523331431e-01,-6.317300684323e-01,7.026737483882e-01,-7.093102938674e-01,6.646975625048e-03
8.018111789415e-01,-3.879704931758e-01,8.174956243917e-01,-5.277385868996e-01,7.665961930579e-01,-6.317601788504e-01,7.026520863919e-01,-7.093209975860e-01,6.679443563483e-03
8.015923900955e-01,-3.880886728502e-01,8.173714248423e-01,-5.278082578916e-01,7.665398435873e-01,-6.317903986306e-01,7.026303185046e-01,-7.093317530048e-01,6.712070095403e-03
8.013732253886e-01,-3.882070437938e-01,8.172468944430e-01,-5.278781051588e-01,7.664832839391e-01,-6.318207281633e-01,7.026084442081e-01,-7.093425603705e-01,6.744855995476e-03
8.011536840289e-01,-3.883256062902e-01,8.171220322549e-01,-5.279481291372e-01,7.664265133180e-01,-6.318511678398e-01,7.025864629820e-01,-7.093534199310e-01,6.777802042155e-03
8.009337652222e-01,-3.884443606229e-01,8.169968373363e-01,-5.280183302634e-01,7.663695309255e-01,-6.318817180530e-01,7.025643743030e-01,-7.093643319356e-01,6.810909017695e-03
8.007134681724e-01,-3.885633070756e-01,8.168713087425e-01,-5.280887089752e-01,7.663123359601e-01,-6.319123791971e-01,7.025421776456e-01,-7.093752966345e-01,6.844177708171e-03
8.004927920816e-01,-3.886824459316e-01,8.167454455261e-01,-5.281592657111e-01,7.662549276173e-01,-6.319431516675e-01,7.025198724815e-01,-7.093863142792e-01,6.877608903501e-03
8.002717361496e-01,-3.888017774745e-01,8.166192467363e-01,-5.282300009107e-01,7.661973050893e-01,-6.319740358611e-01,7.024974582799e-01,-7.093973851222e-01,6.911203397457e-03
8.000502995744e-01,-3.889213019878e-01,8.164927114200e-01,-5.283009150143e-01,7.661394675653e-01,-6.320050321760e-01,7.024749345073e-01,-7.094085094175e-01,6.944961987691e-03
7.998284815520e-01,-3.890410197549e-01,8.163658386207e-01,-5.283720084634e-01,7.660814142313e-01,-6.320361410117e-01,7.024523006278e-01,-7.094196874198e-01,6.978885475751e-03
7.996062812762e-01,-3.891609310592e-01,8.162386273790e-01,-5.284432817001e-01,7.660231442702e-01,-6.320673627691e-01,7.024295561026e-01,-7.094309193856e-01,7.012974667100e-03
7.993836979392e-01,-3.892810361842e-01,8.161110767327e-01,-5.285147351676e-01,7.659646568615e-01,-6.320986978504e-01,7.024067003905e-01,-7.094422055720e-01,7.047230371135e-03
7.991607307307e-01,-3.894013354131e-01,8.159831857165e-01,-5.285863693100e-01,7.659059511820e-01,-6.321301466591e-01,7.023837329474e-01,-7.094535462376e-01,7.081653401207e-03
7.989373788386e-01,-3.895218290293e-01,8.158549533622e-01,-5.286581845723e-01,7.658470264047e-01,-6.321617096001e-01,7.023606532268e-01,-7.094649416422e-01,7.116244574640e-03
7.987136414488e-01,-3.896425173160e-01,8.157263786986e-01,-5.287301814003e-01,7.657878817000e-01,-6.321933870798e-01,7.023374606794e-01,-7.094763920468e-01,7.151004712750e-03
7.984895177451e-01,-3.897634005564e-01,8.155974607513e-01,-5.288023602409e-01,7.657285162346e-01,-6.322251795059e-01,7.023141547532e-01,-7.094878977135e-01,7.185934640865e-03
7.982650069093e-01,-3.898844790338e-01,8.154681985431e-01,-5.288747215419e-01,7.656689291722e-01,-6.322570872872e-01,7.022907348934e-01,-7.094994589057e-01,7.221035188344e-03
7.980401081212e-01,-3.900057530310e-01,8.153385910937e-01,-5.289472657519e-01,7.656091196732e-01,-6.322891108342e-01,7.022672005427e-01,-7.095110758880e-01,7.256307188598e-03
7.978148205583e-01,-3.901272228312e-01,8.152086374198e-01,-5.290199933204e-01,7.655490868949e-01,-6.323212505587e-01,7.022435511409e-01,-7.095227489262e-01,7.291751479108e-03
7.975891433964e-01,-3.902488887173e-01,8.150783365350e-01,-5.290929046979e-01,7.654888299910e-01,-6.323535068739e-01,7.022197861251e-01,-7.095344782875e-01,7.327368901447e-03
7.973630758091e-01,-3.903707509722e-01,8.149476874499e-01,-5.291660003358e-01,7.654283481122e-01,-6.323858801943e-01,7.021959049297e-01,-7.095462642402e-01,7.363160301296e-03
7.971366169677e-01,-3.904928098787e-01,8.148166891721e-01,-5.292392806865e-01,7.653676404057e-01,-6.324183709358e-01,7.021719069863e-01,-7.095581070537e-01,7.399126528470e-03
7.969097660418e-01,-3.906150657195e-01,8.146853407058e-01,-5.293127462031e-01,7.653067060157e-01,-6.324509795158e-01,7.021477917236e-01,-7.095700069989e-01,7.435268436934e-03
7.966825221987e-01,-3.907375187772e-01,8.145536410525e-01,-5.293863973398e-01,7.652455440827e-01,-6.324837063529e-01,7.021235585677e-01,-7.095819643479e-01,7.471586884824e-03
7.964548846037e-01,-3.908601693344e-01,8.144215892104e-01,-5.294602345516e-01,7.651841537442e-01,-6.325165518674e-01,7.020992069417e-01,-7.095939793740e-01,7.508082734466e-03
7.962268524200e-01,-3.909830176734e-01,8.142891841747e-01,-5.295342582945e-01,7.651225341340e-01,-6.325495164807e-01,7.020747362660e-01,-7.096060523517e-01,7.544756852402e-03
7.959984248086e-01,-3.911060640767e-01,8.141564249374e-01,-5.296084690255e-01,7.650606843828e-01,-6.325826006158e-01,7.020501459581e-01,-7.096181835570e-01,7.581610109404e-03
7.957696009286e-01,-3.912293088264e-01,8.140233104873e-01,-5.296828672021e-01,7.649986036178e-01,-6.326158046970e-01,7.020254354326e-01,-7.096303732669e-01,7.618643380497e-03
7.955403799369e-01,-3.913527522047e-01,8.138898398102e-01,-5.297574532833e-01,7.649362909630e-01,-6.326491291502e-01,7.020006041015e-01,-7.096426217598e-01,7.655857544982e-03
7.953107609881e-01,-3.914763944936e-01,8.137560118887e-01,-5.298322277286e-01,7.648737455388e-01,-6.326825744025e-01,7.019756513734e-01,-7.096549293156e-01,7.693253486454e-03
7.950807432351e-01,-3.916002359749e-01,8.136218257023e-01,-5.299071909985e-01,7.648109664621e-01,-6.327161408826e-01,7.019505766546e-01,-7.096672962151e-01,7.730832092825e-03
7.948503258284e-01,-3.917242769304e-01,8.134872802272e-01,-5.299823435545e-01,7.647479528467e-01,-6.327498290204e-01,7.019253793480e-01,-7.096797227406e-01,7.768594256341e-03
7.946195079163e-01,-3.918485176419e-01,8.133523744366e-01,-5.300576858589e-01,7.646847038026e-01,-6.327836392475e-01,7.019000588539e-01,-7.096922091759e-01,7.806540873611e-03
7.943882886452e-01,-3.919729583906e-01,8.132171073002e-01,-5.301332183750e-01,7.646212184366e-01,-6.328175719969e-01,7.018746145695e-01,-7.097047558057e-01,7.844672845620e-03
7.941566671593e-01,-3.920975994581e-01,8.130814777849e-01,-5.302089415671e-01,7.645574958518e-01,-6.328516277027e-01,7.018490458891e-01,-7.097173629163e-01,7.882991077755e-03
7.939246426006e-01,-3.922224411254e-01,8.129454848541e-01,-5.302848559001e-01,7.644935351481e-01,-6.328858068010e-01,7.018233522039e-01,-7.097300307953e-01,7.921496479826e-03
7.936922141089e-01,-3.923474836738e-01,8.128091274680e-01,-5.303609618401e-01,7.644293354217e-01,-6.329201097288e-01,7.017975329024e-01,-7.097427597315e-01,7.960189966087e-03
7.934593808221e-01,-3.924727273840e-01,8.126724045837e-01,-5.304372598540e-01,7.643648957652e-01,-6.329545369250e-01,7.017715873699e-01,-7.097555500152e-01,7.999072455256e-03
7.932261418755e-01,-3.925981725368e-01,8.125353151549e-01,-5.305137504096e-01,7.643002152679e-01,-6.329890888296e-01,7.017455149886e-01,-7.097684019378e-01,8.038144870542e-03
7.929924964028e-01,-3.927238194129e-01,8.123978581322e-01,-5.305904339757e-01,7.642352930155e-01,-6.330237658843e-01,7.017193151379e-01,-7.097813157924e-01,8.077408139661e-03
7.927584435350e-01,-3.928496682926e-01,8.122600324628e-01,-5.306673110219e-01,7.641701280899e-01,-6.330585685323e-01,7.016929871940e-01,-7.097942918730e-01,8.116863194860e-03
7.925239824014e-01,-3.929757194562e-01,8.121218370908e-01,-5.307443820188e-01,7.641047195698e-01,-6.330934972179e-01,7.016665305302e-01,-7.098073304754e-01,8.156510972942e-03
7.922891121287e-01,-3.931019731836e-01,8.119832709566e-01,-5.308216474378e-01,7.640390665300e-01,-6.331285523873e-01,7.016399445165e-01,-7.098204318965e-01,8.196352415285e-03
7.920538318417e-01,-3.932284297549e-01,8.118443329979e-01,-5.308991077513e-01,7.639731680420e-01,-6.331637344880e-01,7.016132285199e-01,-7.098335964347e-01,8.236388467864e-03
7.918181406629e-01,-3.933550894497e-01,8.117050221486e-01,-5.309767634325e-01,7.639070231734e-01,-6.331990439688e-01,7.015863819045e-01,-7.098468243895e-01,8.276620081275e-03
7.915820377127e-01,-3.934819525474e-01,8.115653373394e-01,-5.310546149557e-01,7.638406309882e-01,-6.332344812804e-01,7.015594040310e-01,-7.098601160622e-01,8.317048210760e-03
7.913455221091e-01,-3.936090193274e-01,8.114252774978e-01,-5.311326627959e-01,7.637739905470e-01,-6.332700468746e-01,7.015322942571e-01,-7.098734717551e-01,8.357673816224e-03
7.911085929681e-01,-3.937362900687e-01,8.112848415479e-01,-5.312109074291e-01,7.637071009066e-01,-6.333057412049e-01,7.015050519373e-01,-7.098868917722e-01,8.398497862262e-03
7.908712494033e-01,-3.938637650502e-01,8.111440284103e-01,-5.312893493322e-01,7.636399611199e-01,-6.333415647262e-01,7.014776764231e-01,-7.099003764188e-01,8.439521318180e-03
7.906334905264e-01,-3.939914445505e-01,8.110028370024e-01,-5.313679889831e-01,7.635725702365e-01,-6.333775178949e-01,7.014501670625e-01,-7.099139260013e-01,8.480745158019e-03
7.903953154466e-01,-3.941193288481e-01,8.108612662382e-01,-5.314468268603e-01,7.635049273021e-01,-6.334136011690e-01,7.014225232006e-01,-7.099275408281e-01,8.522170360579e-03
7.901567232708e-01,-3.942474182211e-01,8.107193150282e-01,-5.315258634435e-01,7.634370313587e-01,-6.334498150079e-01,7.013947441791e-01,-7.099412212085e-01,8.563797909439e-03
7.899177131040e-01,-3.943757129476e-01,8.105769822796e-01,-5.316050992133e-01,7.633688814444e-01,-6.334861598726e-01,7.013668293367e-01,-7.099549674534e-01,8.605628792983e-03
7.896782840487e-01,-3.945042133052e-01,8.104342668961e-01,-5.316845346510e-01,7.633004765939e-01,-6.335226362255e-01,7.013387780086e-01,-7.099687798752e-01,8.647664004425e-03
7.894384352053e-01,-3.946329195714e-01,8.102911677782e-01,-5.317641702389e-01,7.632318158379e-01,-6.335592445305e-01,7.013105895270e-01,-7.099826587876e-01,8.689904541828e-03
7.891981656718e-01,-3.947618320234e-01,8.101476838226e-01,-5.318440064602e-01,7.631628982033e-01,-6.335959852533e-01,7.012822632204e-01,-7.099966045059e-01,8.732351408131e-03
7.889574745440e-01,-3.948909509383e-01,8.100038139228e-01,-5.319240437990e-01,7.630937227134e-01,-6.336328588609e-01,7.012537984146e-01,-7.100106173468e-01,8.775005611171e-03
7.887163609156e-01,-3.950202765926e-01,8.098595569689e-01,-5.320042827403e-01,7.630242883874e-01,-6.336698658217e-01,7.012251944315e-01,-7.100246976283e-01,8.817868163710e-03
7.884748238779e-01,-3.951498092628e-01,8.097149118472e-01,-5.320847237700e-01,7.629545942410e-01,-6.337070066059e-01,7.011964505902e-01,-7.100388456700e-01,8.860940083455e-03
7.882328625198e-01,-3.952795492252e-01,8.095698774409e-01,-5.321653673749e-01,7.628846392858e-01,-6.337442816851e-01,7.011675662061e-01,-7.100530617929e-01,8.904222393086e-03
7.879904759282e-01,-3.954094967555e-01,8.094244526295e-01,-5.322462140426e-01,7.628144225297e-01,-6.337816915325e-01,7.011385405914e-01,-7.100673463196e-01,8.947716120276e-03
7.877476631875e-01,-3.955396521293e-01,8.092786362890e-01,-5.323272642618e-01,7.627439429767e-01,-6.338192366228e-01,7.011093730548e-01,-7.100816995740e-01,8.991422297719e-03
7.875044233800e-01,-3.956700156219e-01,8.091324272920e-01,-5.324085185218e-01,7.626731996268e-01,-6.338569174323e-01,7.010800629018e-01,-7.100961218816e-01,9.035341963154e-03
7.872607555854e-01,-3.958005875084e-01,8.089858245073e-01,-5.324899773130e-01,7.626021914762e-01,-6.338947344387e-01,7.010506094344e-01,-7.101106135693e-01,9.079476159389e-03
7.870166588815e-01,-3.959313680634e-01,8.088388268005e-01,-5.325716411267e-01,7.625309175171e-01,-6.339326881215e-01,7.010210119511e-01,-7.101251749656e-01,9.123825934324e-03
7.867721323435e-01,-3.960623575613e-01,8.086914330334e-01,-5.326535104550e-01,7.624593767380e-01,-6.339707789616e-01,7.009912697471e-01,-7.101398064005e-01,9.168392340978e-03
7.865271750444e-01,-3.961935562762e-01,8.085436420643e-01,-5.327355857908e-01,7.623875681232e-01,-6.340090074415e-01,7.009613821140e-01,-7.101545082053e-01,9.213176437517e-03
7.862817860549e-01,-3.963249644817e-01,8.083954527481e-01,-5.328178676282e-01,7.623154906531e-01,-6.340473740451e-01,7.009313483402e-01,-7.101692807132e-01,9.258179287270e-03
7.860359644434e-01,-3.964565824513e-01,8.082468639357e-01,-5.329003564618e-01,7.622431433041e-01,-6.340858792583e-01,7.009011677101e-01,-7.101841242585e-01,9.303401958764e-03
7.857897092758e-01,-3.965884104581e-01,8.080978744749e-01,-5.329830527873e-01,7.621705250487e-01,-6.341245235682e-01,7.008708395052e-01,-7.101990391773e-01,9.348845525745e-03
7.855430196158e-01,-3.967204487747e-01,8.079484832095e-01,-5.330659571013e-01,7.620976348552e-01,-6.341633074635e-01,7.008403630030e-01,-7.102140258072e-01,9.394511067202e-03
7.852958945249e-01,-3.968526976736e-01,8.077986889798e-01,-5.331490699012e-01,7.620244716881e-01,-6.342022314347e-01,7.008097374778e-01,-7.102290844872e-01,9.440399667397e-03
7.850483330621e-01,-3.969851574267e-01,8.076484906225e-01,-5.332323916853e-01,7.619510345077e-01,-6.342412959737e-01,7.007789622000e-01,-7.102442155581e-01,9.486512415885e-03
7.848003342839e-01,-3.971178283057e-01,8.074978869707e-01,-5.333159229527e-01,7.618773222702e-01,-6.342805015741e-01,7.007480364367e-01,-7.102594193619e-01,9.532850407546e-03
7.845518972447e-01,-3.972507105820e-01,8.073468768536e-01,-5.333996642035e-01,7.618033339280e-01,-6.343198487310e-01,7.007169594513e-01,-7.102746962425e-01,9.579414742607e-03
7.843030209966e-01,-3.973838045263e-01,8.071954590969e-01,-5.334836159386e-01,7.617290684289e-01,-6.343593379411e-01,7.006857305037e-01,-7.102900465452e-01,9.626206526669e-03
7.840537045889e-01,-3.975171104092e-01,8.070436325227e-01,-5.335677786598e-01,7.616545247171e-01,-6.343989697029e-01,7.006543488498e-01,-7.103054706169e-01,9.673226870733e-03
7.838039470691e-01,-3.976506285009e-01,8.068913959493e-01,-5.336521528698e-01,7.615797017324e-01,-6.344387445162e-01,7.006228137424e-01,-7.103209688060e-01,9.720476891227e-03
7.835537474819e-01,-3.977843590711e-01,8.067387481912e-01,-5.337367390722e-01,7.615045984105e-01,-6.344786628827e-01,7.005911244302e-01,-7.103365414627e-01,9.767957710034e-03
7.833031048697e-01,-3.979183023891e-01,8.065856880592e-01,-5.338215377712e-01,7.614292136830e-01,-6.345187253054e-01,7.005592801584e-01,-7.103521889385e-01,9.815670454515e-03
7.830520182728e-01,-3.980524587238e-01,8.064322143606e-01,-5.339065494721e-01,7.613535464771e-01,-6.345589322893e-01,7.005272801685e-01,-7.103679115868e-01,9.863616257538e-03
7.828004867286e-01,-3.981868283437e-01,8.062783258986e-01,-5.339917746812e-01,7.612775957161e-01,-6.345992843406e-01,7.004951236981e-01,-7.103837097624e-01,9.911796257506e-03
7.825485092726e-01,-3.983214115170e-01,8.061240214728e-01,-5.340772139054e-01,7.612013603189e-01,-6.346397819676e-01,7.004628099814e-01,-7.103995838217e-01,9.960211598381e-03
7.822960849375e-01,-3.984562085112e-01,8.059692998792e-01,-5.341628676524e-01,7.611248392003e-01,-6.346804256797e-01,7.004303382486e-01,-7.104155341230e-01,1.000886342971e-02
7.820432127539e-01,-3.985912195936e-01,8.058141599097e-01,-5.342487364311e-01,7.610480312706e-01,-6.347212159883e-01,7.003977077262e-01,-7.104315610258e-01,1.005775290667e-02
7.817898917498e-01,-3.987264450309e-01,8.056586003526e-01,-5.343348207509e-01,7.609709354362e-01,-6.347621534065e-01,7.003649176368e-01,-7.104476648916e-01,1.010688119005e-02
7.815361209509e-01,-3.988618850895e-01,8.055026199923e-01,-5.344211211224e-01,7.608935505989e-01,-6.348032384486e-01,7.003319671992e-01,-7.104638460833e-01,1.015624944635e-02
7.812818993803e-01,-3.989975400352e-01,8.053462176094e-01,-5.345076380567e-01,7.608158756563e-01,-6.348444716310e-01,7.002988556286e-01,-7.104801049656e-01,1.020585884773e-02
7.810272260588e-01,-3.991334101333e-01,8.051893919807e-01,-5.345943720659e-01,7.607379095018e-01,-6.348858534716e-01,7.002655821362e-01,-7.104964419048e-01,1.025571057210e-02
7.807721000047e-01,-3.992694956488e-01,8.050321418791e-01,-5.346813236631e-01,7.606596510244e-01,-6.349273844897e-01,7.002321459292e-01,-7.105128572688e-01,1.030580580311e-02
7.805165202339e-01,-3.994057968461e-01,8.048744660736e-01,-5.347684933620e-01,7.605810991086e-01,-6.349690652067e-01,7.001985462110e-01,-7.105293514273e-01,1.035614573021e-02
7.802604857599e-01,-3.995423139891e-01,8.047163633294e-01,-5.348558816773e-01,7.605022526346e-01,-6.350108961454e-01,7.001647821813e-01,-7.105459247515e-01,1.040673154862e-02
7.800039955937e-01,-3.996790473412e-01,8.045578324078e-01,-5.349434891245e-01,7.604231104784e-01,-6.350528778302e-01,7.001308530355e-01,-7.105625776144e-01,1.045756445945e-02
7.797470487437e-01,-3.998159971655e-01,8.043988720661e-01,-5.350313162198e-01,7.603436715114e-01,-6.350950107873e-01,7.000967579654e-01,-7.105793103908e-01,1.050864566965e-02
7.794896442160e-01,-3.999531637243e-01,8.042394810578e-01,-5.351193634805e-01,7.602639346006e-01,-6.351372955446e-01,7.000624961586e-01,-7.105961234568e-01,1.055997639205e-02
7.792317810142e-01,-4.000905472795e-01,8.040796581324e-01,-5.352076314245e-01,7.601838986086e-01,-6.351797326315e-01,7.000280667988e-01,-7.106130171907e-01,1.061155784544e-02
7.789734581395e-01,-4.002281480924e-01,8.039194020355e-01,-5.352961205707e-01,7.601035623936e-01,-6.352223225792e-01,6.999934690658e-01,-7.106299919721e-01,1.066339125454e-02
7.787146745903e-01,-4.003659664240e-01,8.037587115088e-01,-5.353848314388e-01,7.600229248091e-01,-6.352650659206e-01,6.999587021351e-01,-7.106470481826e-01,1.071547785005e-02
7.784554293629e-01,-4.005040025344e-01,8.035975852898e-01,-5.354737645491e-01,7.599419847043e-01,-6.353079631903e-01,6.999237651784e-01,-7.106641862053e-01,1.076781886870e-02
7.781957214509e-01,-4.006422566835e-01,8.034360221123e-01,-5.355629204231e-01,7.598607409239e-01,-6.353510149244e-01,6.998886573633e-01,-7.106814064253e-01,1.082041555324e-02
7.779355498454e-01,-4.007807291304e-01,8.032740207059e-01,-5.356522995828e-01,7.597791923079e-01,-6.353942216608e-01,6.998533778532e-01,-7.106987092291e-01,1.087326915251e-02
7.776749135351e-01,-4.009194201337e-01,8.031115797963e-01,-5.357419025512e-01,7.596973376920e-01,-6.354375839393e-01,6.998179258075e-01,-7.107160950051e-01,1.092638092143e-02
7.774138115061e-01,-4.010583299515e-01,8.029486981052e-01,-5.358317298521e-01,7.596151759070e-01,-6.354811023012e-01,6.997823003815e-01,-7.107335641437e-01,1.097975212107e-02
7.771522427419e-01,-4.011974588411e-01,8.027853743500e-01,-5.359217820100e-01,7.595327057794e-01,-6.355247772893e-01,6.997465007263e-01,-7.107511170366e-01,1.103338401864e-02
7.768902062236e-01,-4.013368070596e-01,8.026216072445e-01,-5.360120595503e-01,7.594499261309e-01,-6.355686094485e-01,6.997105259887e-01,-7.107687540775e-01,1.108727788756e-02
7.766277009299e-01,-4.014763748630e-01,8.024573954980e-01,-5.361025629992e-01,7.593668357788e-01,-6.356125993253e-01,6.996743753116e-01,-7.107864756620e-01,1.114143500746e-02
7.763647258366e-01,-4.016161625071e-01,8.022927378160e-01,-5.361932928838e-01,7.592834335355e-01,-6.356567474676e-01,6.996380478336e-01,-7.108042821872e-01,1.119585666421e-02
7.761012799174e-01,-4.017561702469e-01,8.021276328998e-01,-5.362842497318e-01,7.591997182089e-01,-6.357010544255e-01,6.996015426888e-01,-7.108221740522e-01,1.125054414998e-02
7.758373621430e-01,-4.018963983368e-01,8.019620794466e-01,-5.363754340718e-01,7.591156886022e-01,-6.357455207505e-01,6.995648590074e-01,-7.108401516579e-01,1.130549876324e-02
7.755729714819e-01,-4.020368470305e-01,8.017960761495e-01,-5.364668464332e-01,7.590313435138e-01,-6.357901469959e-01,6.995279959152e-01,-7.108582154067e-01,1.136072180881e-02
7.753081068999e-01,-4.021775165813e-01,8.016296216974e-01,-5.365584873462e-01,7.589466817374e-01,-6.358349337167e-01,6.994909525337e-01,-7.108763657032e-01,1.141621459787e-02
7.750427673603e-01,-4.023184072415e-01,8.014627147753e-01,-5.366503573418e-01,7.588617020621e-01,-6.358798814697e-01,6.994537279801e-01,-7.108946029537e-01,1.147197844802e-02
7.747769518237e-01,-4.024595192630e-01,8.012953540636e-01,-5.367424569518e-01,7.587764032721e-01,-6.359249908135e-01,6.994163213673e-01,-7.109129275661e-01,1.152801468330e-02
7.745106592482e-01,-4.026008528970e-01,8.011275382390e-01,-5.368347867087e-01,7.586907841470e-01,-6.359702623081e-01,6.993787318037e-01,-7.109313399503e-01,1.158432463419e-02
7.742438885893e-01,-4.027424083939e-01,8.009592659737e-01,-5.369273471458e-01,7.586048434612e-01,-6.360156965157e-01,6.993409583936e-01,-7.109498405182e-01,1.164090963769e-02
7.739766388001e-01,-4.028841860035e-01,8.007905359357e-01,-5.370201387973e-01,7.585185799848e-01,-6.360612939999e-01,6.993030002366e-01,-7.109684296833e-01,1.169777103734e-02
7.737089088309e-01,-4.030261859749e-01,8.006213467891e-01,-5.371131621980e-01,7.584319924828e-01,-6.361070553262e-01,6.992648564282e-01,-7.109871078610e-01,1.175491018321e-02
7.734406976293e-01,-4.031684085565e-01,8.004516971933e-01,-5.372064178837e-01,7.583450797152e-01,-6.361529810619e-01,6.992265260591e-01,-7.110058754686e-01,1.181232843200e-02
7.731720041406e-01,-4.033108539960e-01,8.002815858038e-01,-5.372999063906e-01,7.582578404373e-01,-6.361990717758e-01,6.991880082158e-01,-7.110247329254e-01,1.187002714702e-02
7.729028273074e-01,-4.034535225402e-01,8.001110112717e-01,-5.373936282560e-01,7.581702733997e-01,-6.362453280387e-01,6.991493019802e-01,-7.110436806522e-01,1.192800769823e-02
7.726331660694e-01,-4.035964144356e-01,7.999399722439e-01,-5.374875840179e-01,7.580823773476e-01,-6.362917504232e-01,6.991104064299e-01,-7.110627190721e-01,1.198627146230e-02
7.723630193641e-01,-4.037395299274e-01,7.997684673630e-01,-5.375817742149e-01,7.579941510217e-01,-6.363383395035e-01,6.990713206376e-01,-7.110818486098e-01,1.204481982262e-02
7.720923861261e-01,-4.038828692605e-01,7.995964952672e-01,-5.376761993865e-01,7.579055931576e-01,-6.363850958555e-01,6.990320436717e-01,-7.111010696920e-01,1.210365416932e-02
7.718212652875e-01,-4.040264326788e-01,7.994240545905e-01,-5.377708600729e-01,7.578167024858e-01,-6.364320200572e-01,6.989925745961e-01,-7.111203827475e-01,1.216277589935e-02
7.715496557777e-01,-4.041702204256e-01,7.992511439625e-01,-5.378657568151e-01,7.577274777319e-01,-6.364791126880e-01,6.989529124699e-01,-7.111397882065e-01,1.222218641646e-02
7.712775565234e-01,-4.043142327432e-01,7.990777620085e-01,-5.379608901547e-01,7.576379176165e-01,-6.365263743293e-01,6.989130563476e-01,-7.111592865018e-01,1.228188713127e-02
7.710049664488e-01,-4.044584698734e-01,7.989039073495e-01,-5.380562606342e-01,7.575480208552e-01,-6.365738055643e-01,6.988730052792e-01,-7.111788780675e-01,1.234187946128e-02
7.707318844753e-01,-4.046029320569e-01,7.987295786018e-01,-5.381518687968e-01,7.574577861585e-01,-6.366214069778e-01,6.988327583100e-01,-7.111985633399e-01,1.240216483091e-02
7.704583095218e-01,-4.047476195338e-01,7.985547743778e-01,-5.382477151862e-01,7.573672122317e-01,-6.366691791566e-01,6.987923144806e-01,-7.112183427575e-01,1.246274467157e-02
7.701842405044e-01,-4.048925325433e-01,7.983794932851e-01,-5.383438003472e-01,7.572762977753e-01,-6.367171226891e-01,6.987516728267e-01,-7.112382167602e-01,1.252362042162e-02
7.699096763365e-01,-4.050376713238e-01,7.982037339272e-01,-5.384401248251e-01,7.571850414843e-01,-6.367652381657e-01,6.987108323796e-01,-7.112581857903e-01,1.258479352647e-02
7.696346159290e-01,-4.051830361129e-01,7.980274949028e-01,-5.385366891660e-01,7.570934420488e-01,-6.368135261784e-01,6.986697921656e-01,-7.112782502920e-01,1.264626543858e-02
7.693590581899e-01,-4.053286271473e-01,7.978507748065e-01,-5.386334939165e-01,7.570014981537e-01,-6.368619873210e-01,6.986285512064e-01,-7.112984107112e-01,1.270803761752e-02
7.690830020247e-01,-4.054744446629e-01,7.976735722282e-01,-5.387305396243e-01,7.569092084787e-01,-6.369106221894e-01,6.985871085186e-01,-7.113186674961e-01,1.277011152996e-02
7.688064463361e-01,-4.056204888946e-01,7.974958857534e-01,-5.388278268374e-01,7.568165716984e-01,-6.369594313810e-01,6.985454631143e-01,-7.113390210968e-01,1.283248864978e-02
7.685293900242e-01,-4.057667600766e-01,7.973177139632e-01,-5.389253561048e-01,7.567235864819e-01,-6.370084154950e-01,6.985036140007e-01,-7.113594719652e-01,1.289517045801e-02
7.682518319862e-01,-4.059132584420e-01,7.971390554341e-01,-5.390231279760e-01,7.566302514933e-01,-6.370575751326e-01,6.984615601798e-01,-7.113800205554e-01,1.295815844295e-02
7.679737711168e-01,-4.060599842234e-01,7.969599087381e-01,-5.391211430014e-01,7.565365653914e-01,-6.371069108967e-01,6.984193006492e-01,-7.114006673236e-01,1.302145410014e-02
7.676952063079e-01,-4.062069376520e-01,7.967802724425e-01,-5.392194017318e-01,7.564425268297e-01,-6.371564233922e-01,6.983768344012e-01,-7.114214127279e-01,1.308505893246e-02
7.674161364486e-01,-4.063541189584e-01,7.966001451103e-01,-5.393179047190e-01,7.563481344562e-01,-6.372061132254e-01,6.983341604232e-01,-7.114422572282e-01,1.314897445011e-02
7.671365604253e-01,-4.065015283721e-01,7.964195252999e-01,-5.394166525152e-01,7.562533869138e-01,-6.372559810049e-01,6.982912776978e-01,-7.114632012869e-01,1.321320217066e-02
7.668564771219e-01,-4.066491661220e-01,7.962384115649e-01,-5.395156456734e-01,7.561582828400e-01,-6.373060273408e-01,6.982481852025e-01,-7.114842453681e-01,1.327774361910e-02
7.665758854193e-01,-4.067970324355e-01,7.960568024546e-01,-5.396148847474e-01,7.560628208669e-01,-6.373562528453e-01,6.982048819098e-01,-7.115053899380e-01,1.334260032788e-02
7.662947841957e-01,-4.069451275395e-01,7.958746965134e-01,-5.397143702913e-01,7.559669996211e-01,-6.374066581321e-01,6.981613667871e-01,-7.115266354650e-01,1.340777383692e-02
7.660131723265e-01,-4.070934516598e-01,7.956920922812e-01,-5.398141028602e-01,7.558708177240e-01,-6.374572438171e-01,6.981176387968e-01,-7.115479824194e-01,1.347326569368e-02
7.657310486846e-01,-4.072420050212e-01,7.955089882934e-01,-5.399140830098e-01,7.557742737913e-01,-6.375080105177e-01,6.980736968962e-01,-7.115694312737e-01,1.353907745315e-02
7.654484121398e-01,-4.073907878474e-01,7.953253830804e-01,-5.400143112963e-01,7.556773664334e-01,-6.375589588534e-01,6.980295400373e-01,-7.115909825025e-01,1.360521067795e-02
7.651652615594e-01,-4.075398003613e-01,7.951412751683e-01,-5.401147882766e-01,7.555800942552e-01,-6.376100894454e-01,6.979851671673e-01,-7.116126365823e-01,1.367166693830e-02
7.648815958077e-01,-4.076890427846e-01,7.949566630782e-01,-5.402155145083e-01,7.554824558561e-01,-6.376614029169e-01,6.979405772279e-01,-7.116343939919e-01,1.373844781212e-02
7.645974137465e-01,-4.078385153382e-01,7.947715453267e-01,-5.403164905496e-01,7.553844498299e-01,-6.377128998927e-01,6.978957691558e-01,-7.116562552122e-01,1.380555488500e-02
7.643127142345e-01,-4.079882182417e-01,7.945859204255e-01,-5.404177169593e-01,7.552860747648e-01,-6.377645809997e-01,6.978507418824e-01,-7.116782207260e-01,1.387298975033e-02
7.640274961279e-01,-4.081381517139e-01,7.943997868818e-01,-5.405191942969e-01,7.551873292436e-01,-6.378164468665e-01,6.978054943339e-01,-7.117002910185e-01,1.394075400922e-02
7.637417582799e-01,-4.082883159723e-01,7.942131431978e-01,-5.406209231224e-01,7.550882118433e-01,-6.378684981236e-01,6.977600254312e-01,-7.117224665768e-01,1.400884927065e-02
7.634554995410e-01,-4.084387112336e-01,7.940259878711e-01,-5.407229039964e-01,7.549887211355e-01,-6.379207354035e-01,6.977143340898e-01,-7.117447478903e-01,1.407727715144e-02
7.631687187589e-01,-4.085893377131e-01,7.938383193944e-01,-5.408251374804e-01,7.548888556859e-01,-6.379731593403e-01,6.976684192201e-01,-7.117671354505e-01,1.414603927630e-02
7.628814147784e-01,-4.087401956254e-01,7.936501362557e-01,-5.409276241361e-01,7.547886140548e-01,-6.380257705701e-01,6.976222797269e-01,-7.117896297510e-01,1.421513727790e-02
7.625935864415e-01,-4.088912851836e-01,7.934614369381e-01,-5.410303645259e-01,7.546879947965e-01,-6.380785697310e-01,6.975759145099e-01,-7.118122312876e-01,1.428457279685e-02
7.623052325875e-01,-4.090426066000e-01,7.932722199199e-01,-5.411333592131e-01,7.545869964599e-01,-6.381315574627e-01,6.975293224630e-01,-7.118349405584e-01,1.435434748180e-02
7.620163520528e-01,-4.091941600856e-01,7.930824836745e-01,-5.412366087611e-01,7.544856175879e-01,-6.381847344070e-01,6.974825024751e-01,-7.118577580634e-01,1.442446298946e-02
7.617269436709e-01,-4.093459458502e-01,7.928922266706e-01,-5.413401137342e-01,7.543838567177e-01,-6.382381012074e-01,6.974354534294e-01,-7.118806843051e-01,1.449492098460e-02
7.614370062725e-01,-4.094979641027e-01,7.927014473718e-01,-5.414438746973e-01,7.542817123810e-01,-6.382916585095e-01,6.973881742036e-01,-7.119037197879e-01,1.456572314015e-02
7.611465386856e-01,-4.096502150507e-01,7.925101442369e-01,-5.415478922155e-01,7.541791831032e-01,-6.383454069607e-01,6.973406636700e-01,-7.119268650187e-01,1.463687113721e-02
7.608555397350e-01,-4.098026989005e-01,7.923183157199e-01,-5.416521668549e-01,7.540762674042e-01,-6.383993472100e-01,6.972929206952e-01,-7.119501205063e-01,1.470836666506e-02
7.605640082430e-01,-4.099554158574e-01,7.921259602696e-01,-5.417566991819e-01,7.539729637980e-01,-6.384534799087e-01,6.972449441405e-01,-7.119734867621e-01,1.478021142128e-02
7.602719430290e-01,-4.101083661255e-01,7.919330763302e-01,-5.418614897635e-01,7.538692707926e-01,-6.385078057098e-01,6.971967328613e-01,-7.119969642992e-01,1.485240711171e-02
7.599793429092e-01,-4.102615499074e-01,7.917396623406e-01,-5.419665391672e-01,7.537651868902e-01,-6.385623252682e-01,6.971482857076e-01,-7.120205536336e-01,1.492495545052e-02
7.596862066973e-01,-4.104149674050e-01,7.915457167348e-01,-5.420718479611e-01,7.536607105871e-01,-6.386170392407e-01,6.970996015236e-01,-7.120442552829e-01,1.499785816027e-02
7.593925332040e-01,-4.105686188184e-01,7.913512379421e-01,-5.421774167137e-01,7.535558403735e-01,-6.386719482859e-01,6.970506791480e-01,-7.120680697674e-01,1.507111697193e-02
7.590983212371e-01,-4.107225043468e-01,7.911562243865e-01,-5.422832459943e-01,7.534505747338e-01,-6.387270530644e-01,6.970015174136e-01,-7.120919976095e-01,1.514473362491e-02
7.588035696015e-01,-4.108766241882e-01,7.909606744868e-01,-5.423893363723e-01,7.533449121462e-01,-6.387823542388e-01,6.969521151475e-01,-7.121160393339e-01,1.521870986715e-02
7.585082770992e-01,-4.110309785390e-01,7.907645866573e-01,-5.424956884181e-01,7.532388510829e-01,-6.388378524735e-01,6.969024711712e-01,-7.121401954675e-01,1.529304745508e-02
7.582124425293e-01,-4.111855675945e-01,7.905679593067e-01,-5.426023027020e-01,7.531323900104e-01,-6.388935484346e-01,6.968525843003e-01,-7.121644665396e-01,1.536774815376e-02
7.579160646881e-01,-4.113403915488e-01,7.903707908390e-01,-5.427091797954e-01,7.530255273886e-01,-6.389494427905e-01,6.968024533445e-01,-7.121888530817e-01,1.544281373683e-02
7.576191423688e-01,-4.114954505946e-01,7.901730796529e-01,-5.428163202697e-01,7.529182616716e-01,-6.390055362112e-01,6.967520771078e-01,-7.122133556277e-01,1.551824598661e-02
7.573216743619e-01,-4.116507449232e-01,7.899748241419e-01,-5.429237246971e-01,7.528105913074e-01,-6.390618293687e-01,6.967014543882e-01,-7.122379747137e-01,1.559404669414e-02
7.570236594549e-01,-4.118062747245e-01,7.897760226947e-01,-5.430313936501e-01,7.527025147376e-01,-6.391183229370e-01,6.966505839779e-01,-7.122627108782e-01,1.567021765919e-02
7.567250964322e-01,-4.119620401874e-01,7.895766736945e-01,-5.431393277017e-01,7.525940303980e-01,-6.391750175919e-01,6.965994646630e-01,-7.122875646621e-01,1.574676069033e-02
7.564259840755e-01,-4.121180414991e-01,7.893767755196e-01,-5.432475274253e-01,7.524851367178e-01,-6.392319140112e-01,6.965480952238e-01,-7.123125366085e-01,1.582367760495e-02
7.561263211635e-01,-4.122742788455e-01,7.891763265430e-01,-5.433559933950e-01,7.523758321202e-01,-6.392890128745e-01,6.964964744347e-01,-7.123376272628e-01,1.590097022934e-02
7.558261064719e-01,-4.124307524113e-01,7.889753251325e-01,-5.434647261849e-01,7.522661150221e-01,-6.393463148634e-01,6.964446010637e-01,-7.123628371730e-01,1.597864039869e-02
7.555253387735e-01,-4.125874623794e-01,7.887737696507e-01,-5.435737263700e-01,7.521559838342e-01,-6.394038206615e-01,6.963924738732e-01,-7.123881668892e-01,1.605668995717e-02
7.552240168381e-01,-4.127444089317e-01,7.885716584550e-01,-5.436829945254e-01,7.520454369607e-01,-6.394615309542e-01,6.963400916190e-01,-7.124136169641e-01,1.613512075794e-02
7.549221394327e-01,-4.129015922484e-01,7.883689898975e-01,-5.437925312266e-01,7.519344727997e-01,-6.395194464287e-01,6.962874530514e-01,-7.124391879526e-01,1.621393466324e-02
7.546197053211e-01,-4.130590125084e-01,7.881657623251e-01,-5.439023370499e-01,7.518230897427e-01,-6.395775677745e-01,6.962345569140e-01,-7.124648804120e-01,1.629313354437e-02
7.543167132643e-01,-4.132166698891e-01,7.879619740792e-01,-5.440124125715e-01,7.517112861751e-01,-6.396358956827e-01,6.961814019446e-01,-7.124906949022e-01,1.637271928181e-02
7.540131620203e-01,-4.133745645663e-01,7.877576234963e-01,-5.441227583683e-01,7.515990604756e-01,-6.396944308465e-01,6.961279868746e-01,-7.125166319852e-01,1.645269376519e-02
7.537090503441e-01,-4.135326967145e-01,7.875527089073e-01,-5.442333750175e-01,7.514864110166e-01,-6.397531739609e-01,6.960743104293e-01,-7.125426922256e-01,1.653305889339e-02
7.534043769876e-01,-4.136910665067e-01,7.873472286377e-01,-5.443442630967e-01,7.513733361642e-01,-6.398121257229e-01,6.960203713275e-01,-7.125688761905e-01,1.661381657457e-02
7.530991407000e-01,-4.138496741142e-01,7.871411810079e-01,-5.444554231837e-01,7.512598342776e-01,-6.398712868315e-01,6.959661682820e-01,-7.125951844493e-01,1.669496872619e-02
7.527933402272e-01,-4.140085197069e-01,7.869345643328e-01,-5.445668558571e-01,7.511459037100e-01,-6.399306579876e-01,6.959116999990e-01,-7.126216175738e-01,1.677651727508e-02
7.524869743123e-01,-4.141676034532e-01,7.867273769217e-01,-5.446785616953e-01,7.510315428076e-01,-6.399902398938e-01,6.958569651786e-01,-7.126481761384e-01,1.685846415751e-02
7.521800416953e-01,-4.143269255198e-01,7.865196170790e-01,-5.447905412773e-01,7.509167499103e-01,-6.400500332551e-01,6.958019625144e-01,-7.126748607198e-01,1.694081131918e-02
7.518725411132e-01,-4.144864860720e-01,7.863112831032e-01,-5.449027951826e-01,7.508015233513e-01,-6.401100387780e-01,6.957466906934e-01,-7.127016718973e-01,1.702356071529e-02
7.515644713001e-01,-4.146462852734e-01,7.861023732875e-01,-5.450153239907e-01,7.506858614573e-01,-6.401702571712e-01,6.956911483965e-01,-7.127286102525e-01,1.710671431061e-02
7.512558309869e-01,-4.148063232859e-01,7.858928859198e-01,-5.451281282817e-01,7.505697625481e-01,-6.402306891452e-01,6.956353342978e-01,-7.127556763698e-01,1.719027407951e-02
7.509466189016e-01,-4.149666002701e-01,7.856828192824e-01,-5.452412086357e-01,7.504532249371e-01,-6.402913354126e-01,6.955792470650e-01,-7.127828708357e-01,1.727424200597e-02
7.506368337692e-01,-4.151271163846e-01,7.854721716520e-01,-5.453545656334e-01,7.503362469308e-01,-6.403521966877e-01,6.955228853593e-01,-7.128101942394e-01,1.735862008370e-02
7.503264743115e-01,-4.152878717867e-01,7.852609413000e-01,-5.454681998556e-01,7.502188268292e-01,-6.404132736870e-01,6.954662478353e-01,-7.128376471728e-01,1.744341031613e-02
7.500155392474e-01,-4.154488666317e-01,7.850491264921e-01,-5.455821118834e-01,7.501009629252e-01,-6.404745671287e-01,6.954093331409e-01,-7.128652302299e-01,1.752861471648e-02
7.497040272927e-01,-4.156101010735e-01,7.848367254886e-01,-5.456963022983e-01,7.499826535051e-01,-6.405360777332e-01,6.953521399175e-01,-7.128929440075e-01,1.761423530779e-02
7.493919371602e-01,-4.157715752641e-01,7.846237365440e-01,-5.458107716819e-01,7.498638968486e-01,-6.405978062227e-01,6.952946667996e-01,-7.129207891049e-01,1.770027412301e-02
7.490792675596e-01,-4.159332893540e-01,7.844101579075e-01,-5.459255206161e-01,7.497446912281e-01,-6.406597533214e-01,6.952369124152e-01,-7.129487661240e-01,1.778673320500e-02
7.487660171976e-01,-4.160952434919e-01,7.841959878225e-01,-5.460405496830e-01,7.496250349095e-01,-6.407219197553e-01,6.951788753854e-01,-7.129768756690e-01,1.787361460659e-02
7.484521847778e-01,-4.162574378246e-01,7.839812245269e-01,-5.461558594650e-01,7.495049261517e-01,-6.407843062525e-01,6.951205543247e-01,-7.130051183470e-01,1.796092039066e-02
7.481377690007e-01,-4.164198724973e-01,7.837658662528e-01,-5.462714505448e-01,7.493843632065e-01,-6.408469135430e-01,6.950619478406e-01,-7.130334947674e-01,1.804865263016e-02
7.478227685637e-01,-4.165825476536e-01,7.835499112268e-01,-5.463873235051e-01,7.492633443190e-01,-6.409097423588e-01,6.950030545339e-01,-7.130620055423e-01,1.813681340816e-02
7.475071821612e-01,-4.167454634349e-01,7.833333576699e-01,-5.465034789290e-01,7.491418677272e-01,-6.409727934338e-01,6.949438729984e-01,-7.130906512864e-01,1.822540481791e-02
7.471910084845e-01,-4.169086199811e-01,7.831162037970e-01,-5.466199173995e-01,7.490199316620e-01,-6.410360675038e-01,6.948844018210e-01,-7.131194326170e-01,1.831442896287e-02
7.468742462219e-01,-4.170720174302e-01,7.828984478178e-01,-5.467366395002e-01,7.488975343475e-01,-6.410995653067e-01,6.948246395817e-01,-7.131483501539e-01,1.840388795679e-02
7.465568940583e-01,-4.172356559185e-01,7.826800879359e-01,-5.468536458145e-01,7.487746740004e-01,-6.411632875822e-01,6.947645848536e-01,-7.131774045196e-01,1.849378392374e-02
7.462389506760e-01,-4.173995355802e-01,7.824611223493e-01,-5.469709369261e-01,7.486513488306e-01,-6.412272350719e-01,6.947042362026e-01,-7.132065963392e-01,1.858411899818e-02
7.459204147537e-01,-4.175636565478e-01,7.822415492503e-01,-5.470885134189e-01,7.485275570407e-01,-6.412914085197e-01,6.946435921877e-01,-7.132359262404e-01,1.867489532497e-02
7.456012849673e-01,-4.177280189519e-01,7.820213668252e-01,-5.472063758768e-01,7.484032968263e-01,-6.413558086710e-01,6.945826513606e-01,-7.132653948537e-01,1.876611505947e-02
7.452815599894e-01,-4.178926229211e-01,7.818005732547e-01,-5.473245248840e-01,7.482785663755e-01,-6.414204362735e-01,6.945214122662e-01,-7.132950028120e-01,1.885778036754e-02
7.449612384898e-01,-4.180574685823e-01,7.815791667135e-01,-5.474429610247e-01,7.481533638696e-01,-6.414852920766e-01,6.944598734420e-01,-7.133247507511e-01,1.894989342565e-02
7.446403191347e-01,-4.182225560603e-01,7.813571453707e-01,-5.475616848831e-01,7.480276874823e-01,-6.415503768318e-01,6.943980334184e-01,-7.133546393093e-01,1.904245642088e-02
7.443188005877e-01,-4.183878854780e-01,7.811345073893e-01,-5.476806970437e-01,7.479015353801e-01,-6.416156912926e-01,6.943358907184e-01,-7.133846691275e-01,1.913547155101e-02
7.439966815088e-01,-4.185534569564e-01,7.809112509265e-01,-5.477999980909e-01,7.477749057225e-01,-6.416812362142e-01,6.942734438581e-01,-7.134148408496e-01,1.922894102454e-02
7.436739605551e-01,-4.187192706142e-01,7.806873741336e-01,-5.479195886094e-01,7.476477966612e-01,-6.417470123540e-01,6.942106913460e-01,-7.134451551219e-01,1.932286706077e-02
7.433506363807e-01,-4.188853265686e-01,7.804628751561e-01,-5.480394691837e-01,7.475202063409e-01,-6.418130204712e-01,6.941476316833e-01,-7.134756125934e-01,1.941725188983e-02
7.430267076363e-01,-4.190516249345e-01,7.802377521333e-01,-5.481596403985e-01,7.473921328987e-01,-6.418792613271e-01,6.940842633639e-01,-7.135062139161e-01,1.951209775275e-02
7.427021729695e-01,-4.192181658247e-01,7.800120031988e-01,-5.482801028385e-01,7.472635744642e-01,-6.419457356849e-01,6.940205848742e-01,-7.135369597444e-01,1.960740690149e-02
7.423770310248e-01,-4.193849493502e-01,7.797856264801e-01,-5.484008570884e-01,7.471345291599e-01,-6.420124443095e-01,6.939565946934e-01,-7.135678507356e-01,1.970318159905e-02
7.420512804437e-01,-4.195519756196e-01,7.795586200987e-01,-5.485219037328e-01,7.470049951005e-01,-6.420793879681e-01,6.938922912929e-01,-7.135988875496e-01,1.979942411944e-02
7.417249198642e-01,-4.197192447397e-01,7.793309821700e-01,-5.486432433566e-01,7.468749703932e-01,-6.421465674297e-01,6.938276731367e-01,-7.136300708493e-01,1.989613674781e-02
7.413979479215e-01,-4.198867568152e-01,7.791027108037e-01,-5.487648765444e-01,7.467444531378e-01,-6.422139834653e-01,6.937627386813e-01,-7.136614013000e-01,1.999332178044e-02
7.410703632473e-01,-4.200545119484e-01,7.788738041031e-01,-5.488868038808e-01,7.466134414264e-01,-6.422816368476e-01,6.936974863756e-01,-7.136928795701e-01,2.009098152486e-02
7.407421644704e-01,-4.202225102397e-01,7.786442601655e-01,-5.490090259506e-01,7.464819333435e-01,-6.423495283516e-01,6.936319146609e-01,-7.137245063305e-01,2.018911829984e-02
7.404133502162e-01,-4.203907517873e-01,7.784140770823e-01,-5.491315433382e-01,7.463499269661e-01,-6.424176587540e-01,6.935660219706e-01,-7.137562822550e-01,2.028773443551e-02
7.400839191071e-01,-4.205592366873e-01,7.781832529385e-01,-5.492543566281e-01,7.462174203632e-01,-6.424860288336e-01,6.934998067307e-01,-7.137882080202e-01,2.038683227335e-02
7.397538697622e-01,-4.207279650333e-01,7.779517858132e-01,-5.493774664049e-01,7.460844115965e-01,-6.425546393710e-01,6.934332673592e-01,-7.138202843056e-01,2.048641416631e-02
7.394232007974e-01,-4.208969369171e-01,7.777196737792e-01,-5.495008732528e-01,7.459508987197e-01,-6.426234911488e-01,6.933664022665e-01,-7.138525117932e-01,2.058648247879e-02
7.390919108257e-01,-4.210661524280e-01,7.774869149033e-01,-5.496245777560e-01,7.458168797787e-01,-6.426925849515e-01,6.932992098552e-01,-7.138848911681e-01,2.068703958678e-02
7.387599984564e-01,-4.212356116532e-01,7.772535072459e-01,-5.497485804986e-01,7.456823528119e-01,-6.427619215657e-01,6.932316885198e-01,-7.139174231181e-01,2.078808787785e-02
7.384274622959e-01,-4.214053146774e-01,7.770194488614e-01,-5.498728820647e-01,7.455473158494e-01,-6.428315017797e-01,6.931638366471e-01,-7.139501083339e-01,2.088962975125e-02
7.380943009475e-01,-4.215752615834e-01,7.767847377977e-01,-5.499974830380e-01,7.454117669139e-01,-6.429013263840e-01,6.930956526159e-01,-7.139829475089e-01,2.099166761794e-02
7.377605130111e-01,-4.217454524512e-01,7.765493720968e-01,-5.501223840021e-01,7.452757040199e-01,-6.429713961707e-01,6.930271347971e-01,-7.140159413395e-01,2.109420390065e-02
7.374260970833e-01,-4.219158873590e-01,7.763133497942e-01,-5.502475855406e-01,7.451391251742e-01,-6.430417119340e-01,6.929582815535e-01,-7.140490905249e-01,2.119724103396e-02
7.370910517578e-01,-4.220865663824e-01,7.760766689191e-01,-5.503730882368e-01,7.450020283753e-01,-6.431122744702e-01,6.928890912398e-01,-7.140823957671e-01,2.130078146433e-02
7.367553756248e-01,-4.222574895945e-01,7.758393274945e-01,-5.504988926738e-01,7.448644116141e-01,-6.431830845773e-01,6.928195622028e-01,-7.141158577711e-01,2.140482765018e-02
7.364190672714e-01,-4.224286570662e-01,7.756013235370e-01,-5.506249994343e-01,7.447262728731e-01,-6.432541430552e-01,6.927496927808e-01,-7.141494772447e-01,2.150938206192e-02
7.360821252815e-01,-4.226000688660e-01,7.753626550569e-01,-5.507514091011e-01,7.445876101271e-01,-6.433254507059e-01,6.926794813044e-01,-7.141832548986e-01,2.161444718206e-02
7.357445482356e-01,-4.227717250600e-01,7.751233200581e-01,-5.508781222566e-01,7.444484213425e-01,-6.433970083332e-01,6.926089260956e-01,-7.142171914465e-01,2.172002550519e-02
7.354063347112e-01,-4.229436257118e-01,7.748833165381e-01,-5.510051394828e-01,7.443087044778e-01,-6.434688167429e-01,6.925380254683e-01,-7.142512876048e-01,2.182611953814e-02
7.350674832824e-01,-4.231157708826e-01,7.746426424881e-01,-5.511324613617e-01,7.441684574831e-01,-6.435408767427e-01,6.924667777281e-01,-7.142855440930e-01,2.193273179992e-02
7.347279925201e-01,-4.232881606309e-01,7.744012958927e-01,-5.512600884747e-01,7.440276783006e-01,-6.436131891420e-01,6.923951811722e-01,-7.143199616334e-01,2.203986482191e-02
7.343878609919e-01,-4.234607950130e-01,7.741592747302e-01,-5.513880214032e-01,7.438863648641e-01,-6.436857547525e-01,6.923232340895e-01,-7.143545409514e-01,2.214752114782e-02
7.340470872624e-01,-4.236336740826e-01,7.739165769722e-01,-5.515162607280e-01,7.437445150990e-01,-6.437585743874e-01,6.922509347604e-01,-7.143892827752e-01,2.225570333377e-02
7.337056698925e-01,-4.238067978907e-01,7.736732005842e-01,-5.516448070299e-01,7.436021269228e-01,-6.438316488622e-01,6.921782814568e-01,-7.144241878361e-01,2.236441394841e-02
7.333636074403e-01,-4.239801664860e-01,7.734291435248e-01,-5.517736608889e-01,7.434591982442e-01,-6.439049789940e-01,6.921052724424e-01,-7.144592568680e-01,2.247365557290e-02
7.330208984604e-01,-4.241537799145e-01,7.731844037463e-01,-5.519028228849e-01,7.433157269639e-01,-6.439785656019e-01,6.920319059719e-01,-7.144944906083e-01,2.258343080102e-02
7.326775415042e-01,-4.243276382194e-01,7.729389791945e-01,-5.520322935976e-01,7.431717109740e-01,-6.440524095070e-01,6.919581802916e-01,-7.145298897969e-01,2.269374223923e-02
7.323335351197e-01,-4.245017414417e-01,7.726928678083e-01,-5.521620736058e-01,7.430271481583e-01,-6.441265115321e-01,6.918840936394e-01,-7.145654551770e-01,2.280459250669e-02
7.319888778518e-01,-4.246760896193e-01,7.724460675203e-01,-5.522921634883e-01,7.428820363921e-01,-6.442008725020e-01,6.918096442442e-01,-7.146011874946e-01,2.291598423540e-02
7.316435682421e-01,-4.248506827878e-01,7.721985762565e-01,-5.524225638233e-01,7.427363735420e-01,-6.442754932435e-01,6.917348303263e-01,-7.146370874989e-01,2.302792007018e-02
7.312976048290e-01,-4.250255209801e-01,7.719503919360e-01,-5.525532751887e-01,7.425901574665e-01,-6.443503745850e-01,6.916596500972e-01,-7.146731559419e-01,2.314040266878e-02
7.309509861473e-01,-4.252006042260e-01,7.717015124716e-01,-5.526842981616e-01,7.424433860150e-01,-6.444255173570e-01,6.915841017596e-01,-7.147093935788e-01,2.325343470193e-02
7.306037107289e-01,-4.253759325531e-01,7.714519357692e-01,-5.528156333189e-01,7.422960570287e-01,-6.445009223919e-01,6.915081835076e-01,-7.147458011676e-01,2.336701885342e-02
7.302557771022e-01,-4.255515059859e-01,7.712016597281e-01,-5.529472812369e-01,7.421481683400e-01,-6.445765905238e-01,6.914318935260e-01,-7.147823794696e-01,2.348115782012e-02
7.299071837924e-01,-4.257273245462e-01,7.709506822407e-01,-5.530792424915e-01,7.419997177726e-01,-6.446525225888e-01,6.913552299908e-01,-7.148191292490e-01,2.359585431211e-02
7.295579293213e-01,-4.259033882532e-01,7.706990011929e-01,-5.532115176579e-01,7.418507031416e-01,-6.447287194248e-01,6.912781910693e-01,-7.148560512731e-01,2.371111105267e-02
7.292080122076e-01,-4.260796971231e-01,7.704466144637e-01,-5.533441073108e-01,7.417011222531e-01,-6.448051818716e-01,6.912007749194e-01,-7.148931463122e-01,2.382693077841e-02
7.288574309665e-01,-4.262562511692e-01,7.701935199254e-01,-5.534770120243e-01,7.415509729048e-01,-6.448819107708e-01,6.911229796901e-01,-7.149304151396e-01,2.394331623929e-02
7.285061841101e-01,-4.264330504022e-01,7.699397154435e-01,-5.536102323720e-01,7.414002528853e-01,-6.449589069661e-01,6.910448035212e-01,-7.149678585320e-01,2.406027019873e-02
7.281542701470e-01,-4.266100948297e-01,7.696851988765e-01,-5.537437689269e-01,7.412489599743e-01,-6.450361713026e-01,6.909662445436e-01,-7.150054772688e-01,2.417779543360e-02
7.278016875826e-01,-4.267873844565e-01,7.694299680764e-01,-5.538776222612e-01,7.410970919428e-01,-6.451137046276e-01,6.908873008786e-01,-7.150432721327e-01,2.429589473439e-02
7.274484349190e-01,-4.269649192845e-01,7.691740208881e-01,-5.540117929466e-01,7.409446465529e-01,-6.451915077902e-01,6.908079706385e-01,-7.150812439096e-01,2.441457090517e-02
7.270945106549e-01,-4.271426993125e-01,7.689173551496e-01,-5.541462815541e-01,7.407916215574e-01,-6.452695816412e-01,6.907282519263e-01,-7.151193933881e-01,2.453382676374e-02
7.267399132859e-01,-4.273207245367e-01,7.686599686920e-01,-5.542810886541e-01,7.406380147005e-01,-6.453479270332e-01,6.906481428356e-01,-7.151577213605e-01,2.465366514166e-02
7.263846413041e-01,-4.274989949498e-01,7.684018593397e-01,-5.544162148161e-01,7.404838237172e-01,-6.454265448209e-01,6.905676414507e-01,-7.151962286217e-01,2.477408888430e-02
7.260286931983e-01,-4.276775105420e-01,7.681430249099e-01,-5.545516606091e-01,7.403290463332e-01,-6.455054358605e-01,6.904867458462e-01,-7.152349159700e-01,2.489510085095e-02
7.256720674540e-01,-4.278562713000e-01,7.678834632128e-01,-5.546874266013e-01,7.401736802655e-01,-6.455846010103e-01,6.904054540875e-01,-7.152737842069e-01,2.501670391487e-02
7.253147625535e-01,-4.280352772079e-01,7.676231720520e-01,-5.548235133600e-01,7.400177232216e-01,-6.456640411301e-01,6.903237642305e-01,-7.153128341368e-01,2.513890096333e-02
7.249567769756e-01,-4.282145282463e-01,7.673621492235e-01,-5.549599214518e-01,7.398611729001e-01,-6.457437570818e-01,6.902416743212e-01,-7.153520665676e-01,2.526169489772e-02
7.245981091958e-01,-4.283940243929e-01,7.671003925168e-01,-5.550966514427e-01,7.397040269901e-01,-6.458237497289e-01,6.901591823963e-01,-7.153914823099e-01,2.538508863360e-02
7.242387576864e-01,-4.285737656224e-01,7.668378997141e-01,-5.552337038976e-01,7.395462831715e-01,-6.459040199368e-01,6.900762864826e-01,-7.154310821780e-01,2.550908510078e-02
7.238787209162e-01,-4.287537519060e-01,7.665746685904e-01,-5.553710793807e-01,7.393879391152e-01,-6.459845685726e-01,6.899929845974e-01,-7.154708669889e-01,2.563368724337e-02
7.235179973509e-01,-4.289339832122e-01,7.663106969140e-01,-5.555087784552e-01,7.392289924823e-01,-6.460653965053e-01,6.899092747481e-01,-7.155108375632e-01,2.575889801985e-02
7.231565854526e-01,-4.291144595058e-01,7.660459824457e-01,-5.556468016838e-01,7.390694409249e-01,-6.461465046055e-01,6.898251549324e-01,-7.155509947245e-01,2.588472040318e-02
7.227944836803e-01,-4.292951807487e-01,7.657805229392e-01,-5.557851496278e-01,7.389092820854e-01,-6.462278937458e-01,6.897406231378e-01,-7.155913392995e-01,2.601115738082e-02
7.224316904896e-01,-4.294761468996e-01,7.655143161414e-01,-5.559238228479e-01,7.387485135969e-01,-6.463095648003e-01,6.896556773423e-01,-7.156318721183e-01,2.613821195483e-02
7.220682043325e-01,-4.296573579136e-01,7.652473597915e-01,-5.560628219039e-01,7.385871330830e-01,-6.463915186451e-01,6.895703155138e-01,-7.156725940142e-01,2.626588714193e-02
7.217040236581e-01,-4.298388137428e-01,7.649796516220e-01,-5.562021473543e-01,7.384251381578e-01,-6.464737561579e-01,6.894845356100e-01,-7.157135058235e-01,2.639418597357e-02
7.213391469118e-01,-4.300205143359e-01,7.647111893577e-01,-5.563417997569e-01,7.382625264257e-01,-6.465562782182e-01,6.893983355789e-01,-7.157546083862e-01,2.652311149603e-02
7.209735725359e-01,-4.302024596382e-01,7.644419707165e-01,-5.564817796686e-01,7.380992954815e-01,-6.466390857071e-01,6.893117133580e-01,-7.157959025450e-01,2.665266677045e-02
7.206072989693e-01,-4.303846495917e-01,7.641719934088e-01,-5.566220876448e-01,7.379354429105e-01,-6.467221795077e-01,6.892246668750e-01,-7.158373891462e-01,2.678285487293e-02
7.202403246473e-01,-4.305670841351e-01,7.639012551380e-01,-5.567627242404e-01,7.377709662882e-01,-6.468055605046e-01,6.891371940471e-01,-7.158790690394e-01,2.691367889459e-02
7.198726480022e-01,-4.307497632034e-01,7.636297535998e-01,-5.569036900089e-01,7.376058631805e-01,-6.468892295842e-01,6.890492927814e-01,-7.159209430771e-01,2.704514194165e-02
7.195042674629e-01,-4.309326867285e-01,7.633574864829e-01,-5.570449855028e-01,7.374401311432e-01,-6.469731876346e-01,6.889609609746e-01,-7.159630121154e-01,2.717724713551e-02
7.191351814547e-01,-4.311158546385e-01,7.630844514685e-01,-5.571866112734e-01,7.372737677227e-01,-6.470574355455e-01,6.888721965131e-01,-7.160052770137e-01,2.730999761281e-02
7.187653883998e-01,-4.312992668582e-01,7.628106462304e-01,-5.573285678709e-01,7.371067704553e-01,-6.471419742084e-01,6.887829972729e-01,-7.160477386344e-01,2.744339652552e-02
7.183948867170e-01,-4.314829233090e-01,7.625360684350e-01,-5.574708558445e-01,7.369391368675e-01,-6.472268045165e-01,6.886933611196e-01,-7.160903978435e-01,2.757744704099e-02
7.180236748217e-01,-4.316668239084e-01,7.622607157414e-01,-5.576134757420e-01,7.367708644758e-01,-6.473119273647e-01,6.886032859079e-01,-7.161332555101e-01,2.771215234205e-02
7.176517511259e-01,-4.318509685707e-01,7.619845858011e-01,-5.577564281101e-01,7.366019507868e-01,-6.473973436493e-01,6.885127694825e-01,-7.161763125066e-01,2.784751562709e-02
7.172791140383e-01,-4.320353572064e-01,7.617076762582e-01,-5.578997134942e-01,7.364323932971e-01,-6.474830542686e-01,6.884218096771e-01,-7.162195697090e-01,2.798354011009e-02
7.169057619643e-01,-4.322199897224e-01,7.614299847493e-01,-5.580433324385e-01,7.362621894931e-01,-6.475690601224e-01,6.883304043147e-01,-7.162630279962e-01,2.812022902077e-02
7.165316933059e-01,-4.324048660220e-01,7.611515089036e-01,-5.581872854860e-01,7.360913368514e-01,-6.476553621121e-01,6.882385512078e-01,-7.163066882508e-01,2.825758560460e-02
7.161569064618e-01,-4.325899860048e-01,7.608722463425e-01,-5.583315731781e-01,7.359198328382e-01,-6.477419611409e-01,6.881462481581e-01,-7.163505513585e-01,2.839561312290e-02
7.157813998272e-01,-4.327753495666e-01,7.605921946800e-01,-5.584761960552e-01,7.357476749096e-01,-6.478288581133e-01,6.880534929562e-01,-7.163946182084e-01,2.853431485294e-02
7.154051717940e-01,-4.329609565997e-01,7.603113515227e-01,-5.586211546562e-01,7.355748605116e-01,-6.479160539358e-01,6.879602833821e-01,-7.164388896931e-01,2.867369408798e-02
7.150282207508e-01,-4.331468069925e-01,7.600297144694e-01,-5.587664495186e-01,7.354013870797e-01,-6.480035495161e-01,6.878666172047e-01,-7.164833667083e-01,2.881375413737e-02
7.146505450829e-01,-4.333329006296e-01,7.597472811111e-01,-5.589120811785e-01,7.352272520393e-01,-6.480913457640e-01,6.877724921820e-01,-7.165280501532e-01,2.895449832664e-02
7.142721431721e-01,-4.335192373919e-01,7.594640490316e-01,-5.590580501707e-01,7.350524528053e-01,-6.481794435904e-01,6.876779060608e-01,-7.165729409305e-01,2.909592999754e-02
7.138930133969e-01,-4.337058171563e-01,7.591800158067e-01,-5.592043570284e-01,7.348769867825e-01,-6.482678439080e-01,6.875828565770e-01,-7.166180399460e-01,2.923805250816e-02
7.135131541324e-01,-4.338926397961e-01,7.588951790046e-01,-5.593510022834e-01,7.347008513650e-01,-6.483565476311e-01,6.874873414552e-01,-7.166633481092e-01,2.938086923300e-02
7.131325637504e-01,-4.340797051803e-01,7.586095361858e-01,-5.594979864659e-01,7.345240439365e-01,-6.484455556755e-01,6.873913584089e-01,-7.167088663326e-01,2.952438356301e-02
7.127512406194e-01,-4.342670131745e-01,7.583230849031e-01,-5.596453101046e-01,7.343465618702e-01,-6.485348689585e-01,6.872949051402e-01,-7.167545955323e-01,2.966859890573e-02
7.123691831044e-01,-4.344545636399e-01,7.580358227014e-01,-5.597929737268e-01,7.341684025288e-01,-6.486244883989e-01,6.871979793398e-01,-7.168005366281e-01,2.981351868536e-02
7.119863895672e-01,-4.346423564339e-01,7.577477471181e-01,-5.599409778579e-01,7.339895632643e-01,-6.487144149173e-01,6.871005786873e-01,-7.168466905426e-01,2.995914634278e-02
7.116028583660e-01,-4.348303914101e-01,7.574588556825e-01,-5.600893230221e-01,7.338100414182e-01,-6.488046494354e-01,6.870027008507e-01,-7.168930582023e-01,3.010548533571e-02
7.112185878560e-01,-4.350186684177e-01,7.571691459162e-01,-5.602380097415e-01,7.336298343211e-01,-6.488951928766e-01,6.869043434865e-01,-7.169396405369e-01,3.025253913876e-02
7.108335763886e-01,-4.352071873022e-01,7.568786153330e-01,-5.603870385369e-01,7.334489392931e-01,-6.489860461660e-01,6.868055042396e-01,-7.169864384796e-01,3.040031124350e-02
7.104478223123e-01,-4.353959479047e-01,7.565872614387e-01,-5.605364099272e-01,7.332673536434e-01,-6.490772102299e-01,6.867061807434e-01,-7.170334529670e-01,3.054880515856e-02
7.100613239720e-01,-4.355849500624e-01,7.562950817314e-01,-5.606861244297e-01,7.330850746704e-01,-6.491686859960e-01,6.866063706196e-01,-7.170806849392e-01,3.069802440971e-02
7.096740797092e-01,-4.357741936082e-01,7.560020737012e-01,-5.608361825599e-01,7.329020996617e-01,-6.492604743937e-01,6.865060714781e-01,-7.171281353396e-01,3.084797253994e-02
7.092860878622e-01,-4.359636783711e-01,7.557082348302e-01,-5.609865848315e-01,7.327184258940e-01,-6.493525763538e-01,6.864052809172e-01,-7.171758051151e-01,3.099865310953e-02
7.088973467658e-01,-4.361534041756e-01,7.554135625925e-01,-5.611373317564e-01,7.325340506329e-01,-6.494449928085e-01,6.863039965230e-01,-7.172236952163e-01,3.115006969619e-02
7.085078547516e-01,-4.363433708421e-01,7.551180544545e-01,-5.612884238447e-01,7.323489711331e-01,-6.495377246912e-01,6.862022158702e-01,-7.172718065969e-01,3.130222589507e-02
7.081176101478e-01,-4.365335781867e-01,7.548217078742e-01,-5.614398616045e-01,7.321631846384e-01,-6.496307729370e-01,6.860999365211e-01,-7.173201402142e-01,3.145512531890e-02
7.077266112792e-01,-4.367240260213e-01,7.545245203019e-01,-5.615916455422e-01,7.319766883814e-01,-6.497241384823e-01,6.859971560263e-01,-7.173686970291e-01,3.160877159804e-02
7.073348564673e-01,-4.369147141535e-01,7.542264891797e-01,-5.617437761622e-01,7.317894795834e-01,-6.498178222648e-01,6.858938719240e-01,-7.174174780058e-01,3.176316838060e-02
7.069423440302e-01,-4.371056423863e-01,7.539276119416e-01,-5.618962539670e-01,7.316015554549e-01,-6.499118252237e-01,6.857900817406e-01,-7.174664841120e-01,3.191831933250e-02
7.065490722827e-01,-4.372968105186e-01,7.536278860136e-01,-5.620490794569e-01,7.314129131949e-01,-6.500061482995e-01,6.856857829901e-01,-7.175157163191e-01,3.207422813757e-02
7.061550395363e-01,-4.374882183448e-01,7.533273088136e-01,-5.622022531304e-01,7.312235499912e-01,-6.501007924340e-01,6.855809731744e-01,-7.175651756016e-01,3.223089849764e-02
7.057602440990e-01,-4.376798656549e-01,7.530258777512e-01,-5.623557754839e-01,7.310334630203e-01,-6.501957585703e-01,6.854756497827e-01,-7.176148629379e-01,3.238833413261e-02
7.053646842758e-01,-4.378717522344e-01,7.527235902280e-01,-5.625096470117e-01,7.308426494475e-01,-6.502910476529e-01,6.853698102924e-01,-7.176647793097e-01,3.254653878055e-02
7.049683583679e-01,-4.380638778641e-01,7.524204436373e-01,-5.626638682061e-01,7.306511064265e-01,-6.503866606275e-01,6.852634521680e-01,-7.177149257021e-01,3.270551619780e-02
7.045712646736e-01,-4.382562423207e-01,7.521164353643e-01,-5.628184395571e-01,7.304588310995e-01,-6.504825984412e-01,6.851565728617e-01,-7.177653031039e-01,3.286527015905e-02
7.041734014875e-01,-4.384488453760e-01,7.518115627859e-01,-5.629733615526e-01,7.302658205975e-01,-6.505788620423e-01,6.850491698130e-01,-7.178159125075e-01,3.302580445741e-02
7.037747671012e-01,-4.386416867974e-01,7.515058232707e-01,-5.631286346783e-01,7.300720720396e-01,-6.506754523803e-01,6.849412404490e-01,-7.178667549084e-01,3.318712290453e-02
7.033753598027e-01,-4.388347663475e-01,7.511992141792e-01,-5.632842594178e-01,7.298775825337e-01,-6.507723704061e-01,6.848327821839e-01,-7.179178313061e-01,3.334922933068e-02
7.029751778769e-01,-4.390280837843e-01,7.508917328634e-01,-5.634402362521e-01,7.296823491758e-01,-6.508696170716e-01,6.847237924193e-01,-7.179691427034e-01,3.351212758485e-02
7.025742196052e-01,-4.392216388613e-01,7.505833766670e-01,-5.635965656602e-01,7.294863690502e-01,-6.509671933300e-01,6.846142685438e-01,-7.180206901066e-01,3.367582153479e-02
7.021724832658e-01,-4.394154313271e-01,7.502741429255e-01,-5.637532481188e-01,7.292896392297e-01,-6.510651001358e-01,6.845042079333e-01,-7.180724745255e-01,3.384031506719e-02
7.017699671335e-01,-4.396094609256e-01,7.499640289660e-01,-5.639102841019e-01,7.290921567751e-01,-6.511633384446e-01,6.843936079507e-01,-7.181244969737e-01,3.400561208771e-02
7.013666694798e-01,-4.398037273959e-01,7.496530321071e-01,-5.640676740815e-01,7.288939187355e-01,-6.512619092130e-01,6.842824659459e-01,-7.181767584681e-01,3.417171652106e-02
7.009625885729e-01,-4.399982304723e-01,7.493411496590e-01,-5.642254185268e-01,7.286949221481e-01,-6.513608133990e-01,6.841707792556e-01,-7.182292600291e-01,3.433863231116e-02
7.005577226778e-01,-4.401929698843e-01,7.490283789235e-01,-5.643835179049e-01,7.284951640382e-01,-6.514600519616e-01,6.840585452037e-01,-7.182820026809e-01,3.450636342118e-02
7.001520700560e-01,-4.403879453565e-01,7.487147171940e-01,-5.645419726802e-01,7.282946414191e-01,-6.515596258608e-01,6.839457611005e-01,-7.183349874511e-01,3.467491383363e-02
6.997456289659e-01,-4.405831566085e-01,7.484001617554e-01,-5.647007833145e-01,7.280933512922e-01,-6.516595360580e-01,6.838324242433e-01,-7.183882153709e-01,3.484428755051e-02
6.993383976624e-01,-4.407786033552e-01,7.480847098839e-01,-5.648599502672e-01,7.278912906465e-01,-6.517597835152e-01,6.837185319159e-01,-7.184416874749e-01,3.501448859333e-02
6.989303743973e-01,-4.409742853062e-01,7.477683588476e-01,-5.650194739950e-01,7.276884564594e-01,-6.518603691960e-01,6.836040813890e-01,-7.184954048015e-01,3.518552100328e-02
6.985215574190e-01,-4.411702021664e-01,7.474511059055e-01,-5.651793549519e-01,7.274848456958e-01,-6.519612940646e-01,6.834890699194e-01,-7.185493683926e-01,3.535738884125e-02
6.981119449725e-01,-4.413663536354e-01,7.471329483084e-01,-5.653395935894e-01,7.272804553084e-01,-6.520625590863e-01,6.833734947508e-01,-7.186035792935e-01,3.553009618801e-02
6.977015352998e-01,-4.415627394080e-01,7.468138832985e-01,-5.655001903562e-01,7.270752822377e-01,-6.521641652277e-01,6.832573531130e-01,-7.186580385534e-01,3.570364714422e-02
6.972903266395e-01,-4.417593591736e-01,7.464939081093e-01,-5.656611456982e-01,7.268693234120e-01,-6.522661134560e-01,6.831406422222e-01,-7.187127472246e-01,3.587804583060e-02
6.968783172267e-01,-4.419562126167e-01,7.461730199655e-01,-5.658224600586e-01,7.266625757471e-01,-6.523684047396e-01,6.830233592810e-01,-7.187677063634e-01,3.605329638798e-02
6.964655052937e-01,-4.421532994165e-01,7.458512160834e-01,-5.659841338777e-01,7.264550361465e-01,-6.524710400477e-01,6.829055014781e-01,-7.188229170296e-01,3.622940297743e-02
6.960518890690e-01,-4.423506192471e-01,7.455284936704e-01,-5.661461675930e-01,7.262467015011e-01,-6.525740203505e-01,6.827870659883e-01,-7.188783802864e-01,3.640636978035e-02
6.956374667783e-01,-4.425481717772e-01,7.452048499254e-01,-5.663085616392e-01,7.260375686894e-01,-6.526773466191e-01,6.826680499726e-01,-7.189340972007e-01,3.658420099854e-02
6.952222366438e-01,-4.427459566704e-01,7.448802820384e-01,-5.664713164478e-01,7.258276345773e-01,-6.527810198255e-01,6.825484505778e-01,-7.189900688430e-01,3.676290085434e-02
6.948061968844e-01,-4.429439735849e-01,7.445547871907e-01,-5.666344324476e-01,7.256168960182e-01,-6.528850409424e-01,6.824282649369e-01,-7.190462962874e-01,3.694247359073e-02
6.943893457160e-01,-4.431422221735e-01,7.442283625549e-01,-5.667979100642e-01,7.254053498527e-01,-6.529894109436e-01,6.823074901684e-01,-7.191027806114e-01,3.712292347137e-02
6.939716813510e-01,-4.433407020836e-01,7.439010052946e-01,-5.669617497203e-01,7.251929929088e-01,-6.530941308034e-01,6.821861233768e-01,-7.191595228964e-01,3.730425478080e-02
6.935532019987e-01,-4.435394129575e-01,7.435727125647e-01,-5.671259518354e-01,7.249798220017e-01,-6.531992014973e-01,6.820641616524e-01,-7.192165242271e-01,3.748647182444e-02
6.931339058652e-01,-4.437383544317e-01,7.432434815113e-01,-5.672905168260e-01,7.247658339337e-01,-6.533046240013e-01,6.819416020710e-01,-7.192737856920e-01,3.766957892879e-02
6.927137911533e-01,-4.439375261373e-01,7.429133092716e-01,-5.674554451053e-01,7.245510254944e-01,-6.534103992922e-01,6.818184416940e-01,-7.193313083831e-01,3.785358044144e-02
6.922928560625e-01,-4.441369277000e-01,7.425821929738e-01,-5.676207370834e-01,7.243353934604e-01,-6.535165283474e-01,6.816946775684e-01,-7.193890933959e-01,3.803848073123e-02
6.918710987894e-01,-4.443365587398e-01,7.422501297373e-01,-5.677863931670e-01,7.241189345954e-01,-6.536230121454e-01,6.815703067264e-01,-7.194471418297e-01,3.822428418836e-02
6.914485175270e-01,-4.445364188712e-01,7.419171166726e-01,-5.679524137598e-01,7.239016456499e-01,-6.537298516650e-01,6.814453261857e-01,-7.195054547872e-01,3.841099522444e-02
6.910251104654e-01,-4.447365077031e-01,7.415831508811e-01,-5.681187992619e-01,7.236835233616e-01,-6.538370478859e-01,6.813197329495e-01,-7.195640333749e-01,3.859861827266e-02
6.906008757914e-01,-4.449368248386e-01,7.412482294554e-01,-5.682855500701e-01,7.234645644549e-01,-6.539446017882e-01,6.811935240059e-01,-7.196228787026e-01,3.878715778784e-02
6.901758116884e-01,-4.451373698752e-01,7.409123494788e-01,-5.684526665778e-01,7.232447656410e-01,-6.540525143529e-01,6.810666963282e-01,-7.196819918841e-01,3.897661824657e-02
6.897499163371e-01,-4.453381424048e-01,7.405755080259e-01,-5.686201491751e-01,7.230241236180e-01,-6.541607865614e-01,6.809392468748e-01,-7.197413740363e-01,3.916700414733e-02
6.893231879145e-01,-4.455391420132e-01,7.402377021620e-01,-5.687879982484e-01,7.228026350707e-01,-6.542694193957e-01,6.808111725893e-01,-7.198010262802e-01,3.935832001052e-02
6.888956245948e-01,-4.457403682807e-01,7.398989289435e-01,-5.689562141807e-01,7.225802966706e-01,-6.543784138385e-01,6.806824703998e-01,-7.198609497399e-01,3.955057037868e-02
6.884672245490e-01,-4.459418207817e-01,7.395591854177e-01,-5.691247973513e-01,7.223571050756e-01,-6.544877708727e-01,6.805531372197e-01,-7.199211455435e-01,3.974375981649e-02
6.880379859446e-01,-4.461434990844e-01,7.392184686225e-01,-5.692937481359e-01,7.221330569304e-01,-6.545974914821e-01,6.804231699468e-01,-7.199816148226e-01,3.993789291095e-02
6.876079069465e-01,-4.463454027516e-01,7.388767755871e-01,-5.694630669067e-01,7.219081488661e-01,-6.547075766506e-01,6.802925654638e-01,-7.200423587121e-01,4.013297427147e-02
6.871769857160e-01,-4.465475313397e-01,7.385341033312e-01,-5.696327540320e-01,7.216823775003e-01,-6.548180273627e-01,6.801613206380e-01,-7.201033783508e-01,4.032900852996e-02
6.867452204115e-01,-4.467498843994e-01,7.381904488655e-01,-5.698028098764e-01,7.214557394369e-01,-6.549288446033e-01,6.800294323212e-01,-7.201646748811e-01,4.052600034097e-02
6.863126091882e-01,-4.469524614752e-01,7.378458091913e-01,-5.699732348008e-01,7.212282312664e-01,-6.550400293578e-01,6.798968973496e-01,-7.202262494488e-01,4.072395438177e-02
6.858791501982e-01,-4.471552621057e-01,7.375001813009e-01,-5.701440291621e-01,7.209998495653e-01,-6.551515826118e-01,6.797637125440e-01,-7.202881032033e-01,4.092287535250e-02
6.854448415905e-01,-4.473582858231e-01,7.371535621772e-01,-5.703151933134e-01,7.207705908966e-01,-6.552635053513e-01,6.796298747092e-01,-7.203502372978e-01,4.112276797622e-02
6.850096815110e-01,-4.475615321538e-01,7.368059487939e-01,-5.704867276039e-01,7.205404518091e-01,-6.553757985626e-01,6.794953806346e-01,-7.204126528887e-01,4.132363699911e-02
6.845736681025e-01,-4.477650006178e-01,7.364573381152e-01,-5.706586323788e-01,7.203094288382e-01,-6.554884632324e-01,6.793602270935e-01,-7.204753511365e-01,4.152548719049e-02
6.841367995047e-01,-4.479686907289e-01,7.361077270964e-01,-5.708309079791e-01,7.200775185051e-01,-6.556015003473e-01,6.792244108434e-01,-7.205383332047e-01,4.172832334300e-02
6.836990738542e-01,-4.481726019947e-01,7.357571126830e-01,-5.710035547421e-01,7.198447173169e-01,-6.557149108946e-01,6.790879286257e-01,-7.206016002608e-01,4.193215027268e-02
6.832604892847e-01,-4.483767339166e-01,7.354054918114e-01,-5.711765730007e-01,7.196110217671e-01,-6.558286958613e-01,6.789507771658e-01,-7.206651534757e-01,4.213697281910e-02
6.828210439266e-01,-4.485810859893e-01,7.350528614086e-01,-5.713499630836e-01,7.193764283347e-01,-6.559428562351e-01,6.788129531730e-01,-7.207289940238e-01,4.234279584547e-02
6.823807359075e-01,-4.487856577016e-01,7.346992183921e-01,-5.715237253155e-01,7.191409334847e-01,-6.560573930034e-01,6.786744533401e-01,-7.207931230833e-01,4.254962423874e-02
6.819395633517e-01,-4.489904485355e-01,7.343445596700e-01,-5.716978600166e-01,7.189045336680e-01,-6.561723071538e-01,6.785352743440e-01,-7.208575418356e-01,4.275746290977e-02
6.814975243806e-01,-4.491954579668e-01,7.339888821410e-01,-5.718723675030e-01,7.186672253209e-01,-6.562875996742e-01,6.783954128449e-01,-7.209222514660e-01,4.296631679336e-02
6.810546171127e-01,-4.494006854646e-01,7.336321826943e-01,-5.720472480864e-01,7.184290048659e-01,-6.564032715522e-01,6.782548654865e-01,-7.209872531632e-01,4.317619084843e-02
6.806108396634e-01,-4.496061304916e-01,7.332744582095e-01,-5.722225020740e-01,7.181898687106e-01,-6.565193237758e-01,6.781136288961e-01,-7.210525481194e-01,4.338709005815e-02
6.801661901449e-01,-4.498117925039e-01,7.329157055570e-01,-5.723981297685e-01,7.179498132486e-01,-6.566357573325e-01,6.779716996844e-01,-7.211181375304e-01,4.359901943000e-02
6.797206666668e-01,-4.500176709510e-01,7.325559215972e-01,-5.725741314683e-01,7.177088348588e-01,-6.567525732102e-01,6.778290744451e-01,-7.211840225955e-01,4.381198399592e-02
6.792742673353e-01,-4.502237652756e-01,7.321951031813e-01,-5.727505074672e-01,7.174669299055e-01,-6.568697723966e-01,6.776857497553e-01,-7.212502045176e-01,4.402598881245e-02
6.788269902541e-01,-4.504300749140e-01,7.318332471508e-01,-5.729272580541e-01,7.172240947386e-01,-6.569873558790e-01,6.775417221753e-01,-7.213166845031e-01,4.424103896081e-02
6.783788335234e-01,-4.506365992955e-01,7.314703503375e-01,-5.731043835136e-01,7.169803256931e-01,-6.571053246449e-01,6.773969882482e-01,-7.213834637619e-01,4.445713954705e-02
6.779297952409e-01,-4.508433378427e-01,7.311064095638e-01,-5.732818841253e-01,7.167356190896e-01,-6.572236796815e-01,6.772515445001e-01,-7.214505435073e-01,4.467429570216e-02
6.774798735012e-01,-4.510502899714e-01,7.307414216423e-01,-5.734597601644e-01,7.164899712336e-01,-6.573424219757e-01,6.771053874402e-01,-7.215179249564e-01,4.489251258219e-02
6.770290663959e-01,-4.512574550905e-01,7.303753833759e-01,-5.736380119010e-01,7.162433784160e-01,-6.574615525143e-01,6.769585135601e-01,-7.215856093295e-01,4.511179536837e-02
6.765773720139e-01,-4.514648326021e-01,7.300082915579e-01,-5.738166396003e-01,7.159958369128e-01,-6.575810722836e-01,6.768109193343e-01,-7.216535978505e-01,4.533214926724e-02
6.761247884410e-01,-4.516724219012e-01,7.296401429718e-01,-5.739956435227e-01,7.157473429848e-01,-6.577009822699e-01,6.766626012200e-01,-7.217218917469e-01,4.555357951080e-02
6.756713137601e-01,-4.518802223760e-01,7.292709343915e-01,-5.741750239237e-01,7.154978928781e-01,-6.578212834588e-01,6.765135556567e-01,-7.217904922495e-01,4.577609135656e-02
6.752169460515e-01,-4.520882334075e-01,7.289006625810e-01,-5.743547810536e-01,7.152474828236e-01,-6.579419768356e-01,6.763637790664e-01,-7.218594005928e-01,4.599969008775e-02
6.747616833922e-01,-4.522964543697e-01,7.285293242947e-01,-5.745349151578e-01,7.149961090371e-01,-6.580630633855e-01,6.762132678536e-01,-7.219286180145e-01,4.622438101337e-02
6.743055238567e-01,-4.525048846296e-01,7.281569162771e-01,-5.747154264763e-01,7.147437677192e-01,-6.581845440927e-01,6.760620184049e-01,-7.219981457559e-01,4.645016946840e-02
6.738484655166e-01,-4.527135235469e-01,7.277834352627e-01,-5.748963152441e-01,7.144904550553e-01,-6.583064199413e-01,6.759100270890e-01,-7.220679850617e-01,4.667706081383e-02
6.733905064406e-01,-4.529223704741e-01,7.274088779766e-01,-5.750775816910e-01,7.142361672154e-01,-6.584286919147e-01,6.757572902569e-01,-7.221381371802e-01,4.690506043686e-02
6.729316446945e-01,-4.531314247566e-01,7.270332411336e-01,-5.752592260414e-01,7.139809003544e-01,-6.585513609957e-01,6.756038042415e-01,-7.222086033629e-01,4.713417375102e-02
6.724718783416e-01,-4.533406857323e-01,7.266565214389e-01,-5.754412485143e-01,7.137246506113e-01,-6.586744281665e-01,6.754495653575e-01,-7.222793848649e-01,4.736440619625e-02
6.720112054420e-01,-4.535501527320e-01,7.262787155877e-01,-5.756236493233e-01,7.134674141102e-01,-6.587978944088e-01,6.752945699016e-01,-7.223504829446e-01,4.759576323909e-02
6.715496240534e-01,-4.537598250791e-01,7.258998202654e-01,-5.758064286768e-01,7.132091869593e-01,-6.589217607034e-01,6.751388141522e-01,-7.224218988638e-01,4.782825037275e-02
6.710871322305e-01,-4.539697020894e-01,7.255198321473e-01,-5.759895867771e-01,7.129499652511e-01,-6.590460280304e-01,6.749822943691e-01,-7.224936338878e-01,4.806187311732e-02
6.706237280254e-01,-4.541797830714e-01,7.251387478987e-01,-5.761731238215e-01,7.126897450629e-01,-6.591706973692e-01,6.748250067940e-01,-7.225656892853e-01,4.829663701980e-02
6.701594094874e-01,-4.543900673262e-01,7.247565641751e-01,-5.763570400013e-01,7.124285224558e-01,-6.592957696983e-01,6.746669476499e-01,-7.226380663282e-01,4.853254765433e-02
6.696941746631e-01,-4.546005541471e-01,7.243732776220e-01,-5.765413355022e-01,7.121662934754e-01,-6.594212459954e-01,6.745081131410e-01,-7.227107662919e-01,4.876961062225e-02
6.692280215964e-01,-4.548112428200e-01,7.239888848747e-01,-5.767260105042e-01,7.119030541513e-01,-6.595471272373e-01,6.743484994530e-01,-7.227837904551e-01,4.900783155227e-02
6.687609483285e-01,-4.550221326231e-01,7.236033825586e-01,-5.769110651812e-01,7.116388004974e-01,-6.596734143998e-01,6.741881027528e-01,-7.228571400998e-01,4.924721610059e-02
6.682929528979e-01,-4.552332228270e-01,7.232167672890e-01,-5.770964997016e-01,7.113735285114e-01,-6.598001084578e-01,6.740269191882e-01,-7.229308165114e-01,4.948776995104e-02
6.678240333406e-01,-4.554445126944e-01,7.228290356711e-01,-5.772823142277e-01,7.111072341751e-01,-6.599272103852e-01,6.738649448882e-01,-7.230048209787e-01,4.972949881522e-02
6.673541876897e-01,-4.556560014805e-01,7.224401843001e-01,-5.774685089156e-01,7.108399134542e-01,-6.600547211546e-01,6.737021759625e-01,-7.230791547936e-01,4.997240843262e-02
6.668834117898e-01,-4.558676942001e-01,7.220502084830e-01,-5.776550864343e-01,7.105715610469e-01,-6.601826447372e-01,6.735386084288e-01,-7.231538195231e-01,5.021650457077e-02
6.664117108687e-01,-4.560795711045e-01,7.216591088235e-01,-5.778420390201e-01,7.103021767983e-01,-6.603109728506e-01,6.733742389212e-01,-7.232288156026e-01,5.046179302537e-02
6.659390754157e-01,-4.562916516627e-01,7.212668785991e-01,-5.780293723226e-01,7.100317531780e-01,-6.604397146291e-01,6.732090623831e-01,-7.233041453333e-01,5.070827962043e-02
6.654655049188e-01,-4.565039305578e-01,7.208735120275e-01,-5.782170938419e-01,7.097602852223e-01,-6.605688726238e-01,6.730430756430e-01,-7.233798096116e-01,5.095597020842e-02
6.649909986409e-01,-4.567164034351e-01,7.204790115899e-01,-5.784051894451e-01,7.094877731251e-01,-6.606984391488e-01,6.728762742584e-01,-7.234558098395e-01,5.120487067037e-02
6.645155548492e-01,-4.569290697534e-01,7.200833686483e-01,-5.785936699331e-01,7.092142062282e-01,-6.608284271320e-01,6.727086549260e-01,-7.235321468936e-01,5.145498691606e-02
6.640391715049e-01,-4.571419293824e-01,7.196865836689e-01,-5.787825277910e-01,7.089395877313e-01,-6.609588247912e-01,6.725402131147e-01,-7.236088226334e-01,5.170632488412e-02
6.635618442242e-01,-4.573549859611e-01,7.192886484998e-01,-5.789717731378e-01,7.086639062646e-01,-6.610896466388e-01,6.723709446271e-01,-7.236858384212e-01,5.195889054221e-02
6.630835761479e-01,-4.575682269423e-01,7.188895658420e-01,-5.791613925623e-01,7.083871653535e-01,-6.612208767692e-01,6.722008461680e-01,-7.237631942023e-01,5.221268988713e-02
6.626043626487e-01,-4.577816576013e-01,7.184893282834e-01,-5.793513935873e-01,7.081093562288e-01,-6.613525278399e-01,6.720299127755e-01,-7.238408933963e-01,5.246772894495e-02
6.621241994902e-01,-4.579952832201e-01,7.180879320532e-01,-5.795417780542e-01,7.078304757863e-01,-6.614845967328e-01,6.718581408519e-01,-7.239189359357e-01,5.272401377121e-02
6.616430859247e-01,-4.582090987268e-01,7.176853734515e-01,-5.797325471776e-01,7.075505165650e-01,-6.616170913982e-01,6.716855256212e-01,-7.239973242734e-01,5.298155045101e-02
6.611610207162e-01,-4.584231027138e-01,7.172816522504e-01,-5.799236921589e-01,7.072694778787e-01,-6.617500058126e-01,6.715120638691e-01,-7.240760586619e-01,5.324034509918e-02
6.606780015580e-01,-4.586372943011e-01,7.168767599097e-01,-5.801152244752e-01,7.069873548633e-01,-6.618833422055e-01,6.713377502587e-01,-7.241551412168e-01,5.350040386041e-02
6.601940257017e-01,-4.588516742317e-01,7.164706957822e-01,-5.803071383058e-01,7.067041432564e-01,-6.620171016329e-01,6.711625818127e-01,-7.242345723905e-01,5.376173290941e-02
6.597090949730e-01,-4.590662335376e-01,7.160634579390e-01,-5.804994294009e-01,7.064198395037e-01,-6.621512823253e-01,6.709865542615e-01,-7.243143538005e-01,5.402433845104e-02
6.592231993094e-01,-4.592809899135e-01,7.156550377041e-01,-5.806921100250e-01,7.061344342908e-01,-6.622858971635e-01,6.708096625679e-01,-7.243944872525e-01,5.428822672051e-02
6.587363472758e-01,-4.594959156704e-01,7.152454410290e-01,-5.808851579498e-01,7.058479328280e-01,-6.624209259189e-01,6.706319023219e-01,-7.244749745702e-01,5.455340398342e-02
6.582485285139e-01,-4.597110323742e-01,7.148346520284e-01,-5.810786008166e-01,7.055603215753e-01,-6.625563895421e-01,6.704532710798e-01,-7.245558151320e-01,5.481987653604e-02
6.577597447892e-01,-4.599263290766e-01,7.144226762084e-01,-5.812724187386e-01,7.052716012027e-01,-6.626922781375e-01,6.702737620387e-01,-7.246370124960e-01,5.508765070534e-02
6.572699910958e-01,-4.601418126962e-01,7.140095034968e-01,-5.814666258951e-01,7.049817646451e-01,-6.628285983387e-01,6.700933723428e-01,-7.247185668400e-01,5.535673284925e-02
6.567792691616e-01,-4.603574712908e-01,7.135951364550e-01,-5.816612084690e-01,7.046908097010e-01,-6.629653468913e-01,6.699120978731e-01,-7.248004792159e-01,5.562712935670e-02
6.562875737067e-01,-4.605733130268e-01,7.131795669487e-01,-5.818561764115e-01,7.043987295310e-01,-6.631025284602e-01,6.697299331111e-01,-7.248827524309e-01,5.589884664787e-02
6.557949055697e-01,-4.607893317560e-01,7.127627930156e-01,-5.820515260549e-01,7.041055237638e-01,-6.632401366575e-01,6.695468749359e-01,-7.249653865510e-01,5.617189117427e-02
6.553012601512e-01,-4.610055301541e-01,7.123448105235e-01,-5.822472587079e-01,7.038111823555e-01,-6.633781838311e-01,6.693629180852e-01,-7.250483833535e-01,5.644626941895e-02
6.548066396902e-01,-4.612218964346e-01,7.119256192844e-01,-5.824433658434e-01,7.035157073001e-01,-6.635166573293e-01,6.691780586736e-01,-7.251317439322e-01,5.672198789662e-02
6.543110366259e-01,-4.614384453202e-01,7.115052096758e-01,-5.826398613641e-01,7.032190875869e-01,-6.636555712952e-01,6.689922925714e-01,-7.252154699174e-01,5.699905315379e-02
6.538144519370e-01,-4.616551674281e-01,7.110835825159e-01,-5.828367352405e-01,7.029213240121e-01,-6.637949168718e-01,6.688056137401e-01,-7.252995630334e-01,5.727747176897e-02
6.533168816088e-01,-4.618720676244e-01,7.106607290384e-01,-5.830339973340e-01,7.026224073829e-01,-6.639347025883e-01,6.686180191254e-01,-7.253840242668e-01,5.755725035280e-02
6.528183257728e-01,-4.620891378678e-01,7.102366510639e-01,-5.832316376857e-01,7.023223366354e-01,-6.640749244817e-01,6.684295034881e-01,-7.254688551370e-01,5.783839554820e-02
6.523187815189e-01,-4.623063801144e-01,7.098113425653e-01,-5.834296582808e-01,7.020211066452e-01,-6.642155830593e-01,6.682400629244e-01,-7.255540573057e-01,5.812091403056e-02
6.518182466678e-01,-4.625237944508e-01,7.093847975751e-01,-5.836280661002e-01,7.017187100399e-01,-6.643566852148e-01,6.680496929735e-01,-7.256396309615e-01,5.840481250785e-02
6.513167225996e-01,-4.627413709910e-01,7.089570203616e-01,-5.838268435156e-01,7.014151479609e-01,-6.644982204221e-01,6.678583884208e-01,-7.257255787314e-01,5.869009772083e-02
6.508142021911e-01,-4.629591196580e-01,7.085279972472e-01,-5.840260111617e-01,7.011104116312e-01,-6.646401980132e-01,6.676661444942e-01,-7.258119020317e-01,5.897677644316e-02
6.503106850875e-01,-4.631770380927e-01,7.080977304186e-01,-5.842255570334e-01,7.008044967337e-01,-6.647826184662e-01,6.674729573242e-01,-7.258986013548e-01,5.926485548161e-02
6.498061692665e-01,-4.633951231701e-01,7.076662128938e-01,-5.844254873817e-01,7.004973971267e-01,-6.649254850483e-01,6.672788220666e-01,-7.259856786600e-01,5.955434167619e-02
6.493006522822e-01,-4.636133746334e-01,7.072334429770e-01,-5.846257968872e-01,7.001891119671e-01,-6.650687906816e-01,6.670837336858e-01,-7.260731354639e-01,5.984524190032e-02
6.487941333371e-01,-4.638317888928e-01,7.067994161197e-01,-5.848264882282e-01,6.998796329423e-01,-6.652125450267e-01,6.668876878927e-01,-7.261609728160e-01,6.013756306099e-02
6.482866080294e-01,-4.640503703765e-01,7.063641274861e-01,-5.850275624911e-01,6.995689575738e-01,-6.653567434186e-01,6.666906796387e-01,-7.262491925496e-01,6.043131209894e-02
6.477780791688e-01,-4.642691071524e-01,7.059275769439e-01,-5.852290126923e-01,6.992570808870e-01,-6.655013868108e-01,6.664927044726e-01,-7.263377957801e-01,6.072649598880e-02
6.472685415940e-01,-4.644880044049e-01,7.054897580862e-01,-5.854308428053e-01,6.989439997819e-01,-6.656464737811e-01,6.662937575270e-01,-7.264267836333e-01,6.102312173927e-02
6.467579912835e-01,-4.647070659469e-01,7.050506659368e-01,-5.856330564583e-01,6.986297042067e-01,-6.657920151758e-01,6.660938338375e-01,-7.265161584179e-01,6.132119639330e-02
6.462464283949e-01,-4.649262865703e-01,7.046102980566e-01,-5.858356495466e-01,6.983141938258e-01,-6.659380032478e-01,6.658929289461e-01,-7.266059204050e-01,6.162072702822e-02
6.457338507523e-01,-4.651456641723e-01,7.041686497382e-01,-5.860386244784e-01,6.979974620988e-01,-6.660844422868e-01,6.656910379668e-01,-7.266960720051e-01,6.192172075595e-02
6.452202559836e-01,-4.653651979174e-01,7.037257177724e-01,-5.862419784428e-01,6.976795059457e-01,-6.662313295186e-01,6.654881558320e-01,-7.267866139207e-01,6.222418472313e-02
6.447056410609e-01,-4.655848902358e-01,7.032814981885e-01,-5.864457123136e-01,6.973603189111e-01,-6.663786698914e-01,6.652842776714e-01,-7.268775482971e-01,6.252812611133e-02
6.441900063958e-01,-4.658047328172e-01,7.028359873656e-01,-5.866498253653e-01,6.970398957363e-01,-6.665264631155e-01,6.650793987509e-01,-7.269688757456e-01,6.283355213717e-02
6.436733484859e-01,-4.660247293777e-01,7.023891817878e-01,-5.868543158769e-01,6.967182341695e-01,-6.666747069130e-01,6.648735144360e-01,-7.270605979289e-01,6.314047005256e-02
6.431556654340e-01,-4.662448771210e-01,7.019410758030e-01,-5.870591873638e-01,6.963953257902e-01,-6.668234078136e-01,6.646666187974e-01,-7.271527171261e-01,6.344888714480e-02
6.426369541183e-01,-4.664651775087e-01,7.014916677250e-01,-5.872644364808e-01,6.960711681965e-01,-6.669725623289e-01,6.644587075677e-01,-7.272452339444e-01,6.375881073679e-02
6.421172143458e-01,-4.666856249804e-01,7.010409515884e-01,-5.874700651813e-01,6.957457553336e-01,-6.671221734310e-01,6.642497760629e-01,-7.273381495079e-01,6.407024818722e-02
6.415964411225e-01,-4.669062256903e-01,7.005889238116e-01,-5.876760731807e-01,6.954190831453e-01,-6.672722395213e-01,6.640398183152e-01,-7.274314661043e-01,6.438320689070e-02
6.410746358869e-01,-4.671269689496e-01,7.001355823202e-01,-5.878824565634e-01,6.950911446024e-01,-6.674227664342e-01,6.638288300936e-01,-7.275251847980e-01,6.469769427797e-02
6.405517937453e-01,-4.673478619681e-01,6.996809196865e-01,-5.880892219287e-01,6.947619374302e-01,-6.675737488228e-01,6.636168060810e-01,-7.276193067695e-01,6.501371781608e-02
6.400279146133e-01,-4.675688976136e-01,6.992249351717e-01,-5.882963628347e-01,6.944314536682e-01,-6.677251939696e-01,6.634037410867e-01,-7.277138337136e-01,6.533128500853e-02
6.395029944600e-01,-4.677900785113e-01,6.987676229907e-01,-5.885038808966e-01,6.940996902637e-01,-6.678770979817e-01,6.631896298548e-01,-7.278087673109e-01,6.565040339548e-02
6.389770351415e-01,-4.680113959670e-01,6.983089809998e-01,-5.887117746526e-01,6.937666431228e-01,-6.680294610777e-01,6.629744678380e-01,-7.279041084722e-01,6.597108055392e-02
6.384500320153e-01,-4.682328529590e-01,6.978490048065e-01,-5.889200414944e-01,6.934323075660e-01,-6.681822817486e-01,6.627582494481e-01,-7.279998589699e-01,6.629332409787e-02
6.379219811159e-01,-4.684544540636e-01,6.973876874946e-01,-5.891286900296e-01,6.930966743477e-01,-6.683355698206e-01,6.625409691855e-01,-7.280960202623e-01,6.661714167851e-02
6.373928818692e-01,-4.686761929018e-01,6.969250273269e-01,-5.893377130412e-01,6.927597413179e-01,-6.684893206763e-01,6.623226222450e-01,-7.281925938552e-01,6.694254098441e-02
6.368627315042e-01,-4.688980713540e-01,6.964610190532e-01,-5.895471138383e-01,6.924215023520e-01,-6.686435359029e-01,6.621032029804e-01,-7.282895812992e-01,6.726952974171e-02
6.363315303057e-01,-4.691200817635e-01,6.959956610382e-01,-5.897568872083e-01,6.920819529111e-01,-6.687982161769e-01,6.618827066595e-01,-7.283869833674e-01,6.759811571425e-02
6.357992724537e-01,-4.693422308668e-01,6.955289457222e-01,-5.899670383330e-01,6.917410873423e-01,-6.689533624413e-01,6.616611277500e-01,-7.284848023728e-01,6.792830670383e-02
6.352659602198e-01,-4.695645078151e-01,6.950608726454e-01,-5.901775610282e-01,6.913989015449e-01,-6.691089741647e-01,6.614384606886e-01,-7.285830396584e-01,6.826011055035e-02
6.347315885605e-01,-4.697869190145e-01,6.945914353414e-01,-5.903884595354e-01,6.910553901148e-01,-6.692650512167e-01,6.612147004927e-01,-7.286816958402e-01,6.859353513198e-02
6.341961577932e-01,-4.700094561542e-01,6.941206317295e-01,-5.905997283539e-01,6.907105458584e-01,-6.694215992740e-01,6.609898417386e-01,-7.287807729675e-01,6.892858836542e-02
6.336596624291e-01,-4.702321258400e-01,6.936484550518e-01,-5.908113726836e-01,6.903643663368e-01,-6.695786131149e-01,6.607638784779e-01,-7.288802727477e-01,6.926527820599e-02
6.331221022438e-01,-4.704549225624e-01,6.931749032673e-01,-5.910233892585e-01,6.900168433646e-01,-6.697360998768e-01,6.605368058446e-01,-7.289801965113e-01,6.960361264790e-02
6.325834752502e-01,-4.706778459612e-01,6.926999703502e-01,-5.912357801346e-01,6.896679736146e-01,-6.698940557282e-01,6.603086183236e-01,-7.290805454985e-01,6.994359972440e-02
6.320437791481e-01,-4.709008929402e-01,6.922236535174e-01,-5.914485427089e-01,6.893177504157e-01,-6.700524837810e-01,6.600793102575e-01,-7.291813211670e-01,7.028524750798e-02
6.315030107049e-01,-4.711240664024e-01,6.917459473974e-01,-5.916616783038e-01,6.889661704536e-01,-6.702113812411e-01,6.598488763716e-01,-7.292825250876e-01,7.062856411056e-02
6.309611721449e-01,-4.713473536101e-01,6.912668513671e-01,-5.918751793676e-01,6.886132277246e-01,-6.703707506747e-01,6.596173105941e-01,-7.293841590788e-01,7.097355768368e-02
6.304182552471e-01,-4.715707685851e-01,6.907863561975e-01,-5.920890565430e-01,6.882589145065e-01,-6.705305964864e-01,6.593846081430e-01,-7.294862239766e-01,7.132023641870e-02
6.298742628344e-01,-4.717942967715e-01,6.903044619632e-01,-5.923032995695e-01,6.879032286546e-01,-6.706909130848e-01,6.591507625900e-01,-7.295887218428e-01,7.166860854700e-02
6.293291891987e-01,-4.720179468171e-01,6.898211611278e-01,-5.925179153982e-01,6.875461629531e-01,-6.708517056611e-01,6.589157685770e-01,-7.296916537445e-01,7.201868234015e-02
6.287830337233e-01,-4.722417127227e-01,6.893364514154e-01,-5.927328993618e-01,6.871877115985e-01,-6.710129747204e-01,6.586796208393e-01,-7.297950212829e-01,7.237046611014e-02
6.282357948226e-01,-4.724655927661e-01,6.888503275180e-01,-5.929482532467e-01,6.868278689465e-01,-6.711747210045e-01,6.584423133862e-01,-7.298988259904e-01,7.272396820955e-02
6.276874701430e-01,-4.726895852329e-01,6.883627865043e-01,-5.931639736841e-01,6.864666327443e-01,-6.713369402958e-01,6.582038405457e-01,-7.300030691888e-01,7.307919703177e-02
6.271380570284e-01,-4.729136895951e-01,6.878738223017e-01,-5.933800637768e-01,6.861039917607e-01,-6.714996435080e-01,6.579641973214e-01,-7.301077519886e-01,7.343616101118e-02
6.265875544957e-01,-4.731379016725e-01,6.873834341953e-01,-5.935965158123e-01,6.857399469676e-01,-6.716628181852e-01,6.577233763070e-01,-7.302128770207e-01,7.379486862335e-02
6.260359611185e-01,-4.733622199793e-01,6.868916149975e-01,-5.938133353351e-01,6.853744886917e-01,-6.718264732686e-01,6.574813729058e-01,-7.303184447404e-01,7.415532838528e-02
6.254832712666e-01,-4.735866494971e-01,6.863983598122e-01,-5.940305222344e-01,6.850076123879e-01,-6.719906080716e-01,6.572381811992e-01,-7.304244569623e-01,7.451754885553e-02
6.249294845180e-01,-4.738111848812e-01,6.859036652006e-01,-5.942480755797e-01,6.846393108003e-01,-6.721552263463e-01,6.569937949708e-01,-7.305309152656e-01,7.488153863450e-02
6.243746008376e-01,-4.740358208476e-01,6.854075274691e-01,-5.944659919408e-01,6.842695817711e-01,-6.723203213759e-01,6.567482086009e-01,-7.306378210353e-01,7.524730636459e-02
6.238186139748e-01,-4.742605645179e-01,6.849099403642e-01,-5.946842759083e-01,6.838984146634e-01,-6.724859046882e-01,6.565014161251e-01,-7.307451755448e-01,7.561486073041e-02
6.232615267946e-01,-4.744854023593e-01,6.844109040023e-01,-5.949029168236e-01,6.835258100900e-01,-6.726519632411e-01,6.562534116780e-01,-7.308529804725e-01,7.598421045899e-02
6.227033346253e-01,-4.747103401474e-01,6.839104097085e-01,-5.951219236893e-01,6.831517579417e-01,-6.728185077468e-01,6.560041891188e-01,-7.309612374186e-01,7.635536431999e-02
6.221440352584e-01,-4.749353753470e-01,6.834084554294e-01,-5.953412900693e-01,6.827762545303e-01,-6.729855335194e-01,6.557537425563e-01,-7.310699477629e-01,7.672833112592e-02
6.215836271423e-01,-4.751605056545e-01,6.829050349884e-01,-5.955610202142e-01,6.823992922175e-01,-6.731530457242e-01,6.555020658672e-01,-7.311791129317e-01,7.710311973231e-02
6.210221066169e-01,-4.753857326576e-01,6.824001453876e-01,-5.957811099624e-01,6.820208666965e-01,-6.733210426400e-01,6.552491531595e-01,-7.312887344751e-01,7.747973903797e-02
6.204594734478e-01,-4.756110498860e-01,6.818937821213e-01,-5.960015588968e-01,6.816409722080e-01,-6.734895230257e-01,6.549949984165e-01,-7.313988135831e-01,7.785819798517e-02
6.198957258440e-01,-4.758364561881e-01,6.813859401943e-01,-5.962223679038e-01,6.812596015295e-01,-6.736584922541e-01,6.547395953220e-01,-7.315093521579e-01,7.823850555984e-02
6.193308587298e-01,-4.760619560818e-01,6.808766150231e-01,-5.964435356068e-01,6.808767502214e-01,-6.738279468060e-01,6.544829378390e-01,-7.316203515759e-01,7.862067079183e-02
6.187648728102e-01,-4.762875407532e-01,6.803658024970e-01,-5.966650614312e-01,6.804924120025e-01,-6.739978895607e-01,6.542250196984e-01,-7.317318131483e-01,7.900470275509e-02
6.181977642324e-01,-4.765132131622e-01,6.798534991689e-01,-5.968869426045e-01,6.801065816489e-01,-6.741683185954e-01,6.539658345171e-01,-7.318437387443e-01,7.939061056788e-02
6.176295335980e-01,-4.767389656201e-01,6.793397000349e-01,-5.971091793196e-01,6.797192521007e-01,-6.743392372002e-01,6.537053766533e-01,-7.319561292759e-01,7.977840339302e-02
6.170601764260e-01,-4.769648008453e-01,6.788243996096e-01,-5.973317726094e-01,6.793304188698e-01,-6.745106431444e-01,6.534436396449e-01,-7.320689862771e-01,8.016809043807e-02
6.164896919148e-01,-4.771907160251e-01,6.783075951288e-01,-5.975547189702e-01,6.789400741934e-01,-6.746825400444e-01,6.531806166977e-01,-7.321823119079e-01,8.055968095557e-02
6.159180761251e-01,-4.774167112040e-01,6.777892806430e-01,-5.977780203290e-01,6.785482139038e-01,-6.748549264653e-01,6.529163022586e-01,-7.322961068499e-01,8.095318424326e-02
6.153453279163e-01,-4.776427838050e-01,6.772694523228e-01,-5.980016737116e-01,6.781548302707e-01,-6.750278042049e-01,6.526506889293e-01,-7.324103732802e-01,8.134860964429e-02
6.147714457302e-01,-4.778689301947e-01,6.767481054250e-01,-5.982256794314e-01,6.777599195342e-01,-6.752011714869e-01,6.523837715726e-01,-7.325251116822e-01,8.174596654745e-02
6.141964272533e-01,-4.780951500443e-01,6.762252350934e-01,-5.984500371159e-01,6.773634733758e-01,-6.753750320186e-01,6.521155429626e-01,-7.326403244887e-01,8.214526438738e-02
6.136202694871e-01,-4.783214429393e-01,6.757008375464e-01,-5.986747450223e-01,6.769654863595e-01,-6.755493853933e-01,6.518459964188e-01,-7.327560134152e-01,8.254651264484e-02
6.130429716408e-01,-4.785478031778e-01,6.751749091230e-01,-5.988997994602e-01,6.765659536181e-01,-6.757242296089e-01,6.515751262643e-01,-7.328721788104e-01,8.294972084685e-02
6.124645317375e-01,-4.787742300818e-01,6.746474441405e-01,-5.991252026407e-01,6.761648696091e-01,-6.758995646028e-01,6.513029255262e-01,-7.329888228619e-01,8.335489856701e-02
6.118849473144e-01,-4.790007224024e-01,6.741184376480e-01,-5.993509543917e-01,6.757622253871e-01,-6.760753962108e-01,6.510293876660e-01,-7.331059468380e-01,8.376205542565e-02
6.113042152267e-01,-4.792272800754e-01,6.735878855235e-01,-5.995770524484e-01,6.753580163663e-01,-6.762517213803e-01,6.507545064278e-01,-7.332235522406e-01,8.417120109011e-02
6.107223336122e-01,-4.794539006742e-01,6.730557830265e-01,-5.998034961347e-01,6.749522366978e-01,-6.764285404726e-01,6.504782747134e-01,-7.333416406309e-01,8.458234527495e-02
6.101393008097e-01,-4.796805813278e-01,6.725221253906e-01,-6.000302855462e-01,6.745448781834e-01,-6.766058572882e-01,6.502006861334e-01,-7.334602133052e-01,8.499549774218e-02
6.095551140678e-01,-4.799073211963e-01,6.719869093073e-01,-6.002574160874e-01,6.741359374253e-01,-6.767836672182e-01,6.499217341427e-01,-7.335792717691e-01,8.541066830149e-02
6.089697717694e-01,-4.801341186418e-01,6.714501273095e-01,-6.004848935199e-01,6.737254057584e-01,-6.769619760492e-01,6.496414116884e-01,-7.336988180321e-01,8.582786681050e-02
6.083832750179e-01,-4.803609633048e-01,6.709117800242e-01,-6.007127050087e-01,6.733132814723e-01,-6.771407735630e-01,6.493597122912e-01,-7.338188525089e-01,8.624710317495e-02
6.077956171260e-01,-4.805878647392e-01,6.703718578476e-01,-6.009408613193e-01,6.728995518899e-01,-6.773200742398e-01,6.490766289914e-01,-7.339393777394e-01,8.666838734899e-02
6.072067971818e-01,-4.808148170558e-01,6.698303573264e-01,-6.011693575166e-01,6.724842152760e-01,-6.774998691318e-01,6.487921551791e-01,-7.340603945616e-01,8.709172933541e-02
6.066168132711e-01,-4.810418187396e-01,6.692872748710e-01,-6.013981912464e-01,6.720672620047e-01,-6.776801646871e-01,6.485062836951e-01,-7.341819046857e-01,8.751713918581e-02
6.060256647588e-01,-4.812688639874e-01,6.687426056741e-01,-6.016273609459e-01,6.716486890958e-01,-6.778609548911e-01,6.482190082700e-01,-7.343039091940e-01,8.794462700093e-02
6.054333454039e-01,-4.814959603741e-01,6.681963426229e-01,-6.018568711607e-01,6.712284860979e-01,-6.780422484395e-01,6.479303218655e-01,-7.344264095004e-01,8.837420293084e-02
6.048398574679e-01,-4.817230956009e-01,6.676484849675e-01,-6.020867124676e-01,6.708066514401e-01,-6.782240354016e-01,6.476402167335e-01,-7.345494078932e-01,8.880587717517e-02
6.042451995500e-01,-4.819502667996e-01,6.670990267251e-01,-6.023168864060e-01,6.703831763737e-01,-6.784063213953e-01,6.473486865521e-01,-7.346729052242e-01,8.923965998339e-02
6.036493666973e-01,-4.821774782221e-01,6.665479621577e-01,-6.025473935620e-01,6.699580539499e-01,-6.785891073641e-01,6.470557250470e-01,-7.347969023188e-01,8.967556165504e-02
6.030523569347e-01,-4.824047275264e-01,6.659952860031e-01,-6.027782338184e-01,6.695312780066e-01,-6.787723929634e-01,6.467613235014e-01,-7.349214020229e-01,9.011359253994e-02
6.024541682911e-01,-4.826320111339e-01,6.654409946396e-01,-6.030094048990e-01,6.691028411920e-01,-6.789561806417e-01,6.464654757612e-01,-7.350464051098e-01,9.055376303850e-02
6.018547993900e-01,-4.828593285270e-01,6.648850834448e-01,-6.032409041679e-01,6.686727387793e-01,-6.791404667852e-01,6.461681746620e-01,-7.351719129061e-01,9.099608360190e-02
6.012542487702e-01,-4.830866729863e-01,6.643275476149e-01,-6.034727308778e-01,6.682409628728e-01,-6.793252540936e-01,6.458694134743e-01,-7.352979266674e-01,9.144056473241e-02
6.006525121667e-01,-4.833140487237e-01,6.637683814640e-01,-6.037048857599e-01,6.678075085955e-01,-6.795105400146e-01,6.455691844186e-01,-7.354244479469e-01,9.188721698355e-02
6.000495904691e-01,-4.835414467314e-01,6.632075827064e-01,-6.039373628255e-01,6.673723659700e-01,-6.796963308751e-01,6.452674803957e-01,-7.355514784124e-01,9.233605096043e-02
5.994454794279e-01,-4.837688694517e-01,6.626451437082e-01,-6.041701653477e-01,6.669355320547e-01,-6.798826201581e-01,6.449642943236e-01,-7.356790196086e-01,9.278707731995e-02
5.988401778162e-01,-4.839963135687e-01,6.620810608164e-01,-6.044032908796e-01,6.664969982353e-01,-6.800694116223e-01,6.446596188533e-01,-7.358070724008e-01,9.324030677105e-02
5.982336833260e-01,-4.842237765402e-01,6.615153292906e-01,-6.046367373752e-01,6.660567585453e-01,-6.802567043434e-01,6.443534463516e-01,-7.359356388249e-01,9.369575007500e-02
5.976259933380e-01,-4.844512583738e-01,6.609479445544e-01,-6.048705040803e-01,6.656148053516e-01,-6.804445000489e-01,6.440457697855e-01,-7.360647201361e-01,9.415341804562e-02
5.970171065915e-01,-4.846787537501e-01,6.603789011071e-01,-6.051045896278e-01,6.651711333505e-01,-6.806327966563e-01,6.437365817742e-01,-7.361943177360e-01,9.461332154956e-02
5.964070207597e-01,-4.849062623352e-01,6.598081945206e-01,-6.053389925008e-01,6.647257345045e-01,-6.808215963332e-01,6.434258749126e-01,-7.363244323567e-01,9.507547150655e-02
5.957957319673e-01,-4.851337855854e-01,6.592358189220e-01,-6.055737133752e-01,6.642786008179e-01,-6.810109016243e-01,6.431136418254e-01,-7.364550660504e-01,9.553987888966e-02
5.951832426583e-01,-4.853613105128e-01,6.586617715089e-01,-6.058087462785e-01,6.638297302919e-01,-6.812007040552e-01,6.427998744259e-01,-7.365862206774e-01,9.600655472554e-02
5.945695485219e-01,-4.855888402947e-01,6.580860478763e-01,-6.060440894540e-01,6.633791119160e-01,-6.813910104417e-01,6.424845657269e-01,-7.367178968320e-01,9.647551009473e-02
5.939546461641e-01,-4.858163766361e-01,6.575086400285e-01,-6.062797474274e-01,6.629267393510e-01,-6.815818213432e-01,6.421677078835e-01,-7.368500964335e-01,9.694675613187e-02
5.933385342306e-01,-4.860439141410e-01,6.569295445295e-01,-6.065157158122e-01,6.624726065896e-01,-6.817731350962e-01,6.418492937128e-01,-7.369828202140e-01,9.742030402600e-02
5.927212108049e-01,-4.862714513866e-01,6.563487571142e-01,-6.067519919873e-01,6.620167063507e-01,-6.819649515426e-01,6.415293153464e-01,-7.371160699204e-01,9.789616502082e-02
5.921026742432e-01,-4.864989836288e-01,6.557662725107e-01,-6.069885751961e-01,6.615590310436e-01,-6.821572722162e-01,6.412077647747e-01,-7.372498472388e-01,9.837435041494e-02
5.914829212716e-01,-4.867265128562e-01,6.551820848798e-01,-6.072254649470e-01,6.610995752978e-01,-6.823500953073e-01,6.408846343926e-01,-7.373841534402e-01,9.885487156216e-02
5.908619514642e-01,-4.869540319170e-01,6.545961911267e-01,-6.074626570609e-01,6.606383305296e-01,-6.825434226852e-01,6.405599168689e-01,-7.375189895206e-01,9.933773987174e-02
5.902397621572e-01,-4.871815416573e-01,6.540085845644e-01,-6.077001531463e-01,6.601752903792e-01,-6.827372533620e-01,6.402336036327e-01,-7.376543573579e-01,9.982296680868e-02
5.896163522557e-01,-4.874090352167e-01,6.534192620766e-01,-6.079379476714e-01,6.597104491137e-01,-6.829315852452e-01,6.399056876977e-01,-7.377902579395e-01,1.003105638940e-01
5.889917180920e-01,-4.876365153187e-01,6.528282172577e-01,-6.081760421147e-01,6.592437981007e-01,-6.831264210016e-01,6.395761607515e-01,-7.379266926065e-01,1.008005427049e-01
5.883658575687e-01,-4.878639791805e-01,6.522354452892e-01,-6.084144350404e-01,6.587753293716e-01,-6.833217627722e-01,6.392450147393e-01,-7.380636629648e-01,1.012929148752e-01
5.877387695141e-01,-4.880914226158e-01,6.516409412021e-01,-6.086531235489e-01,6.583050377487e-01,-6.835176060459e-01,6.389122423027e-01,-7.382011699207e-01,1.017876920957e-01
5.871104518346e-01,-4.883188430754e-01,6.510447005356e-01,-6.088921061817e-01,6.578329147224e-01,-6.837139541167e-01,6.385778348678e-01,-7.383392152904e-01,1.022848861140e-01
5.864809026346e-01,-4.885462383382e-01,6.504467175287e-01,-6.091313817316e-01,6.573589543575e-01,-6.839108044190e-01,6.382417845289e-01,-7.384778002638e-01,1.027845087352e-01
5.858501194876e-01,-4.887736061320e-01,6.498469880048e-01,-6.093709477677e-01,6.568831494617e-01,-6.841081570524e-01,6.379040831305e-01,-7.386169263619e-01,1.032865718223e-01
5.852181007159e-01,-4.890009440270e-01,6.492455065887e-01,-6.096108025993e-01,6.564054908679e-01,-6.843060152880e-01,6.375647230424e-01,-7.387565944227e-01,1.037910872958e-01
5.845848453879e-01,-4.892282460085e-01,6.486422692494e-01,-6.098509427025e-01,6.559259735623e-01,-6.845043742169e-01,6.372236952912e-01,-7.388968063807e-01,1.042980671348e-01
5.839503494372e-01,-4.894555153398e-01,6.480372690475e-01,-6.100913701897e-01,6.554445891868e-01,-6.847032365185e-01,6.368809926309e-01,-7.390375626533e-01,1.048075233768e-01
5.833146109308e-01,-4.896827484568e-01,6.474305016618e-01,-6.103320810504e-01,6.549613300914e-01,-6.849026024783e-01,6.365366065313e-01,-7.391788652426e-01,1.053194681181e-01
5.826776296093e-01,-4.899099398794e-01,6.468219624546e-01,-6.105730740481e-01,6.544761897610e-01,-6.851024709551e-01,6.361905281535e-01,-7.393207155407e-01,1.058339135140e-01
5.820394017097e-01,-4.901370896289e-01,6.462116460533e-01,-6.108143464144e-01,6.539891612578e-01,-6.853028405560e-01,6.358427500984e-01,-7.394631143259e-01,1.063508717793e-01
5.813999270565e-01,-4.903641921097e-01,6.455995474113e-01,-6.110558970413e-01,6.535002349089e-01,-6.855037151007e-01,6.354932631219e-01,-7.396060634978e-01,1.068703551883e-01
5.807592027561e-01,-4.905912464193e-01,6.449856619722e-01,-6.112977226880e-01,6.530094066815e-01,-6.857050885994e-01,6.351420596951e-01,-7.397495635920e-01,1.073923760755e-01
5.801172264993e-01,-4.908182502198e-01,6.443699840485e-01,-6.115398230558e-01,6.525166657183e-01,-6.859069666138e-01,6.347891305704e-01,-7.398936165443e-01,1.079169468354e-01
5.794739943001e-01,-4.910452054303e-01,6.437525076216e-01,-6.117821976563e-01,6.520220058753e-01,-6.861093469275e-01,6.344344680073e-01,-7.400382230711e-01,1.084440799232e-01
5.788295103350e-01,-4.912720963183e-01,6.431332303506e-01,-6.120248388853e-01,6.515254217177e-01,-6.863122253949e-01,6.340780630087e-01,-7.401833847079e-01,1.089737878550e-01
5.781837671630e-01,-4.914989319780e-01,6.425121448170e-01,-6.122677494757e-01,6.510269040255e-01,-6.865156045184e-01,6.337199072466e-01,-7.403291027556e-01,1.095060832077e-01
5.775367642615e-01,-4.917257066966e-01,6.418892457587e-01,-6.125109272867e-01,6.505264435723e-01,-6.867194874957e-01,6.333599920457e-01,-7.404753785008e-01,1.100409786201e-01
5.768884992970e-01,-4.919524179432e-01,6.412645294534e-01,-6.127543686388e-01,6.500240344997e-01,-6.869238706178e-01,6.329983086500e-01,-7.406222131504e-01,1.105784867923e-01
5.762389714718e-01,-4.921790615783e-01,6.406379893053e-01,-6.129980730153e-01,6.495196704179e-01,-6.871287520264e-01,6.326348487889e-01,-7.407696076240e-01,1.111186204868e-01
5.755881777731e-01,-4.924056360389e-01,6.400096211500e-01,-6.132420369395e-01,6.490133406591e-01,-6.873341358364e-01,6.322696035207e-01,-7.409175632071e-01,1.116613925282e-01
5.749361164836e-01,-4.926321383220e-01,6.393794192962e-01,-6.134862590298e-01,6.485050402383e-01,-6.875400171853e-01,6.319025636261e-01,-7.410660814804e-01,1.122068158038e-01
5.742827884493e-01,-4.928585601502e-01,6.387473808777e-01,-6.137307331181e-01,6.479947617859e-01,-6.877463954715e-01,6.315337209711e-01,-7.412151633629e-01,1.127549032639e-01
5.736281870060e-01,-4.930849082494e-01,6.381134966909e-01,-6.139754640213e-01,6.474824952956e-01,-6.879532738692e-01,6.311630667725e-01,-7.413648099113e-01,1.133056679220e-01
5.729723134515e-01,-4.933111738655e-01,6.374777640337e-01,-6.142204458397e-01,6.469682332294e-01,-6.881606518290e-01,6.307905917751e-01,-7.415150223400e-01,1.138591228551e-01
5.723151634392e-01,-4.935373581837e-01,6.368401766079e-01,-6.144656773501e-01,6.464519697193e-01,-6.883685259769e-01,6.304162867012e-01,-7.416658023734e-01,1.144152812044e-01
5.716567358012e-01,-4.937634572356e-01,6.362007292463e-01,-6.147111573543e-01,6.459336935923e-01,-6.885769009535e-01,6.300401435887e-01,-7.418171503156e-01,1.149741561749e-01
5.709970314681e-01,-4.939894619511e-01,6.355594192789e-01,-6.149568778253e-01,6.454134022918e-01,-6.887857674675e-01,6.296621527805e-01,-7.419690677614e-01,1.155357610362e-01
5.703360455221e-01,-4.942153764439e-01,6.349162379059e-01,-6.152028430863e-01,6.448910836256e-01,-6.889951327369e-01,6.292823051988e-01,-7.421215559566e-01,1.161001091229e-01
5.696737758745e-01,-4.944411967917e-01,6.342711821387e-01,-6.154490472171e-01,6.443667318656e-01,-6.892049919955e-01,6.289005917804e-01,-7.422746158168e-01,1.166672138346e-01
5.690102232635e-01,-4.946669157083e-01,6.336242459128e-01,-6.156954892460e-01,6.438403381895e-01,-6.894153468197e-01,6.285170034027e-01,-7.424282485433e-01,1.172370886363e-01
5.683453837007e-01,-4.948925345897e-01,6.329754241499e-01,-6.159421665308e-01,6.433118941159e-01,-6.896261968595e-01,6.281315307554e-01,-7.425824554898e-01,1.178097470589e-01
5.676792551897e-01,-4.951180499053e-01,6.323247114484e-01,-6.161890766865e-01,6.427813925330e-01,-6.898375409146e-01,6.277441649241e-01,-7.427372372754e-01,1.183852026992e-01
5.670118362360e-01,-4.953434592487e-01,6.316721019450e-01,-6.164362179805e-01,6.422488254161e-01,-6.900493775426e-01,6.273548967718e-01,-7.428925947517e-01,1.189634692207e-01
5.663431258295e-01,-4.955687565405e-01,6.310175920696e-01,-6.166835858611e-01,6.417141850837e-01,-6.902617062292e-01,6.269637161954e-01,-7.430485301584e-01,1.195445603533e-01
5.656731208599e-01,-4.957939415729e-01,6.303611744240e-01,-6.169311810924e-01,6.411774623790e-01,-6.904745277460e-01,6.265706148100e-01,-7.432050433509e-01,1.201284898943e-01
5.650018192736e-01,-4.960190123939e-01,6.297028448050e-01,-6.171789990674e-01,6.406386494631e-01,-6.906878411455e-01,6.261755823148e-01,-7.433621361723e-01,1.207152717082e-01
5.643292221031e-01,-4.962439590464e-01,6.290425989447e-01,-6.174270350890e-01,6.400977396647e-01,-6.909016431691e-01,6.257786099624e-01,-7.435198091003e-01,1.213049197273e-01
5.636553249342e-01,-4.964687849149e-01,6.283804302727e-01,-6.176752896246e-01,6.395547239524e-01,-6.911159345041e-01,6.253796876671e-01,-7.436780635077e-01,1.218974479518e-01
5.629801255855e-01,-4.966934860619e-01,6.277163329001e-01,-6.179237606891e-01,6.390095935937e-01,-6.913307158149e-01,6.249788063996e-01,-7.438369003643e-01,1.224928704505e-01
5.623036228986e-01,-4.969180592546e-01,6.270503023462e-01,-6.181724443411e-01,6.384623411057e-01,-6.915459845974e-01,6.245759562448e-01,-7.439963203594e-01,1.230912013608e-01
5.616258146808e-01,-4.971425014411e-01,6.263823326481e-01,-6.184213385341e-01,6.379129566352e-01,-6.917617428925e-01,6.241711275237e-01,-7.441563251040e-01,1.236924548892e-01
5.609467003307e-01,-4.973668071871e-01,6.257124202383e-01,-6.186704383443e-01,6.373614350587e-01,-6.919779845180e-01,6.237643108430e-01,-7.443169150547e-01,1.242966453116e-01
5.602662768133e-01,-4.975909755918e-01,6.250405579462e-01,-6.189197434174e-01,6.368077653006e-01,-6.921947139843e-01,6.233554961538e-01,-7.444780912593e-01,1.249037869735e-01
5.595845435986e-01,-4.978150014220e-01,6.243667413554e-01,-6.191692498845e-01,6.362519411628e-01,-6.924119257133e-01,6.229446740879e-01,-7.446398545556e-01,1.255138942906e-01
5.589014964362e-01,-4.980388864155e-01,6.236909630138e-01,-6.194189584971e-01,6.356939509397e-01,-6.926296256751e-01,6.225318343135e-01,-7.448022064680e-01,1.261269817491e-01
5.582171376119e-01,-4.982626179335e-01,6.230132218100e-01,-6.196688585104e-01,6.351337917220e-01,-6.928478024543e-01,6.221169672424e-01,-7.449651472365e-01,1.267430639058e-01
5.575314612181e-01,-4.984862022264e-01,6.223335082039e-01,-6.199189549688e-01,6.345714500134e-01,-6.930664644230e-01,6.217000631361e-01,-7.451286779977e-01,1.273621553886e-01
5.568444673385e-01,-4.987096327723e-01,6.216518185711e-01,-6.201692416675e-01,6.340069195967e-01,-6.932856071358e-01,6.212811116164e-01,-7.452927998702e-01,1.279842708970e-01
5.561561542432e-01,-4.989329046598e-01,6.209681473061e-01,-6.204197164170e-01,6.334401914219e-01,-6.935052302026e-01,6.208601028656e-01,-7.454575134460e-01,1.286094252022e-01
5.554665198435e-01,-4.991560160460e-01,6.202824891055e-01,-6.206703760158e-01,6.328712580305e-01,-6.937253304058e-01,6.204370270570e-01,-7.456228194009e-01,1.292376331474e-01
5.547755613107e-01,-4.993789661926e-01,6.195948378173e-01,-6.209212182529e-01,6.323001097888e-01,-6.939459094689e-01,6.200118737947e-01,-7.457887192408e-01,1.298689096487e-01
5.540832796828e-01,-4.996017448806e-01,6.189051891142e-01,-6.211722386671e-01,6.317267387402e-01,-6.941669646402e-01,6.195846326602e-01,-7.459552134599e-01,1.305032696947e-01
5.533896711515e-01,-4.998243541380e-01,6.182135376624e-01,-6.214234346191e-01,6.311511375023e-01,-6.943884929546e-01,6.191552944030e-01,-7.461223023366e-01,1.311407283473e-01
5.526947358232e-01,-5.000467864341e-01,6.175198778233e-01,-6.216748019878e-01,6.305732945425e-01,-6.946104979551e-01,6.187238477477e-01,-7.462899875556e-01,1.317813007421e-01
5.519984689533e-01,-5.002690445934e-01,6.168242035655e-01,-6.219263406121e-01,6.299932034718e-01,-6.948329752463e-01,6.182902828187e-01,-7.464582693522e-01,1.324250020885e-01
5.513008703417e-01,-5.004911220956e-01,6.161265086564e-01,-6.221780475454e-01,6.294108545680e-01,-6.950559251192e-01,6.178545894996e-01,-7.466271486864e-01,1.330718476703e-01
5.506019392074e-01,-5.007130128667e-01,6.154267899827e-01,-6.224299159010e-01,6.288262402371e-01,-6.952793442695e-01,6.174167567460e-01,-7.467966263421e-01,1.337218528458e-01
5.499016722244e-01,-5.009347182800e-01,6.147250398265e-01,-6.226819462761e-01,6.282393510149e-01,-6.955032332408e-01,6.169767748413e-01,-7.469667029168e-01,1.343750330484e-01
5.492000688973e-01,-5.011562314102e-01,6.140212543830e-01,-6.229341332177e-01,6.276501778272e-01,-6.957275905336e-01,6.165346327033e-01,-7.471373792051e-01,1.350314037870e-01
5.484971269766e-01,-5.013775497061e-01,6.133154269623e-01,-6.231864748402e-01,6.270587126437e-01,-6.959524141844e-01,6.160903200944e-01,-7.473086560485e-01,1.356909806460e-01
5.477928449312e-01,-5.015986707875e-01,6.126075525798e-01,-6.234389674775e-01,6.264649467225e-01,-6.961777024873e-01,6.156438264921e-01,-7.474805335328e-01,1.363537792863e-01
5.470872227285e-01,-5.018195858133e-01,6.118976270767e-01,-6.236916051903e-01,6.258688708347e-01,-6.964034540335e-01,6.151951410784e-01,-7.476530129644e-01,1.370198154448e-01
5.463802555787e-01,-5.020402988006e-01,6.111856426563e-01,-6.239443890709e-01,6.252704762915e-01,-6.966296683965e-01,6.147442531111e-01,-7.478260948813e-01,1.376891049357e-01
5.456719436760e-01,-5.022608027317e-01,6.104715945802e-01,-6.241973144473e-01,6.246697534333e-01,-6.968563445254e-01,6.142911520442e-01,-7.479997795943e-01,1.383616636503e-01
5.449622855582e-01,-5.024810929699e-01,6.097554780875e-01,-6.244503763194e-01,6.240666946097e-01,-6.970834793094e-01,6.138358268389e-01,-7.481740681176e-01,1.390375075575e-01
5.442512775979e-01,-5.027011700239e-01,6.090372868426e-01,-6.247035731502e-01,6.234612899294e-01,-6.973110724407e-01,6.133782669101e-01,-7.483489607318e-01,1.397166527041e-01
5.435389213799e-01,-5.029210244105e-01,6.083170152946e-01,-6.249569012036e-01,6.228535301712e-01,-6.975391228773e-01,6.129184609564e-01,-7.485244581644e-01,1.403991152155e-01
5.428252128739e-01,-5.031406564487e-01,6.075946591913e-01,-6.252103547877e-01,6.222434083400e-01,-6.977676254190e-01,6.124563984970e-01,-7.487005607814e-01,1.410849112958e-01
5.421101529160e-01,-5.033600578563e-01,6.068702128206e-01,-6.254639307899e-01,6.216309135058e-01,-6.979965815888e-01,6.119920681222e-01,-7.488772693696e-01,1.417740572281e-01
5.413937370706e-01,-5.035792312814e-01,6.061436691818e-01,-6.257176283770e-01,6.210160370752e-01,-6.982259895760e-01,6.115254589819e-01,-7.490545843420e-01,1.424665693752e-01
5.406759645675e-01,-5.037981704101e-01,6.054150233489e-01,-6.259714428636e-01,6.203987693281e-01,-6.984558481765e-01,6.110565602961e-01,-7.492325057579e-01,1.431624641798e-01
5.399568345644e-01,-5.040168710349e-01,6.046842701322e-01,-6.262253701265e-01,6.197791023359e-01,-6.986861537438e-01,6.105853603771e-01,-7.494110346216e-01,1.438617581648e-01
5.392363449172e-01,-5.042353303675e-01,6.039514035969e-01,-6.264794068533e-01,6.191570263357e-01,-6.989169058120e-01,6.101118481086e-01,-7.495901713376e-01,1.445644679340e-01
5.385144944466e-01,-5.044535434791e-01,6.032164187591e-01,-6.267335486716e-01,6.185325316233e-01,-6.991481028878e-01,6.096360124646e-01,-7.497699159542e-01,1.452706101721e-01
5.377912811442e-01,-5.046715075993e-01,6.024793093989e-01,-6.269877931483e-01,6.179056097387e-01,-6.993797425522e-01,6.091578418165e-01,-7.499502694165e-01,1.459802016456e-01
5.370667041611e-01,-5.048892173254e-01,6.017400709142e-01,-6.272421344261e-01,6.172762518594e-01,-6.996118215749e-01,6.086773250151e-01,-7.501312315564e-01,1.466932592024e-01
5.363407635067e-01,-5.051066673599e-01,6.009986971865e-01,-6.274965698731e-01,6.166444478056e-01,-6.998443399373e-01,6.081944507088e-01,-7.503128029237e-01,1.474097997733e-01
5.356134537423e-01,-5.053238596612e-01,6.002551823398e-01,-6.277510963622e-01,6.160101885693e-01,-7.000772952782e-01,6.077092072729e-01,-7.504949839659e-01,1.481298403712e-01
5.348847761169e-01,-5.055407856160e-01,5.995095209616e-01,-6.280057096722e-01,6.153734644343e-01,-7.003106862783e-01,6.072215829233e-01,-7.506777751435e-01,1.488533980927e-01
5.341547282464e-01,-5.057574436370e-01,5.987617076719e-01,-6.282604054000e-01,6.147342667769e-01,-7.005445094422e-01,6.067315667164e-01,-7.508611761349e-01,1.495804901173e-01
5.334233085279e-01,-5.059738294798e-01,5.980117364683e-01,-6.285151805032e-01,6.140925855186e-01,-7.007787636937e-01,6.062391464966e-01,-7.510451876519e-01,1.503111337090e-01
5.326905159699e-01,-5.061899384704e-01,5.972596024112e-01,-6.287700304068e-01,6.134484113794e-01,-7.010134475233e-01,6.057443105281e-01,-7.512298099578e-01,1.510453462156e-01
5.319563494981e-01,-5.064057664315e-01,5.965052993100e-01,-6.290249511913e-01,6.128017354758e-01,-7.012485569830e-01,6.052470474751e-01,-7.514150429134e-01,1.517831450701e-01
5.312208072233e-01,-5.066213091324e-01,5.957488225434e-01,-6.292799379128e-01,6.121525474792e-01,-7.014840917946e-01,6.047473453276e-01,-7.516008870814e-01,1.525245477903e-01
5.304838888399e-01,-5.068365613387e-01,5.949901664081e-01,-6.295349856623e-01,6.115008399551e-01,-7.017200461422e-01,6.042451922268e-01,-7.517873422371e-01,1.532695719798e-01
5.297455909818e-01,-5.070515226260e-01,5.942293242472e-01,-6.297900935479e-01,6.108466001880e-01,-7.019564229563e-01,6.037405763838e-01,-7.519744087509e-01,1.540182353281e-01
5.290059121467e-01,-5.072661893304e-01,5.934662906606e-01,-6.300452565693e-01,6.101898203640e-01,-7.021932172901e-01,6.032334855037e-01,-7.521620868104e-01,1.547705556109e-01
5.282648529309e-01,-5.074805530255e-01,5.927010608394e-01,-6.303004687582e-01,6.095304909508e-01,-7.024304268496e-01,6.027239076586e-01,-7.523503763181e-01,1.555265506912e-01
5.275224107490e-01,-5.076946122064e-01,5.919336285944e-01,-6.305557272926e-01,6.088686018577e-01,-7.026680496022e-01,6.022118309925e-01,-7.525392775514e-01,1.562862385188e-01
5.267785844501e-01,-5.079083627449e-01,5.911639885549e-01,-6.308110273677e-01,6.082041437135e-01,-7.029060829411e-01,6.016972433940e-01,-7.527287900861e-01,1.570496371315e-01
5.260333715268e-01,-5.081218022041e-01,5.903921345628e-01,-6.310663656131e-01,6.075371062729e-01,-7.031445252470e-01,6.011801325941e-01,-7.529189141722e-01,1.578167646549e-01
5.252867742509e-01,-5.083349194371e-01,5.896180630057e-01,-6.313217343241e-01,6.068674814736e-01,-7.033833712285e-01,6.006604859585e-01,-7.531096499756e-01,1.585876393035e-01
5.245387874846e-01,-5.085477188115e-01,5.888417656819e-01,-6.315771335365e-01,6.061952573214e-01,-7.036226222335e-01,6.001382917989e-01,-7.533009970043e-01,1.593622793804e-01
5.237894115287e-01,-5.087601912585e-01,5.880632383323e-01,-6.318325565404e-01,6.055204251853e-01,-7.038622738627e-01,5.996135373729e-01,-7.534929555637e-01,1.601407032784e-01
5.230386447329e-01,-5.089723346539e-01,5.872824751029e-01,-6.320879993291e-01,6.048429752088e-01,-7.041023233919e-01,5.990862103390e-01,-7.536855254146e-01,1.609229294800e-01
5.222864854911e-01,-5.091841449232e-01,5.864994704273e-01,-6.323434571143e-01,6.041628978123e-01,-7.043427677871e-01,5.985562984101e-01,-7.538787060638e-01,1.617089765579e-01
5.215329328355e-01,-5.093956173092e-01,5.857142182488e-01,-6.325989264575e-01,6.034801820640e-01,-7.045836063794e-01,5.980237886989e-01,-7.540724978937e-01,1.624988631757e-01
5.207779864799e-01,-5.096067455219e-01,5.849267139562e-01,-6.328544005048e-01,6.027948195425e-01,-7.048248336684e-01,5.974886687943e-01,-7.542669003401e-01,1.632926080882e-01
5.200216432661e-01,-5.098175283883e-01,5.841369506541e-01,-6.331098775539e-01,6.021067986503e-01,-7.050664498151e-01,5.969509262139e-01,-7.544619131554e-01,1.640902301415e-01
5.192639042446e-01,-5.100279586650e-01,5.833449243914e-01,-6.333653496414e-01,6.014161116393e-01,-7.053084482511e-01,5.964105480428e-01,-7.546575361281e-01,1.648917482740e-01
5.185047674169e-01,-5.102380324342e-01,5.825506290697e-01,-6.336208128213e-01,6.007227468706e-01,-7.055508286400e-01,5.958675216538e-01,-7.548537687601e-01,1.656971815167e-01
5.177442299655e-01,-5.104477485566e-01,5.817540575841e-01,-6.338762651266e-01,6.000266948951e-01,-7.057935878184e-01,5.953218340050e-01,-7.550506112165e-01,1.665065489932e-01
5.169822921869e-01,-5.106570999719e-01,5.809552057044e-01,-6.341316993621e-01,5.993279448310e-01,-7.060367234110e-01,5.947734724106e-01,-7.552480625472e-01,1.673198699209e-01
5.162189524607e-01,-5.108660834681e-01,5.801540670970e-01,-6.343871118068e-01,5.986264873586e-01,-7.062802317934e-01,5.942224239815e-01,-7.554461227063e-01,1.681371636109e-01
5.154542102130e-01,-5.110746931204e-01,5.793506368500e-01,-6.346424964781e-01,5.979223124555e-01,-7.065241094451e-01,5.936686754051e-01,-7.556447911496e-01,1.689584494685e-01
5.146880634159e-01,-5.112829261866e-01,5.785449088525e-01,-6.348978492576e-01,5.972154097686e-01,-7.067683536021e-01,5.931122141023e-01,-7.558440671994e-01,1.697837469940e-01
5.139205123448e-01,-5.114907757156e-01,5.777368780159e-01,-6.351531641316e-01,5.965057694131e-01,-7.070129608941e-01,5.925530265400e-01,-7.560439505551e-01,1.706130757829e-01
5.131515539338e-01,-5.116982410163e-01,5.769265375565e-01,-6.354084387137e-01,5.957933802683e-01,-7.072579297582e-01,5.919910997354e-01,-7.562444407156e-01,1.714464555263e-01
5.123811887070e-01,-5.119053140019e-01,5.761138836875e-01,-6.356636640659e-01,5.950782335005e-01,-7.075032542011e-01,5.914264207192e-01,-7.564455367447e-01,1.722839060116e-01
5.116094158084e-01,-5.121119903702e-01,5.752989095202e-01,-6.359188377556e-01,5.943603181677e-01,-7.077489325844e-01,5.908589756077e-01,-7.566472383643e-01,1.731254471228e-01
5.108362320375e-01,-5.123182689796e-01,5.744816094352e-01,-6.361739542932e-01,5.936396237406e-01,-7.079949612900e-01,5.902887512089e-01,-7.568495450909e-01,1.739710988411e-01
5.100616387666e-01,-5.125241413071e-01,5.736619784532e-01,-6.364290080079e-01,5.929161399024e-01,-7.082413376803e-01,5.897157344423e-01,-7.570524555677e-01,1.748208812452e-01
5.092856326963e-01,-5.127296066502e-01,5.728400103149e-01,-6.366839943980e-01,5.921898568533e-01,-7.084880572026e-01,5.891399115784e-01,-7.572559696418e-01,1.756748145120e-01
5.085082142432e-01,-5.129346576149e-01,5.720156995884e-01,-6.369389081337e-01,5.914607632557e-01,-7.087351177946e-01,5.885612689994e-01,-7.574600861830e-01,1.765329189167e-01
5.077293830272e-01,-5.131392892936e-01,5.711890418202e-01,-6.371937414296e-01,5.907288507852e-01,-7.089825128566e-01,5.879797933107e-01,-7.576648047994e-01,1.773952148339e-01
5.069491374772e-01,-5.133434966619e-01,5.703600299442e-01,-6.374484918784e-01,5.899941069845e-01,-7.092302418005e-01,5.873954707994e-01,-7.578701241628e-01,1.782617227375e-01
5.061674752225e-01,-5.135472789532e-01,5.695286585236e-01,-6.377031539679e-01,5.892565218114e-01,-7.094783004514e-01,5.868082877371e-01,-7.580760435556e-01,1.791324632014e-01
5.053843971263e-01,-5.137506272326e-01,5.686949227856e-01,-6.379577206636e-01,5.885160851613e-01,-7.097266845729e-01,5.862182302446e-01,-7.582825621392e-01,1.800074569000e-01
5.045999016371e-01,-5.139535385979e-01,5.678588164000e-01,-6.382121876600e-01,5.877727861547e-01,-7.099753909162e-01,5.856252846129e-01,-7.584896788576e-01,1.808867246089e-01
5.038139870972e-01,-5.141560091885e-01,5.670203339766e-01,-6.384665491362e-01,5.870266145985e-01,-7.102244152291e-01,5.850294368746e-01,-7.586973925517e-01,1.817702872048e-01
5.030266540081e-01,-5.143580320836e-01,5.661794700715e-01,-6.387207993951e-01,5.862775597246e-01,-7.104737538694e-01,5.844306729119e-01,-7.589057026423e-01,1.826581656667e-01
5.022379006315e-01,-5.145596033634e-01,5.653362190976e-01,-6.389749326723e-01,5.855256112858e-01,-7.107234024591e-01,5.838289790761e-01,-7.591146073511e-01,1.835503810760e-01
5.014477262889e-01,-5.147607187743e-01,5.644905752846e-01,-6.392289435878e-01,5.847707581035e-01,-7.109733580877e-01,5.832243406908e-01,-7.593241061641e-01,1.844469546169e-01
5.006561296054e-01,-5.149613736712e-01,5.636425333607e-01,-6.394828264044e-01,5.840129899497e-01,-7.112236157472e-01,5.826167442713e-01,-7.595341973575e-01,1.853479075773e-01
4.998631114540e-01,-5.151615605117e-01,5.627920879575e-01,-6.397365742491e-01,5.832522965022e-01,-7.114741708938e-01,5.820061750231e-01,-7.597448801432e-01,1.862532613490e-01
4.990686694440e-01,-5.153612772112e-01,5.619392332252e-01,-6.399901823688e-01,5.824886662476e-01,-7.117250208922e-01,5.813926190457e-01,-7.599561529776e-01,1.871630374282e-01
4.982728030493e-01,-5.155605187329e-01,5.610839630313e-01,-6.402436456253e-01,5.817220881571e-01,-7.119761617878e-01,5.807760617583e-01,-7.601680146581e-01,1.880772574163e-01
4.974755113073e-01,-5.157592801342e-01,5.602262723755e-01,-6.404969574411e-01,5.809525524364e-01,-7.122275878261e-01,5.801564888496e-01,-7.603804637003e-01,1.889959430200e-01
4.966767945318e-01,-5.159575543171e-01,5.593661559776e-01,-6.407501111618e-01,5.801800481674e-01,-7.124792952499e-01,5.795338858227e-01,-7.605934988149e-01,1.899191160521e-01
4.958766497771e-01,-5.161553408807e-01,5.585036075036e-01,-6.410031022887e-01,5.794045637595e-01,-7.127312806828e-01,5.789082383085e-01,-7.608071183522e-01,1.908467984321e-01
4.950750792548e-01,-5.163526292319e-01,5.576386225868e-01,-6.412559228108e-01,5.786260893035e-01,-7.129835381106e-01,5.782795312845e-01,-7.610213210511e-01,1.917790121864e-01
4.942720813907e-01,-5.165494156100e-01,5.567711956891e-01,-6.415085662287e-01,5.778446139919e-01,-7.132360627331e-01,5.776477504816e-01,-7.612361051012e-01,1.927157794490e-01
4.934676541774e-01,-5.167456982880e-01,5.559013199340e-01,-6.417610292950e-01,5.770601259093e-01,-7.134888523921e-01,5.770128811520e-01,-7.614514690526e-01,1.936571224621e-01
4.926617977299e-01,-5.169414702567e-01,5.550289905650e-01,-6.420133044773e-01,5.762726146736e-01,-7.137419010965e-01,5.763749080563e-01,-7.616674113299e-01,1.946030635764e-01
4.918545110882e-01,-5.171367265237e-01,5.541542020276e-01,-6.422653851001e-01,5.754820690085e-01,-7.139952048696e-01,5.757338171943e-01,-7.618839297886e-01,1.955536252520e-01
4.910457943823e-01,-5.173314615827e-01,5.532769490437e-01,-6.425172649266e-01,5.746884788901e-01,-7.142487574671e-01,5.750895925747e-01,-7.621010231985e-01,1.965088300584e-01
4.902356466645e-01,-5.175256705647e-01,5.523972257651e-01,-6.427689382263e-01,5.738918322322e-01,-7.145025558186e-01,5.744422199531e-01,-7.623186895456e-01,1.974687006757e-01
4.894240674236e-01,-5.177193481867e-01,5.515150269372e-01,-6.430203978446e-01,5.730921185361e-01,-7.147565941735e-01,5.737916838940e-01,-7.625369269193e-01,1.984332598946e-01
4.886110560273e-01,-5.179124895114e-01,5.506303473623e-01,-6.432716373421e-01,5.722893265046e-01,-7.150108679634e-01,5.731379697951e-01,-7.627557331865e-01,1.994025306169e-01
4.877966112618e-01,-5.181050901196e-01,5.497431814297e-01,-6.435226501691e-01,5.714834456498e-01,-7.152653713492e-01,5.724810618184e-01,-7.629751068875e-01,2.003765358568e-01
4.869807333877e-01,-5.182971445235e-01,5.488535226351e-01,-6.437734317178e-01,5.706744636529e-01,-7.155201014607e-01,5.718209451084e-01,-7.631950455702e-01,2.013552987404e-01
4.861634233385e-01,-5.184886433665e-01,5.479613677345e-01,-6.440239713992e-01,5.698623709052e-01,-7.157750503200e-01,5.711576040114e-01,-7.634155474721e-01,2.023388425071e-01
4.853446777142e-01,-5.186795880291e-01,5.470667093341e-01,-6.442742663085e-01,5.690471550223e-01,-7.160302150339e-01,5.704910235447e-01,-7.636366101597e-01,2.033271905095e-01
4.845244974482e-01,-5.188699699045e-01,5.461695421931e-01,-6.445243088934e-01,5.682288050114e-01,-7.162855900729e-01,5.698211879312e-01,-7.638582316108e-01,2.043203662147e-01
4.837028824932e-01,-5.190597834619e-01,5.452698620192e-01,-6.447740911069e-01,5.674073101440e-01,-7.165411691641e-01,5.691480819141e-01,-7.640804095317e-01,2.053183932041e-01
4.828798312577e-01,-5.192490254081e-01,5.443676620138e-01,-6.450236079736e-01,5.665826582922e-01,-7.167969487247e-01,5.684716896334e-01,-7.643031416279e-01,2.063212951743e-01
4.820553461096e-01,-5.194376852850e-01,5.434629390420e-01,-6.452728489469e-01,5.657548401337e-01,-7.170529196525e-01,5.677919958435e-01,-7.645264254310e-01,2.073290959377e-01
4.812294239394e-01,-5.196257629563e-01,5.425556854137e-01,-6.455218111779e-01,5.649238421508e-01,-7.173090806348e-01,5.671089843113e-01,-7.647502587408e-01,2.083418194232e-01
4.804020647787e-01,-5.198132518526e-01,5.416458961408e-01,-6.457704866561e-01,5.640896538300e-01,-7.175654242552e-01,5.664226395401e-01,-7.649746388741e-01,2.093594896763e-01
4.795732691354e-01,-5.200001460519e-01,5.407335666142e-01,-6.460188677063e-01,5.632522639859e-01,-7.178219450409e-01,5.657329457098e-01,-7.651995633819e-01,2.103821308600e-01
4.787430359559e-01,-5.201864403914e-01,5.398186911974e-01,-6.462669473087e-01,5.624116611523e-01,-7.180786375440e-01,5.650398866871e-01,-7.654250296259e-01,2.114097672556e-01
4.779113656830e-01,-5.203721288234e-01,5.389012643621e-01,-6.465147187065e-01,5.615678336885e-01,-7.183354961622e-01,5.643434468441e-01,-7.656510347914e-01,2.124424232626e-01
4.770782575210e-01,-5.205572067030e-01,5.379812808876e-01,-6.467621747274e-01,5.607207708512e-01,-7.185925140243e-01,5.636436096012e-01,-7.658775765540e-01,2.134801234001e-01
4.762437116148e-01,-5.207416674734e-01,5.370587353023e-01,-6.470093080389e-01,5.598704601933e-01,-7.188496866709e-01,5.629403592368e-01,-7.661046516705e-01,2.145228923065e-01
4.754077287990e-01,-5.209255043079e-01,5.361336235247e-01,-6.472561094851e-01,5.590168919269e-01,-7.191070057198e-01,5.622336793539e-01,-7.663322574983e-01,2.155707547410e-01
4.745703067291e-01,-5.211087152908e-01,5.352059383996e-01,-6.475025748806e-01,5.581600525435e-01,-7.193644680231e-01,5.615235538648e-01,-7.665603911515e-01,2.166237355834e-01
4.737314465414e-01,-5.212912925310e-01,5.342756758365e-01,-6.477486952756e-01,5.572999317568e-01,-7.196220662407e-01,5.608099663974e-01,-7.667890494496e-01,2.176818598353e-01
4.728911469385e-01,-5.214732327254e-01,5.333428297545e-01,-6.479944637728e-01,5.564365174268e-01,-7.198797943048e-01,5.600929002868e-01,-7.670182295124e-01,2.187451526202e-01
4.720494097629e-01,-5.216545263995e-01,5.324073958936e-01,-6.482398716889e-01,5.555697983221e-01,-7.201376457219e-01,5.593723393903e-01,-7.672479281796e-01,2.198136391845e-01
4.712062335664e-01,-5.218351709169e-01,5.314693682960e-01,-6.484849125453e-01,5.546997629120e-01,-7.203956141453e-01,5.586482669743e-01,-7.674781423276e-01,2.208873448977e-01
4.703616193244e-01,-5.220151584646e-01,5.305287424271e-01,-6.487295777836e-01,5.538263995818e-01,-7.206536930608e-01,5.579206664973e-01,-7.677088685197e-01,2.219662952535e-01
4.695155650748e-01,-5.221944867796e-01,5.295855118405e-01,-6.489738615860e-01,5.529496962036e-01,-7.209118769614e-01,5.571895212890e-01,-7.679401035271e-01,2.230505158698e-01
4.686680733090e-01,-5.223731455701e-01,5.286396731696e-01,-6.492177531868e-01,5.520696420100e-01,-7.211701575826e-01,5.564548146152e-01,-7.681718438790e-01,2.241400324900e-01
4.678191421987e-01,-5.225511327763e-01,5.276912196733e-01,-6.494612475556e-01,5.511862247702e-01,-7.214285294392e-01,5.557165296333e-01,-7.684040862764e-01,2.252348709829e-01
4.669687723102e-01,-5.227284416019e-01,5.267401466956e-01,-6.497043359285e-01,5.502994325605e-01,-7.216869861236e-01,5.549746496128e-01,-7.686368268061e-01,2.263350573439e-01
4.661169638723e-01,-5.229050658322e-01,5.257864493575e-01,-6.499470099784e-01,5.494092541130e-01,-7.219455198958e-01,5.542291571153e-01,-7.688700624147e-01,2.274406176953e-01
4.652637175274e-01,-5.230809990412e-01,5.248301224371e-01,-6.501892620447e-01,5.485156772396e-01,-7.222041247408e-01,5.534800357555e-01,-7.691037888131e-01,2.285515782869e-01
4.644090321269e-01,-5.232562374970e-01,5.238711605645e-01,-6.504310843996e-01,5.476186909089e-01,-7.224627928326e-01,5.527272678694e-01,-7.693380027641e-01,2.296679654969e-01
4.635529087286e-01,-5.234307737786e-01,5.229095588607e-01,-6.506724686047e-01,5.467182825820e-01,-7.227215177639e-01,5.519708367766e-01,-7.695726999591e-01,2.307898058323e-01
4.626953470505e-01,-5.236046025770e-01,5.219453123807e-01,-6.509134068022e-01,5.458144405315e-01,-7.229802926822e-01,5.512107249020e-01,-7.698078768004e-01,2.319171259294e-01
4.618363483470e-01,-5.237777166925e-01,5.209784160796e-01,-6.511538900050e-01,5.449071538271e-01,-7.232391089391e-01,5.504469150290e-01,-7.700435291166e-01,2.330499525549e-01
4.609759122688e-01,-5.239501107237e-01,5.200088651163e-01,-6.513939099090e-01,5.439964099095e-01,-7.234979602467e-01,5.496793897471e-01,-7.702796529494e-01,2.341883126059e-01
4.601140379924e-01,-5.241217807935e-01,5.190366538880e-01,-6.516334595606e-01,5.430821970664e-01,-7.237568392087e-01,5.489081317598e-01,-7.705162441308e-01,2.353322331113e-01
4.592507271987e-01,-5.242927187747e-01,5.180617775832e-01,-6.518725298629e-01,5.421645027712e-01,-7.240157390608e-01,5.481331234116e-01,-7.707532982823e-01,2.364817412316e-01
4.583859791717e-01,-5.244629205628e-01,5.170842314113e-01,-6.521111124947e-01,5.412433157505e-01,-7.242746514586e-01,5.473543472105e-01,-7.709908111948e-01,2.376368642602e-01
4.575197950555e-01,-5.246323786099e-01,5.161040104313e-01,-6.523491989093e-01,5.403186241947e-01,-7.245335690064e-01,5.465717853271e-01,-7.712287785700e-01,2.387976296239e-01
4.566521752850e-01,-5.248010866308e-01,5.151211099920e-01,-6.525867795983e-01,5.393904161716e-01,-7.247924833586e-01,5.457854201902e-01,-7.714671956862e-01,2.399640648833e-01
4.557831192786e-01,-5.249690401939e-01,5.141355243106e-01,-6.528238480868e-01,5.384586790003e-01,-7.250513881882e-01,5.449952340710e-01,-7.717060580986e-01,2.411361977336e-01
4.549126291511e-01,-5.251362305676e-01,5.131472495687e-01,-6.530603932780e-01,5.375234015516e-01,-7.253102740985e-01,5.442012088819e-01,-7.719453612492e-01,2.423140560054e-01
4.540407038281e-01,-5.253026548899e-01,5.121562802525e-01,-6.532964081630e-01,5.365845716262e-01,-7.255691337033e-01,5.434033267183e-01,-7.721851002921e-01,2.434976676652e-01
4.531673442205e-01,-5.254683053878e-01,5.111626118569e-01,-6.535318829366e-01,5.356421771123e-01,-7.258279589278e-01,5.426015696487e-01,-7.724252704590e-01,2.446870608162e-01
4.522925513927e-01,-5.256331753978e-01,5.101662392316e-01,-6.537668093537e-01,5.346962055125e-01,-7.260867423543e-01,5.417959195689e-01,-7.726658668195e-01,2.458822636986e-01
4.514163245495e-01,-5.257972611236e-01,5.091671575633e-01,-6.540011788410e-01,5.337466455249e-01,-7.263454747444e-01,5.409863582982e-01,-7.729068842968e-01,2.470833046908e-01
4.505386658900e-01,-5.259605535701e-01,5.081653625387e-01,-6.542349814832e-01,5.327934847493e-01,-7.266041481765e-01,5.401728677391e-01,-7.731483178163e-01,2.482902123098e-01
4.496595754966e-01,-5.261230474399e-01,5.071608492135e-01,-6.544682085081e-01,5.318367113596e-01,-7.268627538343e-01,5.393554293055e-01,-7.733901623256e-01,2.495030152118e-01
4.487790536856e-01,-5.262847370809e-01,5.061536131700e-01,-6.547008504197e-01,5.308763127679e-01,-7.271212839367e-01,5.385340248759e-01,-7.736324124491e-01,2.507217421930e-01
4.478971011350e-01,-5.264456162744e-01,5.051436490425e-01,-6.549328991224e-01,5.299122774191e-01,-7.273797294299e-01,5.377086359045e-01,-7.738750629325e-01,2.519464221902e-01
4.470137186793e-01,-5.266056788015e-01,5.041309525694e-01,-6.551643448758e-01,5.289445928441e-01,-7.276380816082e-01,5.368792438362e-01,-7.741181080681e-01,2.531770842816e-01
4.461289074152e-01,-5.267649172963e-01,5.031155191498e-01,-6.553951781859e-01,5.279732469333e-01,-7.278963320549e-01,5.360458301212e-01,-7.743615426235e-01,2.544137576876e-01
4.452426672779e-01,-5.269233271647e-01,5.020973437675e-01,-6.556253900088e-01,5.269982277161e-01,-7.281544713487e-01,5.352083762785e-01,-7.746053606768e-01,2.556564717711e-01
4.443549996754e-01,-5.270809008252e-01,5.010764224742e-01,-6.558549706309e-01,5.260195224737e-01,-7.284124914787e-01,5.343668633855e-01,-7.748495565385e-01,2.569052560384e-01
4.434659051924e-01,-5.272376327126e-01,5.000527504388e-01,-6.560839104735e-01,5.250371199382e-01,-7.286703819105e-01,5.335212726825e-01,-7.750941244236e-01,2.581601401402e-01
4.425753848101e-01,-5.273935157405e-01,4.990263230865e-01,-6.563122004446e-01,5.240510073010e-01,-7.289281346383e-01,5.326715850641e-01,-7.753390585501e-01,2.594211538718e-01
4.416834399551e-01,-5.275485434829e-01,4.979971357556e-01,-6.565398308305e-01,5.230611720022e-01,-7.291857405632e-01,5.318177820942e-01,-7.755843524657e-01,2.606883271740e-01
4.407900707963e-01,-5.277027099413e-01,4.969651845097e-01,-6.567667912263e-01,5.220676030090e-01,-7.294431888830e-01,5.309598443732e-01,-7.758300003712e-01,2.619616901341e-01
4.398952780634e-01,-5.278560093413e-01,4.959304641054e-01,-6.569930732015e-01,5.210702868583e-01,-7.297004716286e-01,5.300977529177e-01,-7.760759958264e-01,2.632412729861e-01
4.389990633271e-01,-5.280084343484e-01,4.948929708618e-01,-6.572186658179e-01,5.200692121110e-01,-7.299575784271e-01,5.292314885942e-01,-7.763223325378e-01,2.645271061119e-01
4.381014273147e-01,-5.281599790041e-01,4.938527000738e-01,-6.574435597841e-01,5.190643662692e-01,-7.302144996579e-01,5.283610321086e-01,-7.765690040680e-01,2.658192200417e-01
4.372023718556e-01,-5.283106356931e-01,4.928096475352e-01,-6.576677448008e-01,5.180557368829e-01,-7.304712260389e-01,5.274863642383e-01,-7.768160037877e-01,2.671176454547e-01
4.363018968932e-01,-5.284603993186e-01,4.917638088704e-01,-6.578912109871e-01,5.170433118436e-01,-7.307277474830e-01,5.266074654455e-01,-7.770633251916e-01,2.684224131802e-01
4.354000043895e-01,-5.286092624396e-01,4.907151794815e-01,-6.581139487825e-01,5.160270791195e-01,-7.309840535097e-01,5.257243164956e-01,-7.773109612554e-01,2.697335541979e-01
4.344966953888e-01,-5.287572186433e-01,4.896637559427e-01,-6.583359467354e-01,5.150070256752e-01,-7.312401351036e-01,5.248368977205e-01,-7.775589052761e-01,2.710510996389e-01
4.335919704471e-01,-5.289042623535e-01,4.886095331456e-01,-6.585571963251e-01,5.139831398255e-01,-7.314959812688e-01,5.239451896239e-01,-7.778071501313e-01,2.723750807865e-01
4.326858310323e-01,-5.290503863578e-01,4.875525072121e-01,-6.587776863173e-01,5.129554093805e-01,-7.317515817119e-01,5.230491724809e-01,-7.780556887194e-01,2.737055290766e-01
4.317782788964e-01,-5.291955832282e-01,4.864926741420e-01,-6.589974064666e-01,5.119238214654e-01,-7.320069264647e-01,5.221488264980e-01,-7.783045140004e-01,2.750424760986e-01
4.308693153279e-01,-5.293398469388e-01,4.854300296634e-01,-6.592163465437e-01,5.108883640943e-01,-7.322620051196e-01,5.212441321238e-01,-7.785536182180e-01,2.763859535965e-01
4.299589410867e-01,-5.294831714462e-01,4.843645699269e-01,-6.594344958034e-01,5.098490250042e-01,-7.325168062714e-01,5.203350692132e-01,-7.788029943737e-01,2.777359934690e-01
4.290471576570e-01,-5.296255497619e-01,4.832962906132e-01,-6.596518439743e-01,5.088057915186e-01,-7.327713202292e-01,5.194216177912e-01,-7.790526347359e-01,2.790926277710e-01
4.281339670848e-01,-5.297669740907e-01,4.822251878045e-01,-6.598683803127e-01,5.077586515796e-01,-7.330255355609e-01,5.185037581942e-01,-7.793025315031e-01,2.804558887136e-01
4.272193697509e-01,-5.299074396543e-01,4.811512574160e-01,-6.600840945785e-01,5.067075927900e-01,-7.332794415784e-01,5.175814699366e-01,-7.795526769608e-01,2.818258086655e-01
4.263033680353e-01,-5.300469380954e-01,4.800744958415e-01,-6.602989754448e-01,5.056526027179e-01,-7.335330269812e-01,5.166547329786e-01,-7.798030631200e-01,2.832024201534e-01
4.253859632567e-01,-5.301854629801e-01,4.789948991429e-01,-6.605130118545e-01,5.045936692968e-01,-7.337862805422e-01,5.157235273460e-01,-7.800536818790e-01,2.845857558629e-01
4.244671564409e-01,-5.303230088542e-01,4.779124627605e-01,-6.607261941429e-01,5.035307798526e-01,-7.340391914125e-01,5.147878322842e-01,-7.803045252609e-01,2.859758486393e-01
4.235469495653e-01,-5.304595677413e-01,4.768271835311e-01,-6.609385107309e-01,5.024639217201e-01,-7.342917483252e-01,5.138476278510e-01,-7.805555847260e-01,2.873727314882e-01
4.226253446397e-01,-5.305951322535e-01,4.757390577740e-01,-6.611499501830e-01,5.013930832366e-01,-7.345439391186e-01,5.129028932404e-01,-7.808068520475e-01,2.887764375765e-01
4.217023428182e-01,-5.307296969064e-01,4.746480814577e-01,-6.613605018383e-01,5.003182515943e-01,-7.347957528569e-01,5.119536082352e-01,-7.810583185167e-01,2.901870002332e-01
4.207779459863e-01,-5.308632539244e-01,4.735542513196e-01,-6.615701538909e-01,4.992394144415e-01,-7.350471775664e-01,5.109997519563e-01,-7.813099755396e-01,2.916044529500e-01
4.198521549870e-01,-5.309957980729e-01,4.724575626787e-01,-6.617788968119e-01,4.981565594382e-01,-7.352982014956e-01,5.100413038941e-01,-7.815618143029e-01,2.930288293823e-01
4.189249735609e-01,-5.311273195374e-01,4.713580130111e-01,-6.619867174147e-01,4.970696744975e-01,-7.355488121343e-01,5.090782434975e-01,-7.818138257343e-01,2.944601633496e-01
4.179964017547e-01,-5.312578140147e-01,4.702555980837e-01,-6.621936054110e-01,4.959787468125e-01,-7.357989981041e-01,5.081105496855e-01,-7.820660009176e-01,2.958984888369e-01
4.170664421628e-01,-5.313872735859e-01,4.691503146342e-01,-6.623995491194e-01,4.948837641432e-01,-7.360487471803e-01,5.071382017430e-01,-7.823183305531e-01,2.973438399952e-01
4.161350962747e-01,-5.315156917748e-01,4.680421593540e-01,-6.626045370568e-01,4.937847141988e-01,-7.362980466938e-01,5.061611787134e-01,-7.825708052957e-01,2.987962511421e-01
4.152023664210e-01,-5.316430613046e-01,4.669311282583e-01,-6.628085577585e-01,4.926815843824e-01,-7.365468847378e-01,5.051794595370e-01,-7.828234157342e-01,3.002557567630e-01
4.142682545190e-01,-5.317693747901e-01,4.658172182335e-01,-6.630115994434e-01,4.915743628631e-01,-7.367952478979e-01,5.041930232854e-01,-7.830761520484e-01,3.017223915117e-01
4.133327630650e-01,-5.318946245274e-01,4.647004264027e-01,-6.632136498526e-01,4.904630367595e-01,-7.370431241758e-01,5.032018485736e-01,-7.833290046621e-01,3.031961902113e-01
4.123958923901e-01,-5.320188067545e-01,4.635807486843e-01,-6.634146984949e-01,4.893475936848e-01,-7.372905010464e-01,5.022059143801e-01,-7.835819636371e-01,3.046771878549e-01
4.114576463519e-01,-5.321419110363e-01,4.624581823523e-01,-6.636147324449e-01,4.882280218293e-01,-7.375373645761e-01,5.012051995495e-01,-7.838350187580e-01,3.061654196066e-01
4.105180262563e-01,-5.322639319984e-01,4.613327238565e-01,-6.638137402211e-01,4.871043083981e-01,-7.377837024060e-01,5.001996823541e-01,-7.840881600918e-01,3.076609208022e-01
4.095770345876e-01,-5.323848618866e-01,4.602043702038e-01,-6.640117099108e-01,4.859764410137e-01,-7.380295015538e-01,4.991893415576e-01,-7.843413771729e-01,3.091637269503e-01
4.086346736130e-01,-5.325046941479e-01,4.590731181412e-01,-6.642086293934e-01,4.848444074130e-01,-7.382747484231e-01,4.981741558421e-01,-7.845946593946e-01,3.106738737328e-01
4.076909451215e-01,-5.326234214859e-01,4.579389645596e-01,-6.644044866201e-01,4.837081955381e-01,-7.385194293251e-01,4.971541033083e-01,-7.848479964167e-01,3.121913970057e-01
4.067458517051e-01,-5.327410369040e-01,4.568019070031e-01,-6.645992688249e-01,4.825677924437e-01,-7.387635317119e-01,4.961291626632e-01,-7.851013772397e-01,3.137163328006e-01
4.057993958090e-01,-5.328575324867e-01,4.556619419397e-01,-6.647929640796e-01,4.814231866453e-01,-7.390070403919e-01,4.950993120621e-01,-7.853547908765e-01,3.152487173246e-01
4.048515795503e-01,-5.329729025042e-01,4.545190663757e-01,-6.649855606535e-01,4.802743651023e-01,-7.392499429875e-01,4.940645297047e-01,-7.856082264397e-01,3.167885869621e-01
4.039024052891e-01,-5.330871390742e-01,4.533732777131e-01,-6.651770455374e-01,4.791213159786e-01,-7.394922245857e-01,4.930247938621e-01,-7.858616724762e-01,3.183359782748e-01
4.029518763986e-01,-5.332002336652e-01,4.522245734550e-01,-6.653674055419e-01,4.779640268539e-01,-7.397338714973e-01,4.919800826139e-01,-7.861151177023e-01,3.198909280035e-01
4.019999938730e-01,-5.333121816636e-01,4.510729501641e-01,-6.655566294008e-01,4.768024855479e-01,-7.399748693748e-01,4.909303740937e-01,-7.863685504629e-01,3.214534730679e-01
4.010467611342e-01,-5.334229745481e-01,4.499184055926e-01,-6.657447038313e-01,4.756366795459e-01,-7.402152041998e-01,4.898756460881e-01,-7.866219591848e-01,3.230236505685e-01
4.000921808880e-01,-5.335326048806e-01,4.487609369988e-01,-6.659316161137e-01,4.744665967256e-01,-7.404548614729e-01,4.888158766805e-01,-7.868753318604e-01,3.246014977868e-01
3.991362554503e-01,-5.336410654877e-01,4.476005416728e-01,-6.661173537764e-01,4.732922247815e-01,-7.406938265836e-01,4.877510437234e-01,-7.871286563963e-01,3.261870521864e-01
3.981789875903e-01,-5.337483494221e-01,4.464372171090e-01,-6.663019036950e-01,4.721135517682e-01,-7.409320843193e-01,4.866811248182e-01,-7.873819207700e-01,3.277803514139e-01
3.972203798494e-01,-5.338544498099e-01,4.452709607658e-01,-6.664852533766e-01,4.709305652214e-01,-7.411696202173e-01,4.856060978591e-01,-7.876351124763e-01,3.293814332999e-01
3.962604354697e-01,-5.339593581683e-01,4.441017703449e-01,-6.666673891899e-01,4.697432531582e-01,-7.414064192044e-01,4.845259404425e-01,-7.878882189535e-01,3.309903358597e-01
3.952991569135e-01,-5.340630677670e-01,4.429296438039e-01,-6.668482980559e-01,4.685516031102e-01,-7.416424662468e-01,4.834406301597e-01,-7.881412275160e-01,3.326070972943e-01
3.943365469697e-01,-5.341655715974e-01,4.417545781877e-01,-6.670279674327e-01,4.673556033091e-01,-7.418777457202e-01,4.823501446991e-01,-7.883941252205e-01,3.342317559913e-01
3.933726083926e-01,-5.342668626813e-01,4.405765713253e-01,-6.672063841583e-01,4.661552414398e-01,-7.421122424528e-01,4.812544611916e-01,-7.886468991559e-01,3.358643505259e-01
3.924073445397e-01,-5.343669325701e-01,4.393956216808e-01,-6.673835339387e-01,4.649505051099e-01,-7.423459410872e-01,4.801535572719e-01,-7.888995360124e-01,3.375049196615e-01
3.914407586936e-01,-5.344657739576e-01,4.382117266648e-01,-6.675594040504e-01,4.637413829656e-01,-7.425788251976e-01,4.790474102266e-01,-7.891520223560e-01,3.391535023510e-01
3.904728529956e-01,-5.345633806704e-01,4.370248837990e-01,-6.677339816954e-01,4.625278621674e-01,-7.428108797887e-01,4.779359973540e-01,-7.894043445913e-01,3.408101377376e-01
3.895036307717e-01,-5.346597446196e-01,4.358350918115e-01,-6.679072523826e-01,4.613099311419e-01,-7.430420880853e-01,4.768192959334e-01,-7.896564888746e-01,3.424748651557e-01
3.885330960612e-01,-5.347548571260e-01,4.346423486086e-01,-6.680792024262e-01,4.600875778943e-01,-7.432724342489e-01,4.756972830609e-01,-7.899084413867e-01,3.441477241317e-01
3.875612506017e-01,-5.348487132394e-01,4.334466520720e-01,-6.682498190445e-01,4.588607900990e-01,-7.435019022309e-01,4.745699358465e-01,-7.901601878757e-01,3.458287543852e-01
3.865880986788e-01,-5.349413038933e-01,4.322480002973e-01,-6.684190881608e-01,4.576295559086e-01,-7.437304755090e-01,4.734372312368e-01,-7.904117141181e-01,3.475179958297e-01
3.856136428687e-01,-5.350326222876e-01,4.310463915678e-01,-6.685869961719e-01,4.563938634763e-01,-7.439581373378e-01,4.722991464223e-01,-7.906630055024e-01,3.492154885738e-01
3.846378873462e-01,-5.351226599333e-01,4.298418249258e-01,-6.687535281037e-01,4.551537007730e-01,-7.441848710628e-01,4.711556581049e-01,-7.909140474426e-01,3.509212729219e-01
3.836608348715e-01,-5.352114103260e-01,4.286342981099e-01,-6.689186710599e-01,4.539090562097e-01,-7.444106595304e-01,4.700067433187e-01,-7.911648249652e-01,3.526353893754e-01
3.826824881835e-01,-5.352988669372e-01,4.274238091744e-01,-6.690824113554e-01,4.526599174926e-01,-7.446354861962e-01,4.688523787590e-01,-7.914153230334e-01,3.543578786334e-01
3.817028520990e-01,-5.353850200817e-01,4.262103574443e-01,-6.692447337589e-01,4.514062728450e-01,-7.448593338871e-01,4.676925412542e-01,-7.916655263139e-01,3.560887815939e-01
3.807219296376e-01,-5.354698630631e-01,4.249939413516e-01,-6.694056245179e-01,4.501481108824e-01,-7.450821847630e-01,4.665272074820e-01,-7.919154193336e-01,3.578281393546e-01
3.797397240115e-01,-5.355533889551e-01,4.237745590456e-01,-6.695650700259e-01,4.488854193930e-01,-7.453040217427e-01,4.653563539654e-01,-7.921649864975e-01,3.595759932139e-01
3.787562390847e-01,-5.356355897268e-01,4.225522100224e-01,-6.697230547336e-01,4.476181872342e-01,-7.455248266519e-01,4.641799575475e-01,-7.924142117993e-01,3.613323846720e-01
3.777714782973e-01,-5.357164580929e-01,4.213268922622e-01,-6.698795655853e-01,4.463464020524e-01,-7.457445824143e-01,4.629979946073e-01,-7.926630792170e-01,3.630973554320e-01
3.767854457368e-01,-5.357959859912e-01,4.200986053178e-01,-6.700345870761e-01,4.450700524390e-01,-7.459632708576e-01,4.618104415573e-01,-7.929115724698e-01,3.648709474003e-01
3.757981449066e-01,-5.358741661860e-01,4.188673478629e-01,-6.701881050069e-01,4.437891267811e-01,-7.461808737146e-01,4.606172749145e-01,-7.931596750790e-01,3.666532026883e-01
3.748095793764e-01,-5.359509914789e-01,4.176331188789e-01,-6.703401049467e-01,4.425036137349e-01,-7.463973725386e-01,4.594184709722e-01,-7.934073704188e-01,3.684441636130e-01
3.738197538120e-01,-5.360264532751e-01,4.163959174512e-01,-6.704905721607e-01,4.412135014191e-01,-7.466127493407e-01,4.582140062434e-01,-7.936546413622e-01,3.702438726982e-01
3.728286711793e-01,-5.361005450041e-01,4.151557428588e-01,-6.706394916917e-01,4.399187782927e-01,-7.468269854399e-01,4.570038567681e-01,-7.939014709648e-01,3.720523726751e-01
3.718363359449e-01,-5.361732583299e-01,4.139125943609e-01,-6.707868486445e-01,4.386194332511e-01,-7.470400618789e-01,4.557879989590e-01,-7.941478418299e-01,3.738697064841e-01
3.708427516516e-01,-5.362445865455e-01,4.126664711211e-01,-6.709326284435e-01,4.373154546250e-01,-7.472519600467e-01,4.545664088409e-01,-7.943937363965e-01,3.756959172750e-01
3.698479233905e-01,-5.363145201753e-01,4.114173730244e-01,-6.710768152949e-01,4.360068310326e-01,-7.474626605939e-01,4.533390625889e-01,-7.946391369235e-01,3.775310484084e-01
3.688518538687e-01,-5.363830540552e-01,4.101652988288e-01,-6.712193952667e-01,4.346935514650e-01,-7.476721442943e-01,4.521059363006e-01,-7.948840253508e-01,3.793751434568e-01
3.678545484613e-01,-5.364501781932e-01,4.089102486634e-01,-6.713603523256e-01,4.333756040105e-01,-7.478803921084e-01,4.508670059226e-01,-7.951283835932e-01,3.812282462055e-01
3.668560100831e-01,-5.365158872433e-01,4.076522217919e-01,-6.714996718925e-01,4.320529779304e-01,-7.480873842164e-01,4.496222476799e-01,-7.953721929347e-01,3.830904006538e-01
3.658562443839e-01,-5.365801715015e-01,4.063912181246e-01,-6.716373384329e-01,4.307256619226e-01,-7.482931009989e-01,4.483716371708e-01,-7.956154350371e-01,3.849616510156e-01
3.648552549702e-01,-5.366430239626e-01,4.051272375777e-01,-6.717733364283e-01,4.293936445505e-01,-7.484975227231e-01,4.471151505301e-01,-7.958580907964e-01,3.868420417212e-01
3.638530460246e-01,-5.367044374252e-01,4.038602801091e-01,-6.719076502625e-01,4.280569154593e-01,-7.487006285614e-01,4.458527635922e-01,-7.961001410928e-01,3.887316174174e-01
3.628496223164e-01,-5.367644037568e-01,4.025903451946e-01,-6.720402651254e-01,4.267154628368e-01,-7.489023993605e-01,4.445844520420e-01,-7.963415665649e-01,3.906304229696e-01
3.618449885303e-01,-5.368229147875e-01,4.013174335486e-01,-6.721711645362e-01,4.253692761550e-01,-7.491028140296e-01,4.433101917444e-01,-7.965823476809e-01,3.925385034621e-01
3.608391489920e-01,-5.368799632887e-01,4.000415449622e-01,-6.723003333102e-01,4.240183443260e-01,-7.493018522040e-01,4.420299583996e-01,-7.968224645492e-01,3.944559041993e-01
3.598321074176e-01,-5.369355423821e-01,3.987626794113e-01,-6.724277561854e-01,4.226626565201e-01,-7.494994931674e-01,4.407437276202e-01,-7.970618971435e-01,3.963826707072e-01
3.588238696009e-01,-5.369896432092e-01,3.974808377593e-01,-6.725534166445e-01,4.213022019112e-01,-7.496957160871e-01,4.394514752405e-01,-7.973006250174e-01,3.983188487339e-01
3.578144398304e-01,-5.370422582499e-01,3.961960198348e-01,-6.726772992399e-01,4.199369695097e-01,-7.498905000529e-01,4.381531767642e-01,-7.975386276320e-01,4.002644842512e-01
3.568038233057e-01,-5.370933790696e-01,3.949082270904e-01,-6.727993871635e-01,4.185669493420e-01,-7.500838228987e-01,4.368488076786e-01,-7.977758842717e-01,4.022196234552e-01
3.557920238479e-01,-5.371429995364e-01,3.936174592266e-01,-6.729196655306e-01,4.171921299004e-01,-7.502756644210e-01,4.355383437220e-01,-7.980123737964e-01,4.041843127678e-01
3.547790470837e-01,-5.371911107428e-01,3.923237172169e-01,-6.730381176244e-01,4.158125009505e-01,-7.504660025887e-01,4.342217602117e-01,-7.982480748552e-01,4.061585988377e-01
3.537648975959e-01,-5.372377049956e-01,3.910270018471e-01,-6.731547271901e-01,4.144280523686e-01,-7.506548149937e-01,4.328990327430e-01,-7.984829659207e-01,4.081425285414e-01
3.527495803835e-01,-5.372827751027e-01,3.897273140547e-01,-6.732694782358e-01,4.130387733522e-01,-7.508420804370e-01,4.315701366493e-01,-7.987170252691e-01,4.101361489843e-01
3.517331001756e-01,-5.373263134567e-01,3.884246543099e-01,-6.733823549684e-01,4.116446533302e-01,-7.510277767348e-01,4.302350475079e-01,-7.989502305460e-01,4.121395075020e-01
3.507154627536e-01,-5.373683108416e-01,3.871190247534e-01,-6.734933394146e-01,4.102456824732e-01,-7.512118811770e-01,4.288937404265e-01,-7.991825596766e-01,4.141526516612e-01
3.496966725169e-01,-5.374087610595e-01,3.858104252715e-01,-6.736024169895e-01,4.088418501597e-01,-7.513943718144e-01,4.275461910455e-01,-7.994139898470e-01,4.161756292612e-01
3.486767351936e-01,-5.374476555658e-01,3.844988580598e-01,-6.737095696404e-01,4.074331467627e-01,-7.515752251061e-01,4.261923745352e-01,-7.996444983342e-01,4.182084883344e-01
3.476556558135e-01,-5.374849863078e-01,3.831843239557e-01,-6.738147817514e-01,4.060195613537e-01,-7.517544192720e-01,4.248322662511e-01,-7.998740618618e-01,4.202512771482e-01
3.466334394323e-01,-5.375207465567e-01,3.818668246915e-01,-6.739180361665e-01,4.046010845981e-01,-7.519319306927e-01,4.234658414750e-01,-8.001026570653e-01,4.223040442055e-01
3.456100923320e-01,-5.375549265807e-01,3.805463618615e-01,-6.740193158602e-01,4.031777064425e-01,-7.521077359733e-01,4.220930754444e-01,-8.003302602212e-01,4.243668382463e-01
3.445856184714e-01,-5.375875209871e-01,3.792229367158e-01,-6.741186048126e-01,4.017494170019e-01,-7.522818120339e-01,4.207139433717e-01,-8.005568474355e-01,4.264397082484e-01
3.435600242681e-01,-5.376185204549e-01,3.778965512390e-01,-6.742158854701e-01,4.003162063230e-01,-7.524541353464e-01,4.193284203164e-01,-8.007823944616e-01,4.285227034292e-01
3.425333154073e-01,-5.376479171863e-01,3.765672074788e-01,-6.743111411645e-01,3.988780647912e-01,-7.526246819889e-01,4.179364817636e-01,-8.010068766700e-01,4.306158732463e-01
3.415054969211e-01,-5.376757037424e-01,3.752349071424e-01,-6.744043547104e-01,3.974349829585e-01,-7.527934280319e-01,4.165381026270e-01,-8.012302693236e-01,4.327192673988e-01
3.404765746331e-01,-5.377018723728e-01,3.738996524651e-01,-6.744955089287e-01,3.959869511195e-01,-7.529603493117e-01,4.151332583181e-01,-8.014525472912e-01,4.348329358288e-01
3.394465540376e-01,-5.377264157599e-01,3.725614451057e-01,-6.745845872534e-01,3.945339598236e-01,-7.531254217843e-01,4.137219237367e-01,-8.016736852480e-01,4.369569287222e-01
3.384154412074e-01,-5.377493251239e-01,3.712202882055e-01,-6.746715712960e-01,3.930760000307e-01,-7.532886202005e-01,4.123040740812e-01,-8.018936574872e-01,4.390912965101e-01
3.373832422521e-01,-5.377705924992e-01,3.698761834639e-01,-6.747564446891e-01,3.916130619259e-01,-7.534499207720e-01,4.108796845373e-01,-8.021124379812e-01,4.412360898698e-01
3.363499625752e-01,-5.377902108992e-01,3.685291338019e-01,-6.748391895855e-01,3.901451370366e-01,-7.536092976550e-01,4.094487301512e-01,-8.023300005260e-01,4.433913597262e-01
3.353156080077e-01,-5.378081722338e-01,3.671791414800e-01,-6.749197886287e-01,3.886722157225e-01,-7.537667264266e-01,4.080111860512e-01,-8.025463186067e-01,4.455571572532e-01
3.342801846987e-01,-5.378244687992e-01,3.658262094998e-01,-6.749982242364e-01,3.871942891756e-01,-7.539221816767e-01,4.065670271908e-01,-8.027613652714e-01,4.477335338742e-01
3.332436989399e-01,-5.378390923450e-01,3.644703405135e-01,-6.750744789086e-01,3.857113486184e-01,-7.540756377036e-01,4.051162288696e-01,-8.029751133963e-01,4.499205412643e-01
3.322061567672e-01,-5.378520353387e-01,3.631115374645e-01,-6.751485350458e-01,3.842233850642e-01,-7.542270691355e-01,4.036587659904e-01,-8.031875355131e-01,4.521182313505e-01
3.311675640858e-01,-5.378632901741e-01,3.617498033184e-01,-6.752203748701e-01,3.827303898590e-01,-7.543764500078e-01,4.021946137204e-01,-8.033986037644e-01,4.543266563138e-01
3.301279272072e-01,-5.378728490099e-01,3.603851414199e-01,-6.752899804245e-01,3.812323545848e-01,-7.545237541607e-01,4.007237471493e-01,-8.036082901536e-01,4.565458685900e-01
3.290872529873e-01,-5.378807033468e-01,3.590175552076e-01,-6.753573336391e-01,3.797292707675e-01,-7.546689551126e-01,3.992461412542e-01,-8.038165662597e-01,4.587759208710e-01
3.280455466611e-01,-5.378868463472e-01,3.576470477494e-01,-6.754224170434e-01,3.782211297376e-01,-7.548120268569e-01,3.977617711355e-01,-8.040234033371e-01,4.610168661061e-01
3.270028158227e-01,-5.378912694485e-01,3.562736227514e-01,-6.754852122784e-01,3.767079236829e-01,-7.549529423687e-01,3.962706119948e-01,-8.042287722726e-01,4.632687575031e-01
3.259590661893e-01,-5.378939652746e-01,3.548972836653e-01,-6.755457016534e-01,3.751896439763e-01,-7.550916752064e-01,3.947726388358e-01,-8.044326437682e-01,4.655316485300e-01
3.249143046413e-01,-5.378949259944e-01,3.535180344432e-01,-6.756038666025e-01,3.736662827349e-01,-7.552281981193e-01,3.932678267266e-01,-8.046349881466e-01,4.678055929156e-01
3.238685378590e-01,-5.378941432952e-01,3.521358789976e-01,-6.756596888906e-01,3.721378323097e-01,-7.553624833467e-01,3.917561508986e-01,-8.048357752740e-01,4.700906446515e-01
3.228217719394e-01,-5.378916104380e-01,3.507508211590e-01,-6.757131507455e-01,3.706042844239e-01,-7.554945043086e-01,3.902375863712e-01,-8.050349749589e-01,4.723868579928e-01
3.217740143888e-01,-5.378873184844e-01,3.493628652075e-01,-6.757642331989e-01,3.690656317688e-01,-7.556242328188e-01,3.887121083570e-01,-8.052325563663e-01,4.746942874597e-01
3.207252713498e-01,-5.378812604942e-01,3.479720153059e-01,-6.758129184658e-01,3.675218665436e-01,-7.557516410235e-01,3.871796919262e-01,-8.054284885696e-01,4.770129878387e-01
3.196755502061e-01,-5.378734281953e-01,3.465782757754e-01,-6.758591875712e-01,3.659729814976e-01,-7.558767008792e-01,3.856403123111e-01,-8.056227401814e-01,4.793430141839e-01
3.186248573079e-01,-5.378638141078e-01,3.451816512583e-01,-6.759030221764e-01,3.644189688918e-01,-7.559993845115e-01,3.840939446545e-01,-8.058152794773e-01,4.816844218182e-01
3.175732000115e-01,-5.378524103142e-01,3.437821463209e-01,-6.759444035465e-01,3.628598219036e-01,-7.561196629642e-01,3.825405642463e-01,-8.060060744518e-01,4.840372663351e-01
3.165205855876e-01,-5.378392087315e-01,3.423797658077e-01,-6.759833130481e-01,3.612955332996e-01,-7.562375076412e-01,3.809801462446e-01,-8.061950926352e-01,4.864016035992e-01
3.154670206947e-01,-5.378242023353e-01,3.409745145065e-01,-6.760197322017e-01,3.597260963205e-01,-7.563528896812e-01,3.794126660248e-01,-8.063823012895e-01,4.887774897482e-01
3.144125123338e-01,-5.378073830340e-01,3.395663973419e-01,-6.760536420256e-01,3.581515037004e-01,-7.564657803821e-01,3.778380989081e-01,-8.065676673009e-01,4.911649811941e-01
3.133570680517e-01,-5.377887433770e-01,3.381554197074e-01,-6.760850237484e-01,3.565717492628e-01,-7.565761498751e-01,3.762564200328e-01,-8.067511573307e-01,4.935641346242e-01
3.123006954741e-01,-5.377682746692e-01,3.367415867947e-01,-6.761138581540e-01,3.549868264412e-01,-7.566839686770e-01,3.746676049866e-01,-8.069327374046e-01,4.959750070030e-01
3.112434014585e-01,-5.377459701628e-01,3.353249040556e-01,-6.761401266223e-01,3.533967283735e-01,-7.567892075680e-01,3.730716291342e-01,-8.071123734197e-01,4.983976555730e-01
3.101851938126e-01,-5.377218214341e-01,3.339053769138e-01,-6.761638099319e-01,3.518014490753e-01,-7.568918363135e-01,3.714684677195e-01,-8.072900308279e-01,5.008321378564e-01
3.091260796186e-01,-5.376958215240e-01,3.324830110856e-01,-6.761848892268e-01,3.502009824096e-01,-7.569918248400e-01,3.698580964486e-01,-8.074656746869e-01,5.032785116564e-01
3.080660663030e-01,-5.376679626279e-01,3.310578124772e-01,-6.762033451660e-01,3.485953224181e-01,-7.570891426209e-01,3.682404908115e-01,-8.076392697568e-01,5.057368350585e-01
3.070051619946e-01,-5.376382367326e-01,3.296297870722e-01,-6.762191584480e-01,3.469844632938e-01,-7.571837594355e-01,3.666156262781e-01,-8.078107803370e-01,5.082071664320e-01
3.059433742173e-01,-5.376066360880e-01,3.281989410024e-01,-6.762323099822e-01,3.453683991324e-01,-7.572756443409e-01,3.649834786759e-01,-8.079801703650e-01,5.106895644312e-01
3.048807102407e-01,-5.375731538035e-01,3.267652803956e-01,-6.762427804654e-01,3.437471247445e-01,-7.573647662853e-01,3.633440235075e-01,-8.081474034672e-01,5.131840879969e-01
3.038171789638e-01,-5.375377807039e-01,3.253288117097e-01,-6.762505502106e-01,3.421206346459e-01,-7.574510939505e-01,3.616972365468e-01,-8.083124427994e-01,5.156907963580e-01
3.027527872828e-01,-5.375005106246e-01,3.238895416002e-01,-6.762556000019e-01,3.404889235013e-01,-7.575345962557e-01,3.600430935752e-01,-8.084752512597e-01,5.182097490324e-01
3.016875432012e-01,-5.374613355303e-01,3.224474766714e-01,-6.762579102998e-01,3.388519862952e-01,-7.576152416495e-01,3.583815704934e-01,-8.086357912093e-01,5.207410058291e-01
3.006214552801e-01,-5.374202472765e-01,3.210026235495e-01,-6.762574616241e-01,3.372098182968e-01,-7.576929978704e-01,3.567126432182e-01,-8.087940245934e-01,5.232846268489e-01
2.995545313633e-01,-5.373772387637e-01,3.195549897555e-01,-6.762542339309e-01,3.355624147244e-01,-7.577678328795e-01,3.550362876319e-01,-8.089499132309e-01,5.258406724864e-01
2.984867792708e-01,-5.373323023258e-01,3.181045819176e-01,-6.762482081590e-01,3.339097707535e-01,-7.578397149884e-01,3.533524798875e-01,-8.091034182387e-01,5.284092034310e-01
2.974182075028e-01,-5.372854304303e-01,3.166514073133e-01,-6.762393643744e-01,3.322518824013e-01,-7.579086110679e-01,3.516611961052e-01,-8.092545004364e-01,5.309902806687e-01
2.963488242243e-01,-5.372366158210e-01,3.151954734237e-01,-6.762276829833e-01,3.305887449620e-01,-7.579744890460e-01,3.499624124563e-01,-8.094031203038e-01,5.335839654835e-01
2.952786377564e-01,-5.371858502938e-01,3.137367881847e-01,-6.762131436097e-01,3.289203548977e-01,-7.580373153369e-01,3.482561052236e-01,-8.095492378368e-01,5.361903194584e-01
2.942076567791e-01,-5.371331264542e-01,3.122753588763e-01,-6.761957267448e-01,3.272467081193e-01,-7.580970571755e-01,3.465422506714e-01,-8.096928127055e-01,5.388094044775e-01
2.931358894867e-01,-5.370784371029e-01,3.108111936455e-01,-6.761754124228e-01,3.255678008371e-01,-7.581536812790e-01,3.448208254137e-01,-8.098338040049e-01,5.414412827270e-01
2.920633443321e-01,-5.370217749308e-01,3.093443003105e-01,-6.761521808936e-01,3.238836296471e-01,-7.582071539487e-01,3.430918058692e-01,-8.099721705358e-01,5.440860166971e-01
2.909900303441e-01,-5.369631315897e-01,3.078746872042e-01,-6.761260117307e-01,3.221941913463e-01,-7.582574412454e-01,3.413551686136e-01,-8.101078707690e-01,5.467436691830e-01
2.899159556081e-01,-5.369025004252e-01,3.064023626140e-01,-6.760968851474e-01,3.204994825659e-01,-7.583045095100e-01,3.396108904189e-01,-8.102408624923e-01,5.494143032868e-01
2.888411293011e-01,-5.368398739402e-01,3.049273351926e-01,-6.760647808772e-01,3.187995005483e-01,-7.583483242689e-01,3.378589481193e-01,-8.103711033034e-01,5.520979824186e-01
2.877655600604e-01,-5.367752443772e-01,3.034496132181e-01,-6.760296791120e-01,3.170942423957e-01,-7.583888512195e-01,3.360993186164e-01,-8.104985502088e-01,5.547947702984e-01
2.866892567466e-01,-5.367086046457e-01,3.019692059086e-01,-6.759915591562e-01,3.153837057334e-01,-7.584260556717e-01,3.343319788755e-01,-8.106231599222e-01,5.575047309576e-01
2.856122284327e-01,-5.366399468539e-01,3.004861225709e-01,-6.759504005318e-01,3.136678881186e-01,-7.584599025611e-01,3.325569060223e-01,-8.107448886786e-01,5.602279287401e-01
2.845344840788e-01,-5.365692642631e-01,2.990003713953e-01,-6.759061838678e-01,3.119467873076e-01,-7.584903571342e-01,3.307740773664e-01,-8.108636921192e-01,5.629644283041e-01
2.834560326424e-01,-5.364965490848e-01,2.975119625982e-01,-6.758588879482e-01,3.102204015913e-01,-7.585173835302e-01,3.289834702551e-01,-8.109795256256e-01,5.657142946238e-01
2.823768833747e-01,-5.364217943069e-01,2.960209050178e-01,-6.758084929258e-01,3.084887289104e-01,-7.585409468725e-01,3.271850620446e-01,-8.110923441447e-01,5.684775929908e-01
2.812970454244e-01,-5.363449923861e-01,2.945272087510e-01,-6.757549780938e-01,3.067517680571e-01,-7.585610108188e-01,3.253788303423e-01,-8.112021020612e-01,5.712543890154e-01
2.802165282121e-01,-5.362661360395e-01,2.930308835778e-01,-6.756983229108e-01,3.050095175556e-01,-7.585775396698e-01,3.235647530441e-01,-8.113087533247e-01,5.740447486285e-01
2.791353410514e-01,-5.361852182217e-01,2.915319390857e-01,-6.756385071912e-01,3.032619764247e-01,-7.585904971076e-01,3.217428077790e-01,-8.114122515167e-01,5.768487380831e-01
2.780534932159e-01,-5.361022314455e-01,2.900303859773e-01,-6.755755100081e-01,3.015091435870e-01,-7.585998467468e-01,3.199129726268e-01,-8.115125496091e-01,5.796664239558e-01
2.769709941331e-01,-5.360171687707e-01,2.885262342486e-01,-6.755093109604e-01,2.997510183024e-01,-7.586055521238e-01,3.180752257099e-01,-8.116096003060e-01,5.824978731482e-01
2.758878534318e-01,-5.359300231533e-01,2.870194942785e-01,-6.754398896481e-01,2.979876003866e-01,-7.586075761129e-01,3.162295452510e-01,-8.117033557079e-01,5.853431528891e-01
2.748040809881e-01,-5.358407867097e-01,2.855101771262e-01,-6.753672250210e-01,2.962188896140e-01,-7.586058815410e-01,3.143759097369e-01,-8.117937674351e-01,5.882023307354e-01
2.737196861805e-01,-5.357494528619e-01,2.839982933829e-01,-6.752912965343e-01,2.944448859344e-01,-7.586004313975e-01,3.125142976070e-01,-8.118807867478e-01,5.910754745739e-01
2.726346791519e-01,-5.356560143227e-01,2.824838542176e-01,-6.752120833997e-01,2.926655897173e-01,-7.585911877629e-01,3.106446877509e-01,-8.119643643318e-01,5.939626526232e-01
2.715490692877e-01,-5.355604641877e-01,2.809668705006e-01,-6.751295650930e-01,2.908810012396e-01,-7.585781131995e-01,3.087670588711e-01,-8.120444504273e-01,5.968639334351e-01
2.704628662603e-01,-5.354627954717e-01,2.794473540547e-01,-6.750437205378e-01,2.890911212615e-01,-7.585611697237e-01,3.068813900157e-01,-8.121209948120e-01,5.997793858963e-01
2.693760809213e-01,-5.353630006214e-01,2.779253163693e-01,-6.749545288855e-01,2.872959508912e-01,-7.585403189751e-01,3.049876604698e-01,-8.121939467578e-01,6.027090792297e-01
2.682887227015e-01,-5.352610729992e-01,2.764007690376e-01,-6.748619694165e-01,2.854954913763e-01,-7.585155223961e-01,3.030858496710e-01,-8.122632550299e-01,6.056530829966e-01
2.672008018528e-01,-5.351570055486e-01,2.748737239128e-01,-6.747660213110e-01,2.836897441672e-01,-7.584867415118e-01,3.011759369905e-01,-8.123288679460e-01,6.086114670981e-01
2.661123283662e-01,-5.350507917465e-01,2.733441931175e-01,-6.746666637615e-01,2.818787107449e-01,-7.584539376619e-01,2.992579022394e-01,-8.123907333288e-01,6.115843017765e-01
2.650233128670e-01,-5.349424237385e-01,2.718121892647e-01,-6.745638751594e-01,2.800623934981e-01,-7.584170712543e-01,2.973317254134e-01,-8.124487984239e-01,6.145716576174e-01
2.639337651165e-01,-5.348318955494e-01,2.702777245478e-01,-6.744576351352e-01,2.782407943811e-01,-7.583761034200e-01,2.953973865628e-01,-8.125030100681e-01,6.175736055512e-01
2.628436959478e-01,-5.347191999013e-01,2.687408115987e-01,-6.743479226465e-01,2.764139159880e-01,-7.583309943616e-01,2.934548658711e-01,-8.125533146003e-01,6.205902168547e-01
2.617531154991e-01,-5.346043302753e-01,2.672014634505e-01,-6.742347165948e-01,2.745817610355e-01,-7.582817044865e-01,2.915041441209e-01,-8.125996576927e-01,6.236215631528e-01
2.606620348172e-01,-5.344872790377e-01,2.656596931046e-01,-6.741179955744e-01,2.727443326831e-01,-7.582281935512e-01,2.895452017999e-01,-8.126419847336e-01,6.266677164203e-01
2.595704637801e-01,-5.343680406054e-01,2.641155135937e-01,-6.739977392889e-01,2.709016340200e-01,-7.581704217506e-01,2.875780199814e-01,-8.126802404310e-01,6.297287489837e-01
2.584784135977e-01,-5.342466073899e-01,2.625689384888e-01,-6.738739261221e-01,2.690536688064e-01,-7.581083483961e-01,2.856025796487e-01,-8.127143690749e-01,6.328047335226e-01
2.573858949408e-01,-5.341229726658e-01,2.610199816065e-01,-6.737465348917e-01,2.672004409215e-01,-7.580419327212e-01,2.836188622852e-01,-8.127443143356e-01,6.358957430717e-01
2.562929182444e-01,-5.339971303377e-01,2.594686564718e-01,-6.736155447790e-01,2.653419546379e-01,-7.579711339884e-01,2.816268495097e-01,-8.127700194586e-01,6.390018510224e-01
2.551994946409e-01,-5.338690735098e-01,2.579149770526e-01,-6.734809347054e-01,2.634782140278e-01,-7.578959113701e-01,2.796265229845e-01,-8.127914271208e-01,6.421231311247e-01
2.541056346202e-01,-5.337387959493e-01,2.563589577752e-01,-6.733426833565e-01,2.616092240618e-01,-7.578162233635e-01,2.776178649616e-01,-8.128084793696e-01,6.452596574888e-01
2.530113499910e-01,-5.336062903453e-01,2.548006129372e-01,-6.732007694619e-01,2.597349896250e-01,-7.577320284340e-01,2.756008575788e-01,-8.128211179769e-01,6.484115045868e-01
2.519166515136e-01,-5.334715504250e-01,2.532399572628e-01,-6.730551717383e-01,2.578555162879e-01,-7.576432847308e-01,2.735754834929e-01,-8.128292838917e-01,6.515787472546e-01
2.508215497020e-01,-5.333345704067e-01,2.516770050574e-01,-6.729058696408e-01,2.559708092940e-01,-7.575499506356e-01,2.715417254125e-01,-8.128329177189e-01,6.547614606938e-01
2.497260568407e-01,-5.331953425361e-01,2.501117720980e-01,-6.727528411336e-01,2.540808750191e-01,-7.574519834829e-01,2.694995665686e-01,-8.128319593464e-01,6.579597204731e-01
2.486301832511e-01,-5.330538618239e-01,2.485442728031e-01,-6.725960659106e-01,2.521857191302e-01,-7.573493415782e-01,2.674489901264e-01,-8.128263483440e-01,6.611736025305e-01
2.475339410135e-01,-5.329101206658e-01,2.469745232499e-01,-6.724355218441e-01,2.502853486297e-01,-7.572419816490e-01,2.653899797191e-01,-8.128160235322e-01,6.644031831748e-01
2.464373409986e-01,-5.327641135859e-01,2.454025385289e-01,-6.722711882982e-01,2.483797703248e-01,-7.571298611047e-01,2.633225192219e-01,-8.128009232635e-01,6.676485390877e-01
2.453403950525e-01,-5.326158338877e-01,2.438283347302e-01,-6.721030439245e-01,2.464689912053e-01,-7.570129370432e-01,2.612465929136e-01,-8.127809852967e-01,6.709097473253e-01
2.442431145563e-01,-5.324652754796e-01,2.422519278863e-01,-6.719310673859e-01,2.445530187139e-01,-7.568911662441e-01,2.591621850474e-01,-8.127561469085e-01,6.741868853202e-01
2.431455110114e-01,-5.323124321362e-01,2.406733339148e-01,-6.717552377411e-01,2.426318608777e-01,-7.567645050298e-01,2.570692805025e-01,-8.127263447469e-01,6.774800308831e-01
2.420475964437e-01,-5.321572976816e-01,2.390925694751e-01,-6.715755336509e-01,2.407055257327e-01,-7.566329099860e-01,2.549678643852e-01,-8.126915148968e-01,6.807892622049e-01
2.409493822117e-01,-5.319998659094e-01,2.375096513311e-01,-6.713919336008e-01,2.387740217786e-01,-7.564963370259e-01,2.528579218740e-01,-8.126515928451e-01,6.841146578585e-01
2.398508806370e-01,-5.318401306348e-01,2.359245961587e-01,-6.712044166974e-01,2.368373579292e-01,-7.563547420381e-01,2.507394387500e-01,-8.126065136526e-01,6.874562968003e-01
2.387521033651e-01,-5.316780859948e-01,2.343374211642e-01,-6.710129616324e-01,2.348955432333e-01,-7.562080808648e-01,2.486124009848e-01,-8.125562116442e-01,6.908142583727e-01
2.376530622544e-01,-5.315137260301e-01,2.327481434472e-01,-6.708175471868e-01,2.329485872189e-01,-7.560563090361e-01,2.464767949546e-01,-8.125006205884e-01,6.941886223055e-01
2.365537694319e-01,-5.313470447860e-01,2.311567804278e-01,-6.706181523642e-01,2.309964997624e-01,-7.558993816729e-01,2.443326073881e-01,-8.124396737079e-01,6.975794687179e-01
2.354542371815e-01,-5.311780360959e-01,2.295633502169e-01,-6.704147553620e-01,2.290392909756e-01,-7.557372540093e-01,2.421798250564e-01,-8.123733037418e-01,7.009868781206e-01
2.343544773905e-01,-5.310066942946e-01,2.279678703618e-01,-6.702073356573e-01,2.270769716320e-01,-7.555698808039e-01,2.400184353952e-01,-8.123014426442e-01,7.044109314174e-01
2.332545024678e-01,-5.308330137545e-01,2.263703590085e-01,-6.699958721019e-01,2.251095524416e-01,-7.553972168057e-01,2.378484262238e-01,-8.122240219035e-01,7.078517099074e-01
2.321543247423e-01,-5.306569881816e-01,2.247708348744e-01,-6.697803429071e-01,2.231370449088e-01,-7.552192163521e-01,2.356697854576e-01,-8.121409724554e-01,7.113092952868e-01
2.310539563374e-01,-5.304786125152e-01,2.231693161924e-01,-6.695607275236e-01,2.211594604767e-01,-7.550358339347e-01,2.334825016524e-01,-8.120522244987e-01,7.147837696509e-01
2.299534101625e-01,-5.302978804999e-01,2.215658219094e-01,-6.693370046303e-01,2.191768113909e-01,-7.548470233537e-01,2.312865635634e-01,-8.119577077505e-01,7.182752154959e-01
2.288526981833e-01,-5.301147870630e-01,2.199603708767e-01,-6.691091533268e-01,2.171891096892e-01,-7.546527388711e-01,2.290819604869e-01,-8.118573512536e-01,7.217837157209e-01
2.277518337264e-01,-5.299293259612e-01,2.183529825760e-01,-6.688771521540e-01,2.151963686370e-01,-7.544529336759e-01,2.268686818857e-01,-8.117510834731e-01,7.253093536302e-01
2.266508285627e-01,-5.297414922893e-01,2.167436763678e-01,-6.686409802583e-01,2.131986011311e-01,-7.542475615791e-01,2.246467177896e-01,-8.116388323727e-01,7.288522129347e-01
2.255496960821e-01,-5.295512801446e-01,2.151324720378e-01,-6.684006166186e-01,2.111958208633e-01,-7.540365756734e-01,2.224160586865e-01,-8.115205251094e-01,7.324123777545e-01
2.244484489236e-01,-5.293586841963e-01,2.135193893166e-01,-6.681560403959e-01,2.091880417003e-01,-7.538199291193e-01,2.201766953588e-01,-8.113960883247e-01,7.359899326203e-01
2.233470999111e-01,-5.291636990937e-01,2.119044484972e-01,-6.679072303387e-01,2.071752779416e-01,-7.535975748320e-01,2.179286189734e-01,-8.112654481242e-01,7.395849624759e-01
2.222456616352e-01,-5.289663198775e-01,2.102876698853e-01,-6.676541656549e-01,2.051575444463e-01,-7.533694656084e-01,2.156718213518e-01,-8.111285298494e-01,7.431975526799e-01
2.211441474078e-01,-5.287665409012e-01,2.086690740612e-01,-6.673968255882e-01,2.031348563601e-01,-7.531355537927e-01,2.134062944309e-01,-8.109852583259e-01,7.468277890079e-01
2.200425702848e-01,-5.285643569326e-01,2.070486818586e-01,-6.671351890485e-01,2.011072292609e-01,-7.528957916898e-01,2.111320308803e-01,-8.108355577196e-01,7.504757576546e-01
2.189409431276e-01,-5.283597632000e-01,2.054265143222e-01,-6.668692352722e-01,1.990746789600e-01,-7.526501317704e-01,2.088490237163e-01,-8.106793515798e-01,7.541415452355e-01
2.178392796048e-01,-5.281527540672e-01,2.038025929201e-01,-6.665989433498e-01,1.970372222628e-01,-7.523985255094e-01,2.065572664312e-01,-8.105165627912e-01,7.578252387893e-01
2.167375926720e-01,-5.279433246276e-01,2.021769391066e-01,-6.663242925708e-01,1.949948756030e-01,-7.521409250354e-01,2.042567530026e-01,-8.103471136707e-01,7.615269257799e-01
2.156358955071e-01,-5.277314702753e-01,2.005495742600e-01,-6.660452625929e-01,1.929476563417e-01,-7.518772818569e-01,2.019474776899e-01,-8.101709259019e-01,7.652466940982e-01
2.145342017866e-01,-5.275171857582e-01,1.989205208853e-01,-6.657618322169e-01,1.908955821738e-01,-7.516075474984e-01,1.996294356520e-01,-8.099879204173e-01,7.689846320648e-01
2.134325248640e-01,-5.273004661423e-01,1.972898011823e-01,-6.654739809328e-01,1.888386713292e-01,-7.513316728679e-01,1.973026222284e-01,-8.097980176478e-01,7.727408284314e-01
2.123308780893e-01,-5.270813068317e-01,1.956574371927e-01,-6.651816884414e-01,1.867769422541e-01,-7.510496094371e-01,1.949670333733e-01,-8.096011373529e-01,7.765153723833e-01
2.112292754452e-01,-5.268597029463e-01,1.940234520396e-01,-6.648849338900e-01,1.847104140207e-01,-7.507613079094e-01,1.926226655515e-01,-8.093971985840e-01,7.803083535415e-01
2.101277300992e-01,-5.266356497960e-01,1.923878683457e-01,-6.645836970256e-01,1.826391059903e-01,-7.504667190542e-01,1.902695156581e-01,-8.091861198400e-01,7.841198619647e-01
2.090262560979e-01,-5.264091426334e-01,1.907507095824e-01,-6.642779572954e-01,1.805630381389e-01,-7.501657934382e-01,1.879075813441e-01,-8.089678188874e-01,7.879499881514e-01
2.079248671156e-01,-5.261801772244e-01,1.891119988950e-01,-6.639676945896e-01,1.784822307656e-01,-7.498584814803e-01,1.855368605986e-01,-8.087422129043e-01,7.917988230424e-01
2.068235769432e-01,-5.259487486442e-01,1.874717601531e-01,-6.636528881485e-01,1.763967046593e-01,-7.495447333982e-01,1.831573520516e-01,-8.085092184149e-01,7.956664580226e-01
2.057223993082e-01,-5.257148530001e-01,1.858300170661e-01,-6.633335183200e-01,1.743064812029e-01,-7.492244994418e-01,1.807690548400e-01,-8.082687512835e-01,7.995529849232e-01
2.046213485325e-01,-5.254784854335e-01,1.841867938912e-01,-6.630095644559e-01,1.722115821759e-01,-7.488977293792e-01,1.783719688519e-01,-8.080207266743e-01,8.034584960240e-01
2.035204384766e-01,-5.252396415835e-01,1.825421150487e-01,-6.626810065306e-01,1.701120297645e-01,-7.485643728448e-01,1.759660942690e-01,-8.077650591705e-01,8.073830840555e-01
2.024196833094e-01,-5.249983175240e-01,1.808960051115e-01,-6.623478245531e-01,1.680078466119e-01,-7.482243797524e-01,1.735514321936e-01,-8.075016626432e-01,8.113268422014e-01
2.013190972236e-01,-5.247545086969e-01,1.792484890715e-01,-6.620099983767e-01,1.658990561525e-01,-7.478776992751e-01,1.711279840946e-01,-8.072304503129e-01,8.152898641003e-01
2.002186941131e-01,-5.245082114932e-01,1.775995915969e-01,-6.616675086661e-01,1.637856816496e-01,-7.475242811163e-01,1.686957520745e-01,-8.069513347794e-01,8.192722438483e-01
1.991184886414e-01,-5.242594212414e-01,1.759493386866e-01,-6.613203348611e-01,1.616677478182e-01,-7.471640739804e-01,1.662547390236e-01,-8.066642279421e-01,8.232740760011e-01
1.980184951047e-01,-5.240081343066e-01,1.742977554654e-01,-6.609684577027e-01,1.595452790114e-01,-7.467970272919e-01,1.638049482965e-01,-8.063690410354e-01,8.272954555763e-01
1.969187277379e-01,-5.237543464967e-01,1.726448680116e-01,-6.606118572190e-01,1.574183004182e-01,-7.464230897654e-01,1.613463839849e-01,-8.060656846083e-01,8.313364780555e-01
1.958192010084e-01,-5.234980544832e-01,1.709907024317e-01,-6.602505139668e-01,1.552868378151e-01,-7.460422102566e-01,1.588790507572e-01,-8.057540686214e-01,8.353972393868e-01
1.947199294232e-01,-5.232392542460e-01,1.693352848576e-01,-6.598844086014e-01,1.531509172822e-01,-7.456543375089e-01,1.564029539835e-01,-8.054341023102e-01,8.394778359870e-01
1.936209278922e-01,-5.229779416715e-01,1.676786422399e-01,-6.595135213135e-01,1.510105656522e-01,-7.452594197988e-01,1.539180998800e-01,-8.051056942133e-01,8.435783647439e-01
1.925222107336e-01,-5.227141134520e-01,1.660208011573e-01,-6.591378329827e-01,1.488658101356e-01,-7.448574055076e-01,1.514244951234e-01,-8.047687522525e-01,8.476989230184e-01
1.914237928017e-01,-5.224477658455e-01,1.643617888350e-01,-6.587573243157e-01,1.467166785167e-01,-7.444482430330e-01,1.489221470787e-01,-8.044231836483e-01,8.518396086470e-01
1.903256887950e-01,-5.221788955935e-01,1.627016325164e-01,-6.583719763397e-01,1.445631990484e-01,-7.440318804887e-01,1.464110640862e-01,-8.040688949511e-01,8.560005199442e-01
1.892279136404e-01,-5.219074991320e-01,1.610403599778e-01,-6.579817696722e-01,1.424054006461e-01,-7.436082658889e-01,1.438912549104e-01,-8.037057920761e-01,8.601817557046e-01
1.881304820653e-01,-5.216335730367e-01,1.593779990025e-01,-6.575866855857e-01,1.402433123932e-01,-7.431773472255e-01,1.413627292143e-01,-8.033337802234e-01,8.643834152055e-01
1.870334091432e-01,-5.213571141864e-01,1.577145776229e-01,-6.571867051273e-01,1.380769645434e-01,-7.427390721030e-01,1.388254973657e-01,-8.029527639147e-01,8.686055982091e-01
1.859367098205e-01,-5.210781191884e-01,1.560501242774e-01,-6.567818096754e-01,1.359063872507e-01,-7.422933884691e-01,1.362795705980e-01,-8.025626469879e-01,8.728484049649e-01
1.848403991390e-01,-5.207965851725e-01,1.543846675215e-01,-6.563719805288e-01,1.337316118885e-01,-7.418402437755e-01,1.337249607685e-01,-8.021633326739e-01,8.771119362119e-01
1.837444924330e-01,-5.205125085755e-01,1.527182363711e-01,-6.559571989792e-01,1.315526697343e-01,-7.413795855033e-01,1.311616804140e-01,-8.017547234753e-01,8.813962931815e-01
1.826490044594e-01,-5.202258867623e-01,1.510508597998e-01,-6.555374467819e-01,1.293695930244e-01,-7.409113610181e-01,1.285897432491e-01,-8.013367211819e-01,8.857015775993e-01
1.815539508755e-01,-5.199367168575e-01,1.493825672292e-01,-6.551127055626e-01,1.271824143895e-01,-7.404355178704e-01,1.260091634511e-01,-8.009092269660e-01,8.900278916880e-01
1.804593465690e-01,-5.196449961160e-01,1.477133883173e-01,-6.546829572222e-01,1.249911671171e-01,-7.399520032344e-01,1.234199561397e-01,-8.004721413226e-01,8.943753381694e-01
1.793652073276e-01,-5.193507213261e-01,1.460433530675e-01,-6.542481834380e-01,1.227958851614e-01,-7.394607640366e-01,1.208221372905e-01,-8.000253640426e-01,8.987440202672e-01
1.782715482976e-01,-5.190538902735e-01,1.443724913729e-01,-6.538083665500e-01,1.205966028544e-01,-7.389617476555e-01,1.182157236196e-01,-7.995687942233e-01,9.031340417093e-01
1.771783846436e-01,-5.187545003785e-01,1.427008337675e-01,-6.533634886553e-01,1.183933552098e-01,-7.384549010112e-01,1.156007328511e-01,-7.991023303673e-01,9.075455067303e-01
1.760857325871e-01,-5.184525484941e-01,1.410284110977e-01,-6.529135316757e-01,1.161861778996e-01,-7.379401707702e-01,1.129771835881e-01,-7.986258701822e-01,9.119785200738e-01
1.749936070740e-01,-5.181480330300e-01,1.393552539637e-01,-6.524584786706e-01,1.139751070009e-01,-7.374175042481e-01,1.103450950561e-01,-7.981393108014e-01,9.164331869952e-01
1.739020239541e-01,-5.178409509956e-01,1.376813938363e-01,-6.519983117336e-01,1.117601794608e-01,-7.368868478563e-01,1.077044876883e-01,-7.976425486306e-01,9.209096132639e-01
1.728109988894e-01,-5.175313005103e-01,1.360068619834e-01,-6.515330137647e-01,1.095414325642e-01,-7.363481487208e-01,1.050553826189e-01,-7.971354794182e-01,9.254079051661e-01
1.717205477338e-01,-5.172190791266e-01,1.343316901290e-01,-6.510625674440e-01,1.073189042896e-01,-7.358013533745e-01,1.023978020712e-01,-7.966179982415e-01,9.299281695069e-01
1.706306858808e-01,-5.169042848959e-01,1.326559102189e-01,-6.505869558585e-01,1.050926334212e-01,-7.352464083287e-01,9.973176904315e-02,-7.960899994976e-01,9.344705136135e-01
1.695414295444e-01,-5.165869155972e-01,1.309795546220e-01,-6.501061620707e-01,1.028626591931e-01,-7.346832604973e-01,9.705730766394e-02,-7.955513768837e-01,9.390350453370e-01
1.684527943259e-01,-5.162669696935e-01,1.293026555165e-01,-6.496201694741e-01,1.006290212469e-01,-7.341118563274e-01,9.437444282502e-02,-7.950020235022e-01,9.436218730554e-01
1.673647964335e-01,-5.159444449110e-01,1.276252458611e-01,-6.491289613501e-01,9.839176033569e-02,-7.335321424163e-01,9.168320065245e-02,-7.944418317298e-01,9.482311056762e-01
1.662774515481e-01,-5.156193397597e-01,1.259473585822e-01,-6.486325213838e-01,9.615091743807e-02,-7.329440652385e-01,8.898360795811e-02,-7.938706933017e-01,9.528628526388e-01
1.651907757802e-01,-5.152916526293e-01,1.242690267980e-01,-6.481308332805e-01,9.390653431435e-02,-7.323475715251e-01,8.627569280903e-02,-7.932884992347e-01,9.575172239171e-01
1.641047853404e-01,-5.149613814286e-01,1.225902843067e-01,-6.476238807093e-01,9.165865338932e-02,-7.317426074325e-01,8.355948423036e-02,-7.926951399606e-01,9.621943300223e-01
1.630194960757e-01,-5.146285252136e-01,1.209111647412e-01,-6.471116478983e-01,8.940731787495e-02,-7.311291197403e-01,8.083501226838e-02,-7.920905051846e-01,9.668942820053e-01
1.619349246596e-01,-5.142930820858e-01,1.192317020892e-01,-6.465941190143e-01,8.715257126432e-02,-7.305070547656e-01,7.810230797915e-02,-7.914744840235e-01,9.716171914595e-01
1.608510865862e-01,-5.139550513454e-01,1.175519306667e-01,-6.460712785642e-01,8.489445805924e-02,-7.298763591639e-01,7.536140362208e-02,-7.908469648352e-01,9.763631705235e-01
1.597679988317e-01,-5.136144311919e-01,1.158718850311e-01,-6.455431110163e-01,8.263302309312e-02,-7.292369793168e-01,7.261233238145e-02,-7.902078354269e-01,9.811323318834e-01
1.586856772401e-01,-5.132712206336e-01,1.141915999558e-01,-6.450096008812e-01,8.036831220774e-02,-7.285888617922e-01,6.985512853059e-02,-7.895569828945e-01,9.859247887759e-01
1.576041383678e-01,-5.129254185891e-01,1.125111105120e-01,-6.444707334422e-01,7.810037178393e-02,-7.279319530176e-01,6.708982772750e-02,-7.888942936884e-01,9.907406549907e-01
1.565233984335e-01,-5.125770243209e-01,1.108304520836e-01,-6.439264935010e-01,7.582924868642e-02,-7.272661996860e-01,6.431646641025e-02,-7.882196536613e-01,9.955800448736e-01
1.554434741139e-01,-5.122260368088e-01,1.091496602156e-01,-6.433768664140e-01,7.355499065841e-02,-7.265915484415e-01,6.153508248648e-02,-7.875329479147e-01,1.000443073329e+00
1.543643817185e-01,-5.118724551133e-01,1.074687706919e-01,-6.428218376174e-01,7.127764620092e-02,-7.259079456654e-01,5.874571466620e-02,-7.868340610239e-01,1.005329855821e+00
1.532861378532e-01,-5.115162788441e-01,1.057878196498e-01,-6.422613927551e-01,6.899726432145e-02,-7.252153383015e-01,5.594840316482e-02,-7.861228769051e-01,1.010240508381e+00
1.522087590453e-01,-5.111575070959e-01,1.041068435853e-01,-6.416955176681e-01,6.671389475450e-02,-7.245136728132e-01,5.314318923318e-02,-7.853992787944e-01,1.015175147603e+00
1.511322619866e-01,-5.107961397699e-01,1.024258788867e-01,-6.411241984176e-01,6.442758798293e-02,-7.238028963114e-01,5.033011540374e-02,-7.846631493460e-01,1.020133890655e+00
1.500566634017e-01,-5.104321759725e-01,1.007449625775e-01,-6.405474211369e-01,6.213839516666e-02,-7.230829552142e-01,4.750922521731e-02,-7.839143705483e-01,1.025116855273e+00
1.489819796055e-01,-5.100656155956e-01,9.906413183271e-02,-6.399651722713e-01,5.984636807880e-02,-7.223537967597e-01,4.468056377567e-02,-7.831528238249e-01,1.030124159771e+00
1.479082277636e-01,-5.096964587205e-01,9.738342382543e-02,-6.393774386555e-01,5.755155942548e-02,-7.216153679525e-01,4.184417733193e-02,-7.823783899272e-01,1.035155923040e+00
1.468354243050e-01,-5.093247048721e-01,9.570287647092e-02,-6.387842067310e-01,5.525402237665e-02,-7.208676156148e-01,3.900011329156e-02,-7.815909490166e-01,1.040212264552e+00
1.457635863217e-01,-5.089503541767e-01,9.402252748533e-02,-6.381854639615e-01,5.295381107249e-02,-7.201104871439e-01,3.614842043144e-02,-7.807903807053e-01,1.045293304361e+00
1.446927305026e-01,-5.085734067464e-01,9.234241511139e-02,-6.375811973570e-01,5.065098020873e-02,-7.193439297174e-01,3.328914891074e-02,-7.799765639136e-01,1.050399163111e+00
1.436228738254e-01,-5.081938626904e-01,9.066257759668e-02,-6.369713945944e-01,4.834558502631e-02,-7.185678906885e-01,3.042235005972e-02,-7.791493769878e-01,1.055529962031e+00
1.425540331826e-01,-5.078117221888e-01,8.898305392398e-02,-6.363560431622e-01,4.603768190344e-02,-7.177823175992e-01,2.754807675589e-02,-7.783086977674e-01,1.060685822946e+00
1.414862255134e-01,-5.074269857341e-01,8.730388277311e-02,-6.357351312325e-01,4.372732771993e-02,-7.169871578723e-01,2.466638309893e-02,-7.774544033918e-01,1.065866868272e+00
1.404194677030e-01,-5.070396539161e-01,8.562510329120e-02,-6.351086467878e-01,4.141458002157e-02,-7.161823594703e-01,2.177732453021e-02,-7.765863704952e-01,1.071073221028e+00
1.393537767870e-01,-5.066497273138e-01,8.394675501457e-02,-6.344765784087e-01,3.909949730571e-02,-7.153678702307e-01,1.888095799672e-02,-7.757044751137e-01,1.076305004828e+00
1.382891701279e-01,-5.062572064024e-01,8.226887768218e-02,-6.338389145022e-01,3.678213868895e-02,-7.145436380493e-01,1.597734180208e-02,-7.748085927600e-01,1.081562343896e+00
1.372256644980e-01,-5.058620918919e-01,8.059151106974e-02,-6.331956440124e-01,3.446256407948e-02,-7.137096110721e-01,1.306653580851e-02,-7.738985983405e-01,1.086845363058e+00
1.361632771282e-01,-5.054643849285e-01,7.891469544891e-02,-6.325467561472e-01,3.214083396170e-02,-7.128657376485e-01,1.014860113836e-02,-7.729743662170e-01,1.092154187752e+00
1.351020251151e-01,-5.050640864495e-01,7.723847124491e-02,-6.318922401968e-01,2.981700994550e-02,-7.120119663545e-01,7.223600402173e-03,-7.720357702265e-01,1.097488944027e+00
1.340419256195e-01,-5.046611974173e-01,7.556287905680e-02,-6.312320857189e-01,2.749115410263e-02,-7.111482456511e-01,4.291597920080e-03,-7.710826836169e-01,1.102849758551e+00
1.329829960638e-01,-5.042557192105e-01,7.388795981314e-02,-6.305662828182e-01,2.516332922515e-02,-7.102745246064e-01,1.352659254329e-03,-7.701149792522e-01,1.108236758607e+00
1.319252534093e-01,-5.038476529175e-01,7.221375482624e-02,-6.298948212272e-01,2.283359926585e-02,-7.093907520110e-01,-1.593148345784e-03,-7.691325292890e-01,1.113650072101e+00
1.308687150470e-01,-5.034370001598e-01,7.054030538422e-02,-6.292176915098e-01,2.050202841659e-02,-7.084968773667e-01,-4.545756158803e-03,-7.681352055188e-01,1.119089827566e+00
1.298133984368e-01,-5.030237621771e-01,6.886765323045e-02,-6.285348843659e-01,1.816868203241e-02,-7.075928498486e-01,-7.505093865122e-03,-7.671228791587e-01,1.124556154159e+00
1.287593205020e-01,-5.026079409039e-01,6.719584021680e-02,-6.278463906225e-01,1.583362616066e-02,-7.066786193678e-01,-1.047108956711e-02,-7.660954209327e-01,1.130049181671e+00
1.277064989931e-01,-5.021895377871e-01,6.552490844315e-02,-6.271522014270e-01,1.349692754740e-02,-7.057541355577e-01,-1.344366975467e-02,-7.650527010975e-01,1.135569040526e+00
1.266549509636e-01,-5.017685547843e-01,6.385490038912e-02,-6.264523082704e-01,1.115865386309e-02,-7.048193487190e-01,-1.642275940479e-02,-7.639945894345e-01,1.141115861784e+00
1.256046940650e-01,-5.013449938661e-01,6.218585863347e-02,-6.257467030079e-01,8.818873374063e-03,-7.038742091588e-01,-1.940828162252e-02,-7.629209552919e-01,1.146689777146e+00
1.245557456163e-01,-5.009188568449e-01,6.051782608541e-02,-6.250353773385e-01,6.477655311559e-03,-7.029186674124e-01,-2.240015803561e-02,-7.618316674768e-01,1.152290918957e+00
1.235081227810e-01,-5.004901464147e-01,5.885084584693e-02,-6.243183238312e-01,4.135069653465e-03,-7.019526745599e-01,-2.539830861335e-02,-7.607265944592e-01,1.157919420207e+00
1.224618435696e-01,-5.000588641063e-01,5.718496119808e-02,-6.235955347504e-01,1.791187059862e-03,-7.009761815444e-01,-2.840265150410e-02,-7.596056041441e-01,1.163575414537e+00
1.214169249408e-01,-4.996250128028e-01,5.552021581290e-02,-6.228670032519e-01,-5.539207926918e-04,-6.999891399365e-01,-3.141310315594e-02,-7.584685641896e-01,1.169259036241e+00
1.203733846569e-01,-4.991885948566e-01,5.385665343527e-02,-6.221327223990e-01,-2.900181604516e-03,-6.989915013358e-01,-3.442957840338e-02,-7.573153416757e-01,1.174970420266e+00
1.193312403524e-01,-4.987496126415e-01,5.219431821953e-02,-6.213926855067e-01,-5.247522137466e-03,-6.979832178331e-01,-3.745199014690e-02,-7.561458033753e-01,1.180709702222e+00
1.182905092313e-01,-4.983080691173e-01,5.053325423618e-02,-6.206468864995e-01,-7.595868443055e-03,-6.969642417663e-01,-4.048024968722e-02,-7.549598156446e-01,1.186477018380e+00
1.172512090297e-01,-4.978639670510e-01,4.887350624866e-02,-6.198953193981e-01,-9.945145762470e-03,-6.959345257919e-01,-4.351426635093e-02,-7.537572444885e-01,1.192272505675e+00
1.162133571022e-01,-4.974173094488e-01,4.721511871746e-02,-6.191379785897e-01,-1.229527842670e-02,-6.948940229821e-01,-4.655394773687e-02,-7.525379554869e-01,1.198096301714e+00
1.151769713683e-01,-4.969680991270e-01,4.555813677836e-02,-6.183748586840e-01,-1.464618997417e-02,-6.938426865478e-01,-4.959919956487e-02,-7.513018139919e-01,1.203948544773e+00
1.141420692001e-01,-4.965163392049e-01,4.390260553611e-02,-6.176059546817e-01,-1.699780320882e-02,-6.927804702433e-01,-5.264992578580e-02,-7.500486848862e-01,1.209829373805e+00
1.131086682135e-01,-4.960620333666e-01,4.224857053012e-02,-6.168312620851e-01,-1.935003995149e-02,-6.917073281604e-01,-5.570602828261e-02,-7.487784328511e-01,1.215738928442e+00
1.120767861271e-01,-4.956051844068e-01,4.059607716254e-02,-6.160507762789e-01,-2.170282145917e-02,-6.906232145083e-01,-5.876740726712e-02,-7.474909221324e-01,1.221677348997e+00
1.110464402887e-01,-4.951457961565e-01,3.894517141526e-02,-6.152644933217e-01,-2.405606792474e-02,-6.895280843256e-01,-6.183396088847e-02,-7.461860167862e-01,1.227644776469e+00
1.100176488774e-01,-4.946838721809e-01,3.729589944119e-02,-6.144724095780e-01,-2.640969862518e-02,-6.884218926882e-01,-6.490558517915e-02,-7.448635805999e-01,1.233641352547e+00
1.089904289645e-01,-4.942194162418e-01,3.564830732758e-02,-6.136745216411e-01,-2.876363239735e-02,-6.873045952444e-01,-6.798217469755e-02,-7.435234770168e-01,1.239667219610e+00
1.079647984194e-01,-4.937524318021e-01,3.400244168683e-02,-6.128708263225e-01,-3.111778695415e-02,-6.861761479098e-01,-7.106362150847e-02,-7.421655692388e-01,1.245722520733e+00
1.069407749434e-01,-4.932829233131e-01,3.235834916962e-02,-6.120613211258e-01,-3.347207905697e-02,-6.850365073945e-01,-7.414981588995e-02,-7.407897203558e-01,1.251807399690e+00
1.059183761195e-01,-4.928108945826e-01,3.071607668940e-02,-6.112460036712e-01,-3.582642501491e-02,-6.838856303519e-01,-7.724064617179e-02,-7.393957931176e-01,1.257922000958e+00
1.048976196541e-01,-4.923363497588e-01,2.907567145876e-02,-6.104248719015e-01,-3.818073990615e-02,-6.827234741404e-01,-8.033599844409e-02,-7.379836501486e-01,1.264066469719e+00
1.038785233723e-01,-4.918592930275e-01,2.743718064233e-02,-6.095979241023e-01,-4.053493840209e-02,-6.815499965772e-01,-8.343575682358e-02,-7.365531538777e-01,1.270240951865e+00
1.028611046029e-01,-4.913797290541e-01,2.580065186080e-02,-6.087651591221e-01,-4.288893379502e-02,-6.803651560076e-01,-8.653980335061e-02,-7.351041665332e-01,1.276445593998e+00
1.018453813296e-01,-4.908976621407e-01,2.416613286467e-02,-6.079265759550e-01,-4.524263897031e-02,-6.791689111817e-01,-8.964801784480e-02,-7.336365502694e-01,1.282680543440e+00
1.008313710780e-01,-4.904130969060e-01,2.253367155764e-02,-6.070821739730e-01,-4.759596575887e-02,-6.779612212009e-01,-9.276027810589e-02,-7.321501670576e-01,1.288945948229e+00
9.981909157338e-02,-4.899260382993e-01,2.090331605218e-02,-6.062319530972e-01,-4.994882523689e-02,-6.767420461195e-01,-9.587645976404e-02,-7.306448788184e-01,1.295241957129e+00
9.880856034535e-02,-4.894364912292e-01,1.927511470096e-02,-6.053759133976e-01,-5.230112754343e-02,-6.755113460817e-01,-9.899643618354e-02,-7.291205473461e-01,1.301568719629e+00
9.779979522130e-02,-4.889444603231e-01,1.764911594212e-02,-6.045140553522e-01,-5.465278206153e-02,-6.742690818404e-01,-1.021200785428e-01,-7.275770344221e-01,1.307926385949e+00
9.679281387136e-02,-4.884499511662e-01,1.602536847003e-02,-6.036463800920e-01,-5.700369730281e-02,-6.730152149258e-01,-1.052472559634e-01,-7.260142017140e-01,1.314315107041e+00
9.578763382237e-02,-4.879529684536e-01,1.440392117520e-02,-6.027728885848e-01,-5.935378083837e-02,-6.717497070320e-01,-1.083778350822e-01,-7.244319108911e-01,1.320735034598e+00
9.478427296324e-02,-4.874535178207e-01,1.278482320243e-02,-6.018935827188e-01,-6.170293955833e-02,-6.704725209432e-01,-1.115116803221e-01,-7.228300236963e-01,1.327186321049e+00
9.378274860108e-02,-4.869516048459e-01,1.116812372337e-02,-6.010084646114e-01,-6.405107937495e-02,-6.691836196160e-01,-1.146486539577e-01,-7.212084017610e-01,1.333669119572e+00
9.278307869771e-02,-4.864472349314e-01,9.553872193536e-03,-6.001175365594e-01,-6.639810537093e-02,-6.678829667434e-01,-1.177886158220e-01,-7.195669068761e-01,1.340183584091e+00
9.178528063613e-02,-4.859404136823e-01,7.942118186492e-03,-5.992208013550e-01,-6.874392182016e-02,-6.665705265766e-01,-1.209314234889e-01,-7.179054008261e-01,1.346729869282e+00
9.078937224240e-02,-4.854311470258e-01,6.332911511558e-03,-5.983182623813e-01,-7.108843211724e-02,-6.652462640778e-01,-1.240769320284e-01,-7.162237455756e-01,1.353308130577e+00
8.979537090957e-02,-4.849194410467e-01,4.726302009097e-03,-5.974099233669e-01,-7.343153886184e-02,-6.639101449032e-01,-1.272249943991e-01,-7.145218030714e-01,1.359918524168e+00
8.880329439671e-02,-4.844053015900e-01,3.122339819758e-03,-5.964957882064e-01,-7.577314368578e-02,-6.625621352266e-01,-1.303754609028e-01,-7.127994355238e-01,1.366561207007e+00
8.781316035972e-02,-4.838887346675e-01,1.521075375560e-03,-5.955758612338e-01,-7.811314743245e-02,-6.612022017419e-01,-1.335281794749e-01,-7.110565052505e-01,1.373236336817e+00
8.682498610734e-02,-4.833697468941e-01,-7.744112064240e-05,-5.946501474803e-01,-8.045145022515e-02,-6.598303121364e-01,-1.366829957449e-01,-7.092928747399e-01,1.379944072087e+00
8.583878922066e-02,-4.828483447034e-01,-1.673159013123e-03,-5.937186523083e-01,-8.278795112560e-02,-6.584464347101e-01,-1.398397527460e-01,-7.075084067278e-01,1.386684572083e+00
8.485458743640e-02,-4.823245343844e-01,-3.266027437069e-03,-5.927813812591e-01,-8.512254847568e-02,-6.570505383557e-01,-1.429982911331e-01,-7.057029642082e-01,1.393457996849e+00
8.387239803876e-02,-4.817983226851e-01,-4.855995593158e-03,-5.918383404301e-01,-8.745513970651e-02,-6.556425927159e-01,-1.461584488217e-01,-7.038764104563e-01,1.400264507209e+00
8.289223866542e-02,-4.812697165542e-01,-6.443012550832e-03,-5.908895366545e-01,-8.978562157605e-02,-6.542225683096e-01,-1.493200615286e-01,-7.020286089341e-01,1.407104264774e+00
8.191412674660e-02,-4.807387225473e-01,-8.027026941875e-03,-5.899349765737e-01,-9.211388987904e-02,-6.527904360832e-01,-1.524829621726e-01,-7.001594235901e-01,1.413977431943e+00
8.093807979224e-02,-4.802053478031e-01,-9.607987606165e-03,-5.889746676661e-01,-9.443983935310e-02,-6.513461680379e-01,-1.556469811429e-01,-6.982687186120e-01,1.420884171910e+00
7.996411501682e-02,-4.796695997591e-01,-1.118584288695e-02,-5.880086179449e-01,-9.676336433920e-02,-6.498897370125e-01,-1.588119463190e-01,-6.963563586534e-01,1.427824648665e+00
7.899225017076e-02,-4.791314851615e-01,-1.276054141048e-02,-5.870368355158e-01,-9.908435801202e-02,-6.484211162600e-01,-1.619776828982e-01,-6.944222087158e-01,1.434799027000e+00
7.802250222542e-02,-4.785910116285e-01,-1.433203133806e-02,-5.860593291692e-01,-1.014027128311e-01,-6.469402801310e-01,-1.651440134850e-01,-6.924661342723e-01,1.441807472510e+00
7.705488875075e-02,-4.780481868826e-01,-1.590026083370e-02,-5.850761080554e-01,-1.037183205352e-01,-6.454472037800e-01,-1.683107579523e-01,-6.904880013025e-01,1.448850151601e+00
7.608942705822e-02,-4.775030180335e-01,-1.746517785265e-02,-5.840871817164e-01,-1.060310717452e-01,-6.439418630667e-01,-1.714777335518e-01,-6.884876762642e-01,1.455927231491e+00
7.512613440595e-02,-4.769555133511e-01,-1.902673037528e-02,-5.830925604635e-01,-1.083408564942e-01,-6.424242349077e-01,-1.746447547850e-01,-6.864650261698e-01,1.463038880214e+00
7.416502816319e-02,-4.764056802030e-01,-2.058486617352e-02,-5.820922544892e-01,-1.106475639244e-01,-6.408942967464e-01,-1.778116334980e-01,-6.844199186240e-01,1.470185266627e+00
7.320612531121e-02,-4.758535268692e-01,-2.213953294876e-02,-5.810862749015e-01,-1.129510824521e-01,-6.393520272311e-01,-1.809781789095e-01,-6.823522217507e-01,1.477366560409e+00
7.224944315099e-02,-4.752990614887e-01,-2.369067823521e-02,-5.800746332948e-01,-1.152512993813e-01,-6.377974058328e-01,-1.841441970507e-01,-6.802618045133e-01,1.484582932069e+00
7.129499895854e-02,-4.747422919878e-01,-2.523824954235e-02,-5.790573413427e-01,-1.175481016828e-01,-6.362304127396e-01,-1.873094916443e-01,-6.781485363569e-01,1.491834552951e+00
7.034280976462e-02,-4.741832269141e-01,-2.678219427925e-02,-5.780344115248e-01,-1.198413749972e-01,-6.346510293060e-01,-1.904738633285e-01,-6.760122875402e-01,1.499121595232e+00
6.939289256034e-02,-4.736218746638e-01,-2.832245958877e-02,-5.770058566172e-01,-1.221310046368e-01,-6.330592377523e-01,-1.936371100685e-01,-6.738529290701e-01,1.506444231932e+00
6.844526462504e-02,-4.730582439202e-01,-2.985899274501e-02,-5.759716900407e-01,-1.244168747727e-01,-6.314550211332e-01,-1.967990269068e-01,-6.716703326945e-01,1.513802636918e+00
6.749994269078e-02,-4.724923432436e-01,-3.139174084644e-02,-5.749319255122e-01,-1.266988689668e-01,-6.298383636712e-01,-1.999594060131e-01,-6.694643710965e-01,1.521196984903e+00
6.655694397349e-02,-4.719241814350e-01,-3.292065088384e-02,-5.738865772378e-01,-1.289768697938e-01,-6.282092503648e-01,-2.031180367254e-01,-6.672349176744e-01,1.528627451455e+00
6.561628511377e-02,-4.713537676767e-01,-3.444566978438e-02,-5.728356601118e-01,-1.312507593392e-01,-6.265676674908e-01,-2.062747054776e-01,-6.649818468601e-01,1.536094213000e+00
6.467798332587e-02,-4.707811106813e-01,-3.596674432649e-02,-5.717791892236e-01,-1.335204187217e-01,-6.249136019876e-01,-2.094291957067e-01,-6.627050339879e-01,1.543597446824e+00
6.374205518463e-02,-4.702062199067e-01,-3.748382148766e-02,-5.707171803499e-01,-1.357857282405e-01,-6.232470421990e-01,-2.125812880204e-01,-6.604043553568e-01,1.551137331081e+00
6.280851750162e-02,-4.696291044049e-01,-3.899684797754e-02,-5.696496497370e-01,-1.380465675920e-01,-6.215679771982e-01,-2.157307600420e-01,-6.580796882717e-01,1.558714044794e+00
6.187738719536e-02,-4.690497738132e-01,-4.050577026469e-02,-5.685766139499e-01,-1.403028155891e-01,-6.198763973428e-01,-2.188773862785e-01,-6.557309112517e-01,1.566327767862e+00
6.094868075027e-02,-4.684682376152e-01,-4.201053503490e-02,-5.674980903892e-01,-1.425543502967e-01,-6.181722940307e-01,-2.220209385232e-01,-6.533579037399e-01,1.573978681060e+00
6.002241497286e-02,-4.678845052889e-01,-4.351108895055e-02,-5.664140966066e-01,-1.448010491131e-01,-6.164556596325e-01,-2.251611852206e-01,-6.509605464768e-01,1.581666966048e+00
5.909860633700e-02,-4.672985869220e-01,-4.500737840415e-02,-5.653246509311e-01,-1.470427884914e-01,-6.147264879177e-01,-2.282978921367e-01,-6.485387212877e-01,1.589392805373e+00
5.817727149060e-02,-4.667104920755e-01,-4.649934997606e-02,-5.642297718487e-01,-1.492794444824e-01,-6.129847733049e-01,-2.314308217072e-01,-6.460923113569e-01,1.597156382474e+00
5.725842668504e-02,-4.661202310094e-01,-4.798694999256e-02,-5.631294787431e-01,-1.515108920353e-01,-6.112305119342e-01,-2.345597334137e-01,-6.436212010807e-01,1.604957881686e+00
5.634208871195e-02,-4.655278137816e-01,-4.947012485104e-02,-5.620237913225e-01,-1.537370057021e-01,-6.094637007528e-01,-2.376843836834e-01,-6.411252762488e-01,1.612797488243e+00
5.542827368321e-02,-4.649332504860e-01,-5.094882106160e-02,-5.609127296436e-01,-1.559576591692e-01,-6.076843378675e-01,-2.408045258492e-01,-6.386044239591e-01,1.620675388285e+00
5.451699807776e-02,-4.643365517362e-01,-5.242298484694e-02,-5.597963146622e-01,-1.581727252653e-01,-6.058924228556e-01,-2.439199100465e-01,-6.360585328655e-01,1.628591768861e+00
5.360827792285e-02,-4.637377278487e-01,-5.389256256571e-02,-5.586745675228e-01,-1.603820765358e-01,-6.040879561915e-01,-2.470302834802e-01,-6.334874929111e-01,1.636546817935e+00
5.270212952650e-02,-4.631367894311e-01,-5.535750058047e-02,-5.575475100519e-01,-1.625855843451e-01,-6.022709398412e-01,-2.501353899533e-01,-6.308911958288e-01,1.644540724386e+00
5.179856915815e-02,-4.625337470820e-01,-5.681774521350e-02,-5.564151643274e-01,-1.647831198748e-01,-6.004413766988e-01,-2.532349703531e-01,-6.282695346588e-01,1.652573678019e+00
5.089761277506e-02,-4.619286119961e-01,-5.827324270622e-02,-5.552775534777e-01,-1.669745530091e-01,-5.985992715107e-01,-2.563287621837e-01,-6.256224043367e-01,1.660645869564e+00
4.999927631170e-02,-4.613213948584e-01,-5.972393937928e-02,-5.541347007567e-01,-1.691597536826e-01,-5.967446296802e-01,-2.594164999441e-01,-6.229497012924e-01,1.668757490682e+00
4.910357586073e-02,-4.607121065497e-01,-6.116978164769e-02,-5.529866298001e-01,-1.713385907182e-01,-5.948774580774e-01,-2.624979148709e-01,-6.202513237293e-01,1.676908733974e+00
4.821052714941e-02,-4.601007586822e-01,-6.261071583000e-02,-5.518333652446e-01,-1.735109323531e-01,-5.929977651362e-01,-2.655727350181e-01,-6.175271717257e-01,1.685099792977e+00
4.732014602778e-02,-4.594873622956e-01,-6.404668827123e-02,-5.506749319621e-01,-1.756766462533e-01,-5.911055604558e-01,-2.686406851593e-01,-6.147771471262e-01,1.693330862176e+00
4.643244825114e-02,-4.588719288359e-01,-6.547764530973e-02,-5.495113554423e-01,-1.778355995221e-01,-5.892008548669e-01,-2.717014868806e-01,-6.120011536926e-01,1.701602137006e+00
4.554744952068e-02,-4.582544698362e-01,-6.690353343463e-02,-5.483426615908e-01,-1.799876585555e-01,-5.872836608024e-01,-2.747548585590e-01,-6.091990971530e-01,1.709913813856e+00
4.466516541045e-02,-4.576349969254e-01,-6.832429906818e-02,-5.471688770254e-01,-1.821326891676e-01,-5.853539919703e-01,-2.778005151928e-01,-6.063708852979e-01,1.718266090075e+00
4.378561131282e-02,-4.570135217007e-01,-6.973988879320e-02,-5.459900286229e-01,-1.842705565930e-01,-5.834118632737e-01,-2.808381687056e-01,-6.035164278663e-01,1.726659163974e+00
4.290880277164e-02,-4.563900563083e-01,-7.115024901077e-02,-5.448061442169e-01,-1.864011256293e-01,-5.814572914519e-01,-2.838675277023e-01,-6.006356367887e-01,1.735093234835e+00
4.203475519847e-02,-4.557646124495e-01,-7.255532650099e-02,-5.436172518075e-01,-1.885242601190e-01,-5.794902942946e-01,-2.868882973407e-01,-5.977284262881e-01,1.743568502913e+00
4.116348373326e-02,-4.551372024112e-01,-7.395506771815e-02,-5.424233802041e-01,-1.906398237831e-01,-5.775108913649e-01,-2.899001797260e-01,-5.947947126098e-01,1.752085169440e+00
4.029500375995e-02,-4.545078382940e-01,-7.534941968949e-02,-5.412245584599e-01,-1.927476796309e-01,-5.755191034397e-01,-2.929028734438e-01,-5.918344145771e-01,1.760643436631e+00
3.942933031836e-02,-4.538765324261e-01,-7.673832885136e-02,-5.400208165841e-01,-1.948476899715e-01,-5.735149529805e-01,-2.958960739502e-01,-5.888474531941e-01,1.769243507691e+00
3.856647831588e-02,-4.532432971907e-01,-7.812174240649e-02,-5.388121846844e-01,-1.969397169851e-01,-5.714984636744e-01,-2.988794733538e-01,-5.858337519193e-01,1.777885586815e+00
3.770646288170e-02,-4.526081450010e-01,-7.949960719502e-02,-5.375986936719e-01,-1.990236219578e-01,-5.694696610107e-01,-3.018527604607e-01,-5.827932367622e-01,1.786569879196e+00
3.684929908601e-02,-4.519710887371e-01,-8.087187015667e-02,-5.363803750487e-01,-2.010992658805e-01,-5.674285719204e-01,-3.048156206359e-01,-5.797258363199e-01,1.795296591030e+00
3.599500132222e-02,-4.513321410125e-01,-8.223847860413e-02,-5.351572607652e-01,-2.031665093100e-01,-5.653752248650e-01,-3.077677361115e-01,-5.766314817407e-01,1.804065929520e+00
3.514358446915e-02,-4.506913145803e-01,-8.359937971962e-02,-5.339293832630e-01,-2.052252122679e-01,-5.633096499056e-01,-3.107087857186e-01,-5.735101068721e-01,1.812878102881e+00
3.429506307515e-02,-4.500486225856e-01,-8.495452090113e-02,-5.326967757422e-01,-2.072752344004e-01,-5.612318786240e-01,-3.136384449796e-01,-5.703616483379e-01,1.821733320344e+00
3.344945167768e-02,-4.494040780002e-01,-8.630384959306e-02,-5.314594716655e-01,-2.093164347856e-01,-5.591419442719e-01,-3.165563860226e-01,-5.671860456336e-01,1.830631792165e+00
3.260676491430e-02,-4.487576939629e-01,-8.764731339954e-02,-5.302175053970e-01,-2.113486721533e-01,-5.570398818176e-01,-3.194622776785e-01,-5.639832411243e-01,1.839573729623e+00
3.176701672084e-02,-4.481094838115e-01,-8.898486016135e-02,-5.289709115116e-01,-2.133718049355e-01,-5.549257276585e-01,-3.223557855496e-01,-5.607531800912e-01,1.848559345032e+00
3.093022179634e-02,-4.474594608335e-01,-9.031643760232e-02,-5.277197253365e-01,-2.153856910938e-01,-5.527995199146e-01,-3.252365718401e-01,-5.574958108781e-01,1.857588851742e+00
3.009639402320e-02,-4.468076385605e-01,-9.164199370692e-02,-5.264639827512e-01,-2.173901882538e-01,-5.506612984769e-01,-3.281042953447e-01,-5.542110849717e-01,1.866662464146e+00
2.926554741215e-02,-4.461540305681e-01,-9.296147673131e-02,-5.252037201001e-01,-2.193851536412e-01,-5.485111048176e-01,-3.309586117516e-01,-5.508989569974e-01,1.875780397682e+00
2.843769602394e-02,-4.454986505794e-01,-9.427483497296e-02,-5.239389744112e-01,-2.213704442253e-01,-5.463489822000e-01,-3.337991732228e-01,-5.475593848748e-01,1.884942868843e+00
2.761285369828e-02,-4.448415122988e-01,-9.558201687974e-02,-5.226697830916e-01,-2.233459166389e-01,-5.441749754976e-01,-3.366256287575e-01,-5.441923297616e-01,1.894150095177e+00
2.679103420551e-02,-4.441826296766e-01,-9.688297095298e-02,-5.213961843492e-01,-2.253114270818e-01,-5.419891315174e-01,-3.394376240045e-01,-5.407977562896e-01,1.903402295297e+00
2.597225118126e-02,-4.435220167371e-01,-9.817764622272e-02,-5.201182166473e-01,-2.272668316885e-01,-5.397914986212e-01,-3.422348013276e-01,-5.373756325485e-01,1.912699688883e+00
2.515651810837e-02,-4.428596876053e-01,-9.946599157415e-02,-5.188359192700e-01,-2.292119862993e-01,-5.375821269542e-01,-3.450167997447e-01,-5.339259301939e-01,1.922042496687e+00
2.434384849676e-02,-4.421956561616e-01,-1.007479562167e-01,-5.175493318744e-01,-2.311467464614e-01,-5.353610685340e-01,-3.477832551357e-01,-5.304486243902e-01,1.931430940541e+00
2.353425561675e-02,-4.415299370481e-01,-1.020234893933e-01,-5.162584948413e-01,-2.330709674035e-01,-5.331283772029e-01,-3.505337999283e-01,-5.269436942627e-01,1.940865243359e+00
2.272775273417e-02,-4.408625443839e-01,-1.032925408594e-01,-5.149634489362e-01,-2.349845042829e-01,-5.308841085584e-01,-3.532680635057e-01,-5.234111223971e-01,1.950345629145e+00
2.192435314457e-02,-4.401934928157e-01,-1.045550603061e-01,-5.136642355590e-01,-2.368872120823e-01,-5.286283200346e-01,-3.559856718687e-01,-5.198508955063e-01,1.959872322996e+00
2.112406952658e-02,-4.395227968427e-01,-1.058109978357e-01,-5.123608967203e-01,-2.387789456992e-01,-5.263610708248e-01,-3.586862479154e-01,-5.162630040312e-01,1.969445551109e+00
2.032691504489e-02,-4.388504711972e-01,-1.070603033969e-01,-5.110534749954e-01,-2.406595595939e-01,-5.240824222764e-01,-3.613694110866e-01,-5.126474426808e-01,1.979065540788e+00
1.953290223832e-02,-4.381765305770e-01,-1.083029277767e-01,-5.097420132504e-01,-2.425289083615e-01,-5.217924373526e-01,-3.640347779390e-01,-5.090042100447e-01,1.988732520443e+00
1.874204401211e-02,-4.375009898340e-01,-1.095388214251e-01,-5.084265552637e-01,-2.443868466074e-01,-5.194911808647e-01,-3.666819617198e-01,-5.053333089724e-01,1.998446719604e+00
1.795435281047e-02,-4.368238639326e-01,-1.107679353447e-01,-5.071071452080e-01,-2.462332284364e-01,-5.171787198425e-01,-3.693105723870e-01,-5.016347467165e-01,2.008208368919e+00
1.716984114326e-02,-4.361451677960e-01,-1.119902207518e-01,-5.057838276612e-01,-2.480679083085e-01,-5.148551229832e-01,-3.719202171212e-01,-4.979085345866e-01,2.018017700165e+00
1.638852113890e-02,-4.354649166302e-01,-1.132056291203e-01,-5.044566479438e-01,-2.498907405766e-01,-5.125204608878e-01,-3.745104996194e-01,-4.941546886427e-01,2.027874946249e+00
1.561040526885e-02,-4.347831256859e-01,-1.144141120182e-01,-5.031256520165e-01,-2.517015793822e-01,-5.101748064496e-01,-3.770810206934e-01,-4.903732293084e-01,2.037780341217e+00
1.483550553342e-02,-4.340998101951e-01,-1.156156215379e-01,-5.017908860233e-01,-2.535002790968e-01,-5.078182341168e-01,-3.796313780559e-01,-4.865641816358e-01,2.047734120258e+00
1.406383378652e-02,-4.334149855058e-01,-1.168101099104e-01,-5.004523970767e-01,-2.552866940318e-01,-5.054508205874e-01,-3.821611663745e-01,-4.827275753742e-01,2.057736519710e+00
1.329540184584e-02,-4.327286673252e-01,-1.179975295817e-01,-4.991102325427e-01,-2.570606785632e-01,-5.030726445520e-01,-3.846699773151e-01,-4.788634451130e-01,2.067787777064e+00
1.253022160336e-02,-4.320408708629e-01,-1.191778335231e-01,-4.977644403361e-01,-2.588220873235e-01,-5.006837864390e-01,-3.871573996372e-01,-4.749718301930e-01,2.077888130974e+00
1.176830444756e-02,-4.313516118842e-01,-1.203509748330e-01,-4.964150691023e-01,-2.605707748408e-01,-4.982843290405e-01,-3.896230190111e-01,-4.710527750615e-01,2.088037821257e+00
1.100966200889e-02,-4.306609061454e-01,-1.215169069361e-01,-4.950621678503e-01,-2.623065958128e-01,-4.958743570639e-01,-3.920664183417e-01,-4.671063291365e-01,2.098237088902e+00
1.025430544291e-02,-4.299687695102e-01,-1.226755835799e-01,-4.937057862820e-01,-2.640294051454e-01,-4.934539572642e-01,-3.944871775433e-01,-4.631325470213e-01,2.108486176076e+00
9.502246186085e-03,-4.292752176872e-01,-1.238269589751e-01,-4.923459743634e-01,-2.657390581121e-01,-4.910232183233e-01,-3.968848738195e-01,-4.591314884511e-01,2.118785326129e+00
8.753495152389e-03,-4.285802667861e-01,-1.249709872985e-01,-4.909827831098e-01,-2.674354098590e-01,-4.885822313624e-01,-3.992590814652e-01,-4.551032186343e-01,2.129134783597e+00
8.008063245054e-03,-4.278839327723e-01,-1.261076235038e-01,-4.896162633542e-01,-2.691183160563e-01,-4.861310891493e-01,-4.016093720779e-01,-4.510478081097e-01,2.139534794215e+00
7.265961506269e-03,-4.271862317512e-01,-1.272368226400e-01,-4.882464669973e-01,-2.707876325121e-01,-4.836698868596e-01,-4.039353144302e-01,-4.469653329939e-01,2.149985604914e+00
6.527200231555e-03,-4.264871798873e-01,-1.283585401367e-01,-4.868734463055e-01,-2.724432154252e-01,-4.811987216636e-01,-4.062364748420e-01,-4.428558748496e-01,2.160487463834e+00
5.791790291169e-03,-4.257867934365e-01,-1.294727318080e-01,-4.854972540618e-01,-2.740849212209e-01,-4.787176928668e-01,-4.085124168058e-01,-4.387195210937e-01,2.171040620325e+00
5.059741994239e-03,-4.250850888667e-01,-1.305793538965e-01,-4.841179435231e-01,-2.757126067617e-01,-4.762269019933e-01,-4.107627013191e-01,-4.345563649249e-01,2.181645324957e+00
4.331065479192e-03,-4.243820823589e-01,-1.316783628620e-01,-4.827355685365e-01,-2.773261292763e-01,-4.737264525371e-01,-4.129868868082e-01,-4.303665053252e-01,2.192301829523e+00
3.605771066105e-03,-4.236777905433e-01,-1.327697157598e-01,-4.813501833623e-01,-2.789253463264e-01,-4.712164503885e-01,-4.151845291891e-01,-4.261500474293e-01,2.203010387046e+00
2.883868629968e-03,-4.229722299447e-01,-1.338533697950e-01,-4.799618430016e-01,-2.805101160033e-01,-4.686970035017e-01,-4.173551821318e-01,-4.219071022566e-01,2.213771251784e+00
2.165368128904e-03,-4.222654171830e-01,-1.349292828363e-01,-4.785706026054e-01,-2.820802968791e-01,-4.661682219268e-01,-4.194983966840e-01,-4.176377871872e-01,2.224584679239e+00
1.450279086105e-03,-4.215573688994e-01,-1.359974129152e-01,-4.771765181194e-01,-2.836357480984e-01,-4.636302178546e-01,-4.216137218461e-01,-4.133422256242e-01,2.235450926158e+00
7.386112133367e-04,-4.208481019220e-01,-1.370577186237e-01,-4.757796459331e-01,-2.851763290860e-01,-4.610831060779e-01,-4.237007041465e-01,-4.090205476302e-01,2.246370250546e+00
3.037392213063e-05,-4.201376329316e-01,-1.381101588751e-01,-4.743800428517e-01,-2.867019000494e-01,-4.585270031315e-01,-4.257588879971e-01,-4.046728895964e-01,2.257342911664e+00
-6.744236471833e-04,-4.194259788758e-01,-1.391546931833e-01,-4.729777660875e-01,-2.882123217912e-01,-4.559620279657e-01,-4.277878157647e-01,-4.002993944190e-01,2.268369170044e+00
-1.375772194633e-03,-4.187131566204e-01,-1.401912812533e-01,-4.715728735387e-01,-2.897074555757e-01,-4.533883017900e-01,-4.297870276204e-01,-3.959002117883e-01,2.279449287486e+00
-2.073662861872e-03,-4.179991833723e-01,-1.412198832993e-01,-4.701654236218e-01,-2.911871635866e-01,-4.508059479688e-01,-4.317560619027e-01,-3.914754979543e-01,2.290583527072e+00
-2.768086850947e-03,-4.172840759552e-01,-1.422404602664e-01,-4.687554750187e-01,-2.926513084272e-01,-4.482150921480e-01,-4.336944548501e-01,-3.870254163585e-01,2.301772153168e+00
-3.459035205079e-03,-4.165678515611e-01,-1.432529732297e-01,-4.673430869076e-01,-2.940997535725e-01,-4.456158622580e-01,-4.356017409637e-01,-3.825501371585e-01,2.313015431432e+00
-4.146499861147e-03,-4.158505273231e-01,-1.442573838360e-01,-4.659283190705e-01,-2.955323633127e-01,-4.430083883269e-01,-4.374774530724e-01,-3.780498374515e-01,2.324313628817e+00
-4.830471959996e-03,-4.151321205151e-01,-1.452536541888e-01,-4.645112317679e-01,-2.969490025750e-01,-4.403928029032e-01,-4.393211220837e-01,-3.735247018349e-01,2.335667013584e+00
-5.510943524135e-03,-4.144126485341e-01,-1.462417468677e-01,-4.630918855870e-01,-2.983495371086e-01,-4.377692407559e-01,-4.411322774898e-01,-3.689749218974e-01,2.347075855300e+00
-6.187906415398e-03,-4.136921283812e-01,-1.472216250192e-01,-4.616703415855e-01,-2.997338337295e-01,-4.351378386215e-01,-4.429104471377e-01,-3.644006967115e-01,2.358540424854e+00
-6.861352733115e-03,-4.129705777230e-01,-1.481932521043e-01,-4.602466613821e-01,-3.011017599139e-01,-4.324987359155e-01,-4.446551574858e-01,-3.598022328033e-01,2.370060994453e+00
-7.531274824757e-03,-4.122480138325e-01,-1.491565923598e-01,-4.588209069896e-01,-3.024531841612e-01,-4.298520741526e-01,-4.463659336344e-01,-3.551797441248e-01,2.381637837636e+00
-8.197664940873e-03,-4.115244542936e-01,-1.501116103334e-01,-4.573931407240e-01,-3.037879760849e-01,-4.271979970207e-01,-4.480422995027e-01,-3.505334523311e-01,2.393271229279e+00
-8.860515626490e-03,-4.107999165642e-01,-1.510582710659e-01,-4.559634255098e-01,-3.051060059917e-01,-4.245366507419e-01,-4.496837776767e-01,-3.458635869586e-01,2.404961445600e+00
-9.519819584229e-03,-4.100744182491e-01,-1.519965402367e-01,-4.545318247896e-01,-3.064071454719e-01,-4.218681837154e-01,-4.512898897826e-01,-3.411703852765e-01,2.416708764164e+00
-1.017556974065e-02,-4.093479769322e-01,-1.529263840522e-01,-4.530984020089e-01,-3.076912670052e-01,-4.191927466902e-01,-4.528601564111e-01,-3.364540925832e-01,2.428513463894e+00
-1.082775917229e-02,-4.086206102207e-01,-1.538477692269e-01,-4.516632214411e-01,-3.089582444174e-01,-4.165104926119e-01,-4.543940974588e-01,-3.317149619664e-01,2.440375825077e+00
-1.147638100932e-02,-4.078923359619e-01,-1.547606629366e-01,-4.502263476757e-01,-3.102079522791e-01,-4.138215769821e-01,-4.558912317564e-01,-3.269532551339e-01,2.452296129365e+00
-1.212142850285e-02,-4.071631717404e-01,-1.556650329271e-01,-4.487878455921e-01,-3.114402667475e-01,-4.111261573114e-01,-4.573510777558e-01,-3.221692415751e-01,2.464274659789e+00
-1.276289529150e-02,-4.064331353644e-01,-1.565608476297e-01,-4.473477805611e-01,-3.126550649959e-01,-4.084243936013e-01,-4.587731532013e-01,-3.173631993805e-01,2.476311700762e+00
-1.340077495110e-02,-4.057022446790e-01,-1.574480760959e-01,-4.459062182578e-01,-3.138522254136e-01,-4.057164481491e-01,-4.601569754621e-01,-3.125354150127e-01,2.488407538084e+00
-1.403506146744e-02,-4.049705174142e-01,-1.583266877457e-01,-4.444632247781e-01,-3.150316279796e-01,-4.030024852640e-01,-4.615020616132e-01,-3.076861833599e-01,2.500562458955e+00
-1.466574869131e-02,-4.042379716866e-01,-1.591966525308e-01,-4.430188667175e-01,-3.161931533828e-01,-4.002826723861e-01,-4.628079284053e-01,-3.028158082942e-01,2.512776751973e+00
-1.529283099044e-02,-4.035046251251e-01,-1.600579413671e-01,-4.415732108271e-01,-3.173366844930e-01,-3.975571781010e-01,-4.640740927720e-01,-2.979246018041e-01,2.525050707150e+00
-1.591630244011e-02,-4.027704958956e-01,-1.609105252903e-01,-4.401263244041e-01,-3.184621048262e-01,-3.948261744408e-01,-4.653000713266e-01,-2.930128854216e-01,2.537384615913e+00
-1.653615770894e-02,-4.020356017900e-01,-1.617543763421e-01,-4.386782749524e-01,-3.195692998025e-01,-3.920898349338e-01,-4.664853812873e-01,-2.880809888937e-01,2.549778771111e+00
-1.715239141768e-02,-4.012999608442e-01,-1.625894669182e-01,-4.372291304091e-01,-3.206581561798e-01,-3.893483358422e-01,-4.676295397701e-01,-2.831292515814e-01,2.562233467026e+00
-1.776499855731e-02,-4.005635910729e-01,-1.634157701730e-01,-4.357789590417e-01,-3.217285623696e-01,-3.866018553147e-01,-4.687320647009e-01,-2.781580213850e-01,2.574748999376e+00
-1.837397388214e-02,-3.998265105310e-01,-1.642332597814e-01,-4.343278294055e-01,-3.227804080651e-01,-3.838505744126e-01,-4.697924742534e-01,-2.731676559478e-01,2.587325665323e+00
-1.897931265141e-02,-3.990887373370e-01,-1.650419100238e-01,-4.328758105573e-01,-3.238135846677e-01,-3.810946761220e-01,-4.708102875689e-01,-2.681585217798e-01,2.599963763483e+00
-1.958101040185e-02,-3.983502895511e-01,-1.658416960147e-01,-4.314229715754e-01,-3.248279854873e-01,-3.783343455508e-01,-4.717850246408e-01,-2.631309947853e-01,2.612663593928e+00
-2.017906248595e-02,-3.976111850909e-01,-1.666325934553e-01,-4.299693818377e-01,-3.258235051686e-01,-3.755697703936e-01,-4.727162063215e-01,-2.580854605866e-01,2.625425458196e+00
-2.077346464305e-02,-3.968714422819e-01,-1.674145784274e-01,-4.285151115041e-01,-3.268000402321e-01,-3.728011404953e-01,-4.736033547426e-01,-2.530223141589e-01,2.638249659299e+00
-2.136421264715e-02,-3.961310792891e-01,-1.681876278724e-01,-4.270602305485e-01,-3.277574887738e-01,-3.700286482139e-01,-4.744459933047e-01,-2.479419601496e-01,2.651136501729e+00
-2.195130262648e-02,-3.953901140582e-01,-1.689517194515e-01,-4.256048093689e-01,-3.286957509564e-01,-3.672524877547e-01,-4.752436469462e-01,-2.428448129277e-01,2.664086291464e+00
-2.253473094726e-02,-3.946485648518e-01,-1.697068315391e-01,-4.241489186327e-01,-3.296147288626e-01,-3.644728556241e-01,-4.759958423001e-01,-2.377312964318e-01,2.677099335979e+00
-2.311449374398e-02,-3.939064499921e-01,-1.704529428431e-01,-4.226926292947e-01,-3.305143260004e-01,-3.616899510686e-01,-4.767021076331e-01,-2.326018448279e-01,2.690175944249e+00
-2.369058774621e-02,-3.931637873547e-01,-1.711900330714e-01,-4.212360125270e-01,-3.313944480787e-01,-3.589039750956e-01,-4.773619732725e-01,-2.274569021105e-01,2.703316426758e+00
-2.426300958891e-02,-3.924205953385e-01,-1.719180826273e-01,-4.197791397673e-01,-3.322550028503e-01,-3.561151310174e-01,-4.779749717539e-01,-2.222969220887e-01,2.716521095507e+00
-2.483175620980e-02,-3.916768920643e-01,-1.726370722424e-01,-4.183220827787e-01,-3.330958998038e-01,-3.533236246318e-01,-4.785406378049e-01,-2.171223690181e-01,2.729790264023e+00
-2.539682491895e-02,-3.909326956959e-01,-1.733469839902e-01,-4.168649132082e-01,-3.339170508544e-01,-3.505296634674e-01,-4.790585087605e-01,-2.119337170584e-01,2.743124247361e+00
-2.595821266849e-02,-3.901880244149e-01,-1.740478000870e-01,-4.154077032961e-01,-3.347183696515e-01,-3.477334576533e-01,-4.795281245423e-01,-2.067314507718e-01,2.756523362117e+00
-2.651591708259e-02,-3.894428965618e-01,-1.747395034752e-01,-4.139505254814e-01,-3.354997720191e-01,-3.449352195433e-01,-4.799490279554e-01,-2.015160650647e-01,2.769987926434e+00
-2.706993570633e-02,-3.886973302281e-01,-1.754220781627e-01,-4.124934521679e-01,-3.362611761909e-01,-3.421351631854e-01,-4.803207649446e-01,-1.962880650190e-01,2.783518260008e+00
-2.762026644383e-02,-3.879513435817e-01,-1.760955086887e-01,-4.110365559243e-01,-3.370025022662e-01,-3.393335053226e-01,-4.806428845814e-01,-1.910479664091e-01,2.797114684096e+00
-2.816690718312e-02,-3.872049548282e-01,-1.767597802604e-01,-4.095799098433e-01,-3.377236729176e-01,-3.365304645024e-01,-4.809149394954e-01,-1.857962953287e-01,2.810777521525e+00
-2.870985608603e-02,-3.864581822495e-01,-1.774148788071e-01,-4.081235869199e-01,-3.384246127910e-01,-3.337262616305e-01,-4.811364858093e-01,-1.805335886128e-01,2.824507096699e+00
-2.924911165737e-02,-3.857110438689e-01,-1.780607912429e-01,-4.066676602274e-01,-3.391052492017e-01,-3.309211194176e-01,-4.813070836242e-01,-1.752603936439e-01,2.838303735606e+00
-2.978467224761e-02,-3.849635579108e-01,-1.786975049910e-01,-4.052122030812e-01,-3.397655115659e-01,-3.281152628741e-01,-4.814262970334e-01,-1.699772684263e-01,2.852167765828e+00
-3.031653657841e-02,-3.842157425719e-01,-1.793250082141e-01,-4.037572890696e-01,-3.404053318309e-01,-3.253089191245e-01,-4.814936943749e-01,-1.646847818292e-01,2.866099516545e+00
-3.084470362598e-02,-3.834676158832e-01,-1.799432900484e-01,-4.023029916455e-01,-3.410246444210e-01,-3.225023172305e-01,-4.815088485225e-01,-1.593835133861e-01,2.880099318545e+00
-3.136917237885e-02,-3.827191961362e-01,-1.805523400323e-01,-4.008493845536e-01,-3.416233860270e-01,-3.196956884399e-01,-4.814713369284e-01,-1.540740536778e-01,2.894167504234e+00
-3.188994219611e-02,-3.819705012326e-01,-1.811521488058e-01,-3.993965415397e-01,-3.422014963193e-01,-3.168892656344e-01,-4.813807420747e-01,-1.487570038544e-01,2.908304407639e+00
-3.240701225557e-02,-3.812215494633e-01,-1.817427075233e-01,-3.979445366228e-01,-3.427589169996e-01,-3.140832843652e-01,-4.812366515280e-01,-1.434329763039e-01,2.922510364421e+00
-3.292038246194e-02,-3.804723587093e-01,-1.823240083226e-01,-3.964934436660e-01,-3.432955928415e-01,-3.112779815421e-01,-4.810386582369e-01,-1.381025940189e-01,2.936785711879e+00
-3.343005239597e-02,-3.797229471842e-01,-1.828960441023e-01,-3.950433365300e-01,-3.438114711756e-01,-3.084735961609e-01,-4.807863607417e-01,-1.327664912666e-01,2.951130788959e+00
-3.393602215014e-02,-3.789733328714e-01,-1.834588081914e-01,-3.935942895089e-01,-3.443065016447e-01,-3.056703695780e-01,-4.804793633529e-01,-1.274253133504e-01,2.965545936264e+00
-3.443829186291e-02,-3.782235336525e-01,-1.840122952402e-01,-3.921463765821e-01,-3.447806371358e-01,-3.028685445110e-01,-4.801172765655e-01,-1.220797163373e-01,2.980031496061e+00
-3.493686171957e-02,-3.774735676632e-01,-1.845565002056e-01,-3.906996719050e-01,-3.452338330680e-01,-3.000683657833e-01,-4.796997171203e-01,-1.167303675701e-01,2.994587812288e+00
-3.543173245459e-02,-3.767234526967e-01,-1.850914192707e-01,-3.892542495239e-01,-3.456660478738e-01,-2.972700799482e-01,-4.792263083734e-01,-1.113779453109e-01,3.009215230563e+00
-3.592290462104e-02,-3.759732067721e-01,-1.856170490060e-01,-3.878101837316e-01,-3.460772424531e-01,-2.944739356425e-01,-4.786966803723e-01,-1.060231392874e-01,3.023914098191e+00
-3.641037918504e-02,-3.752228477474e-01,-1.861333870103e-01,-3.863675486029e-01,-3.464673808352e-01,-2.916801833678e-01,-4.781104703411e-01,-1.006666499595e-01,3.038684764177e+00
-3.689415707312e-02,-3.744723935086e-01,-1.866404316649e-01,-3.849264182681e-01,-3.468364300201e-01,-2.888890749668e-01,-4.774673227815e-01,-9.530918898955e-02,3.053527579228e+00
-3.737423975543e-02,-3.737218617885e-01,-1.871381822270e-01,-3.834868666834e-01,-3.471843600395e-01,-2.861008642303e-01,-4.767668898633e-01,-8.995147913725e-02,3.068442895764e+00
-3.785062844585e-02,-3.729712703926e-01,-1.876266384394e-01,-3.820489680251e-01,-3.475111436184e-01,-2.833158069306e-01,-4.760088313637e-01,-8.459425451113e-02,3.083431067927e+00
-3.832332492679e-02,-3.722206370681e-01,-1.881058014053e-01,-3.806127961312e-01,-3.478167570052e-01,-2.805341600814e-01,-4.751928155031e-01,-7.923825980566e-02,3.098492451589e+00
-3.879233084099e-02,-3.714699795594e-01,-1.885756724949e-01,-3.791784249734e-01,-3.481011790122e-01,-2.777561827897e-01,-4.743185185947e-01,-7.388425138487e-02,3.113627404361e+00
-3.925764831032e-02,-3.707193153942e-01,-1.890362543206e-01,-3.777459282016e-01,-3.483643920311e-01,-2.749821353649e-01,-4.733856257567e-01,-6.853299638939e-02,3.128836285599e+00
-3.971927937772e-02,-3.699686623118e-01,-1.894875499099e-01,-3.763153797648e-01,-3.486063811788e-01,-2.722122802569e-01,-4.723938309773e-01,-6.318527292826e-02,3.144119456416e+00
-4.017722640408e-02,-3.692180378721e-01,-1.899295634683e-01,-3.748868531076e-01,-3.488271351199e-01,-2.694468809666e-01,-4.713428374857e-01,-5.784187045084e-02,3.159477279689e+00
-4.063149193592e-02,-3.684674594152e-01,-1.903622999599e-01,-3.734604215335e-01,-3.490266455457e-01,-2.666862026938e-01,-4.702323579781e-01,-5.250358905508e-02,3.174910120065e+00
-4.108207866243e-02,-3.677169446113e-01,-1.907857650342e-01,-3.720361585208e-01,-3.492049076163e-01,-2.639305121669e-01,-4.690621149987e-01,-4.717123979523e-02,3.190418343974e+00
-4.152898946940e-02,-3.669665108087e-01,-1.911999653064e-01,-3.706141371809e-01,-3.493619195518e-01,-2.611800775684e-01,-4.678318410851e-01,-4.184564489480e-02,3.206002319638e+00
-4.197222742068e-02,-3.662161754812e-01,-1.916049080421e-01,-3.691944306113e-01,-3.494976829691e-01,-2.584351686726e-01,-4.665412791185e-01,-3.652763739061e-02,3.221662417073e+00
-4.241179576932e-02,-3.654659556577e-01,-1.920006017295e-01,-3.677771112673e-01,-3.496122030280e-01,-2.556960560954e-01,-4.651901827424e-01,-3.121806067192e-02,3.237399008106e+00
-4.284769789176e-02,-3.647158689122e-01,-1.923870552246e-01,-3.663622521065e-01,-3.497054880421e-01,-2.529630124830e-01,-4.637783164458e-01,-2.591776952678e-02,3.253212466378e+00
-4.327993745162e-02,-3.639659322422e-01,-1.927642785371e-01,-3.649499253059e-01,-3.497775498454e-01,-2.502363113979e-01,-4.623054560391e-01,-2.062762886673e-02,3.269103167358e+00
-4.370851820564e-02,-3.632161628969e-01,-1.931322823528e-01,-3.635402031265e-01,-3.498284038322e-01,-2.475162276944e-01,-4.607713888381e-01,-1.534851438805e-02,3.285071488345e+00
-4.413344423130e-02,-3.624665778186e-01,-1.934910784794e-01,-3.621331572971e-01,-3.498580688352e-01,-2.448030374131e-01,-4.591759140873e-01,-1.008131234026e-02,3.301117808485e+00
-4.455471945088e-02,-3.617171941903e-01,-1.938406789832e-01,-3.607288597931e-01,-3.498665671129e-01,-2.420970180401e-01,-4.575188431206e-01,-4.826919372060e-03,3.317242508773e+00
-4.497234834520e-02,-3.609680288986e-01,-1.941810975709e-01,-3.593273816360e-01,-3.498539245905e-01,-2.393984479941e-01,-4.557999998394e-01,4.137577562449e-04,3.333445972066e+00
-4.538633532544e-02,-3.602190988147e-01,-1.945123479727e-01,-3.579287942185e-01,-3.498201707015e-01,-2.367076068858e-01,-4.540192208491e-01,5.639801668129e-03,3.349728583091e+00
-4.579668518998e-02,-3.594704207983e-01,-1.948344454578e-01,-3.565331681772e-01,-3.497653386067e-01,-2.340247751991e-01,-4.521763559561e-01,1.085028543233e-02,3.366090728456e+00
-4.620340272516e-02,-3.587220116206e-01,-1.951474057457e-01,-3.551405740437e-01,-3.496894649762e-01,-2.313502347708e-01,-4.502712683068e-01,1.604427150109e-02,3.382532796654e+00
-4.660649294175e-02,-3.579738879046e-01,-1.954512455242e-01,-3.537510819937e-01,-3.495925902222e-01,-2.286842680329e-01,-4.483038348767e-01,2.122081309653e-02,3.399055178079e+00
-4.700596113566e-02,-3.572260663041e-01,-1.957459823400e-01,-3.523647618153e-01,-3.494747584545e-01,-2.260271585029e-01,-4.462739466426e-01,2.637895323832e-02,3.415658265029e+00
-4.740181252490e-02,-3.564785633397e-01,-1.960316344731e-01,-3.509816829563e-01,-3.493360174119e-01,-2.233791907361e-01,-4.441815089993e-01,3.151772547743e-02,3.432342451721e+00
-4.779405280608e-02,-3.557313954992e-01,-1.963082211088e-01,-3.496019145210e-01,-3.491764185521e-01,-2.207406500178e-01,-4.420264420077e-01,3.663615401308e-02,3.449108134296e+00
-4.818268766383e-02,-3.549845791392e-01,-1.965757624808e-01,-3.482255251579e-01,-3.489960173390e-01,-2.181118222014e-01,-4.398086808797e-01,4.173325383697e-02,3.465955710830e+00
-4.856772306038e-02,-3.542381306363e-01,-1.968342793133e-01,-3.468525832934e-01,-3.487948727010e-01,-2.154929942269e-01,-4.375281760546e-01,4.680803051005e-02,3.482885581343e+00
-4.894916511165e-02,-3.534920661744e-01,-1.970837935580e-01,-3.454831565096e-01,-3.485730476505e-01,-2.128844532866e-01,-4.351848937567e-01,5.185948112952e-02,3.499898147811e+00
-4.932701990333e-02,-3.527464018840e-01,-1.973243275111e-01,-3.441173125953e-01,-3.483306087686e-01,-2.102864877673e-01,-4.327788161902e-01,5.688659349726e-02,3.516993814172e+00
-4.970129402433e-02,-3.520011539182e-01,-1.975559048835e-01,-3.427551182758e-01,-3.480676266539e-01,-2.076993860948e-01,-4.303099419232e-01,6.188834731124e-02,3.534172986336e+00
-5.007199389797e-02,-3.512563382131e-01,-1.977785497175e-01,-3.413966402739e-01,-3.477841756754e-01,-2.051234376571e-01,-4.277782862161e-01,6.686371350881e-02,3.551436072199e+00
-5.043912663832e-02,-3.505119705350e-01,-1.979922874284e-01,-3.400419443516e-01,-3.474803342284e-01,-2.025589317980e-01,-4.251838813223e-01,7.181165523732e-02,3.568783481645e+00
-5.080269871225e-02,-3.497680669657e-01,-1.981971436699e-01,-3.386910963834e-01,-3.471561843320e-01,-2.000061589669e-01,-4.225267768524e-01,7.673112731852e-02,3.586215626565e+00
-5.116271774933e-02,-3.490246430546e-01,-1.983931453686e-01,-3.373441612175e-01,-3.468118122164e-01,-1.974654092925e-01,-4.198070400763e-01,8.162107713515e-02,3.603732920857e+00
-5.151919063517e-02,-3.482817145033e-01,-1.985803202535e-01,-3.360012033770e-01,-3.464473077683e-01,-1.949369737633e-01,-4.170247562703e-01,8.648044466156e-02,3.621335780445e+00
-5.187212493585e-02,-3.475392968736e-01,-1.987586966820e-01,-3.346622869056e-01,-3.460627650012e-01,-1.924211433530e-01,-4.141800290730e-01,9.130816239976e-02,3.639024623282e+00
-5.222152826009e-02,-3.467974054986e-01,-1.989283039360e-01,-3.333274751520e-01,-3.456582816939e-01,-1.899182092410e-01,-4.112729807465e-01,9.610315585446e-02,3.656799869364e+00
-5.256740845819e-02,-3.460560559044e-01,-1.990891721532e-01,-3.319968310785e-01,-3.452339596716e-01,-1.874284629364e-01,-4.083037525732e-01,1.008643439242e-01,3.674661940737e+00
-5.290977327528e-02,-3.453152633046e-01,-1.992413322200e-01,-3.306704169725e-01,-3.447899046657e-01,-1.849521959480e-01,-4.052725051673e-01,1.055906391616e-01,3.692611261509e+00
-5.324863109903e-02,-3.445750427851e-01,-1.993848161016e-01,-3.293482942870e-01,-3.443262265725e-01,-1.824896994811e-01,-4.021794187656e-01,1.102809479552e-01,3.710648257862e+00
-5.358398997066e-02,-3.438354095100e-01,-1.995196561951e-01,-3.280305242697e-01,-3.438430388781e-01,-1.800412653400e-01,-3.990246935962e-01,1.149341706692e-01,3.728773358056e+00
-5.391585840757e-02,-3.430963784236e-01,-1.996458860991e-01,-3.267171672368e-01,-3.433404593607e-01,-1.776071847541e-01,-3.958085502366e-01,1.195492022688e-01,3.746986992445e+00
-5.424424491416e-02,-3.423579644731e-01,-1.997635397608e-01,-3.254082831604e-01,-3.428186095483e-01,-1.751877491191e-01,-3.925312297727e-01,1.241249323588e-01,3.765289593485e+00
-5.456915858351e-02,-3.416201822501e-01,-1.998726525490e-01,-3.241039308958e-01,-3.422776152129e-01,-1.727832492277e-01,-3.891929943665e-01,1.286602459470e-01,3.783681595745e+00
-5.489060797076e-02,-3.408830465567e-01,-1.999732600158e-01,-3.228041691408e-01,-3.417176057268e-01,-1.703939760205e-01,-3.857941272995e-01,1.331540231086e-01,3.802163435914e+00
-5.520860220545e-02,-3.401465719815e-01,-2.000653989774e-01,-3.215090554868e-01,-3.411387147432e-01,-1.680202198453e-01,-3.823349335722e-01,1.376051399290e-01,3.820735552816e+00
-5.552315069170e-02,-3.394107728606e-01,-2.001491068590e-01,-3.202186470872e-01,-3.405410797219e-01,-1.656622707300e-01,-3.788157400211e-01,1.420124685974e-01,3.839398387420e+00
-5.583426256464e-02,-3.386756637345e-01,-2.002244217685e-01,-3.189330002619e-01,-3.399248420068e-01,-1.633204184426e-01,-3.752368955810e-01,1.463748778339e-01,3.858152382847e+00
-5.614194754674e-02,-3.379412587207e-01,-2.002913828192e-01,-3.176521707031e-01,-3.392901469646e-01,-1.609949520530e-01,-3.715987718746e-01,1.506912330682e-01,3.876997984382e+00
-5.644621527282e-02,-3.372075719618e-01,-2.003500300359e-01,-3.163762129943e-01,-3.386371441510e-01,-1.586861595871e-01,-3.679017631683e-01,1.549603976663e-01,3.895935639485e+00
-5.674707557648e-02,-3.364746175208e-01,-2.004004036130e-01,-3.151051815707e-01,-3.379659864557e-01,-1.563943293501e-01,-3.641462868898e-01,1.591812318185e-01,3.914965797805e+00
-5.704453850974e-02,-3.357424093192e-01,-2.004425452322e-01,-3.138391295165e-01,-3.372768311971e-01,-1.541197482346e-01,-3.603327838880e-01,1.633525945002e-01,3.934088911183e+00
-5.733861427694e-02,-3.350109611482e-01,-2.004764967718e-01,-3.125781096548e-01,-3.365698393700e-01,-1.518627024983e-01,-3.564617186573e-01,1.674733429939e-01,3.953305433670e+00
-5.762931293728e-02,-3.342802866618e-01,-2.005023014055e-01,-3.113221733994e-01,-3.358451758178e-01,-1.496234775575e-01,-3.525335796438e-01,1.715423335747e-01,3.972615821533e+00
-5.791664513501e-02,-3.335503995818e-01,-2.005200024563e-01,-3.100713720134e-01,-3.351030092122e-01,-1.474023583956e-01,-3.485488795618e-01,1.755584220285e-01,3.992020533269e+00
-5.820062136316e-02,-3.328213132661e-01,-2.005296446011e-01,-3.088257553713e-01,-3.343435120737e-01,-1.451996283373e-01,-3.445081556614e-01,1.795204639434e-01,4.011520029614e+00
-5.848125245709e-02,-3.320930409673e-01,-2.005312730352e-01,-3.075853726359e-01,-3.335668609022e-01,-1.430155695385e-01,-3.404119698910e-01,1.834273155920e-01,4.031114773555e+00
-5.875854925447e-02,-3.313655961057e-01,-2.005249334951e-01,-3.063502723951e-01,-3.327732357294e-01,-1.408504636742e-01,-3.362609092994e-01,1.872778338324e-01,4.050805230340e+00
-5.903252280013e-02,-3.306389916693e-01,-2.005106727898e-01,-3.051205020447e-01,-3.319628204405e-01,-1.387045908004e-01,-3.320555862300e-01,1.910708770083e-01,4.070591867489e+00
-5.930318414601e-02,-3.299132406919e-01,-2.004885380239e-01,-3.038961084204e-01,-3.311358024776e-01,-1.365782300003e-01,-3.277966385504e-01,1.948053051994e-01,4.090475154807e+00
-5.957054486281e-02,-3.291883560105e-01,-2.004585775519e-01,-3.026771370581e-01,-3.302923731851e-01,-1.344716587312e-01,-3.234847298819e-01,1.984799811144e-01,4.110455564393e+00
-5.983461604031e-02,-3.284643504878e-01,-2.004208400692e-01,-3.014636329157e-01,-3.294327274563e-01,-1.323851529960e-01,-3.191205498154e-01,2.020937704644e-01,4.130533570653e+00
-6.009540952318e-02,-3.277412366092e-01,-2.003753750447e-01,-3.002556398945e-01,-3.285570636503e-01,-1.303189877309e-01,-3.147048141596e-01,2.056455422713e-01,4.150709650308e+00
-6.035293692805e-02,-3.270190270156e-01,-2.003222326454e-01,-2.990532010995e-01,-3.276655838396e-01,-1.282734359854e-01,-3.102382652599e-01,2.091341695986e-01,4.170984282410e+00
-6.060721001763e-02,-3.262977340276e-01,-2.002614640203e-01,-2.978563582984e-01,-3.267584936720e-01,-1.262487688681e-01,-3.057216719849e-01,2.125585303856e-01,4.191357948350e+00
-6.085824089413e-02,-3.255773698685e-01,-2.001931205394e-01,-2.966651528089e-01,-3.258360019970e-01,-1.242452565241e-01,-3.011558300259e-01,2.159175075212e-01,4.211831131870e+00
-6.110604183803e-02,-3.248579466777e-01,-2.001172546486e-01,-2.954796245807e-01,-3.248983214390e-01,-1.222631664442e-01,-2.965415621974e-01,2.192099899397e-01,4.232404319077e+00
-6.135062477366e-02,-3.241394765445e-01,-2.000339191139e-01,-2.942998129530e-01,-3.239456675568e-01,-1.203027653209e-01,-2.918797183681e-01,2.224348727167e-01,4.253077998449e+00
-6.159200221184e-02,-3.234219712638e-01,-1.999431675169e-01,-2.931257560465e-01,-3.229782595760e-01,-1.183643168770e-01,-2.871711757362e-01,2.255910581663e-01,4.273852660852e+00
-6.183018664863e-02,-3.227054426927e-01,-1.998450543949e-01,-2.919574908563e-01,-3.219963198263e-01,-1.164480832840e-01,-2.824168391037e-01,2.286774564164e-01,4.294728799551e+00
-6.206519084369e-02,-3.219899022867e-01,-1.997396343938e-01,-2.907950536288e-01,-3.210000739171e-01,-1.145543245019e-01,-2.776176408058e-01,2.316929855388e-01,4.315706910217e+00
-6.229702725543e-02,-3.212753617373e-01,-1.996269632300e-01,-2.896384794605e-01,-3.199897503431e-01,-1.126832984960e-01,-2.727745409231e-01,2.346365728167e-01,4.336787490946e+00
-6.252570902340e-02,-3.205618322880e-01,-1.995070968574e-01,-2.884878025241e-01,-3.189655809167e-01,-1.108352607784e-01,-2.678885274129e-01,2.375071551431e-01,4.357971042264e+00
-6.275124890409e-02,-3.198493253406e-01,-1.993800921890e-01,-2.873430558460e-01,-3.179278003189e-01,-1.090104646852e-01,-2.629606162540e-01,2.403036796795e-01,4.379258067144e+00
-6.297366025591e-02,-3.191378517142e-01,-1.992460067739e-01,-2.862042712871e-01,-3.168766462941e-01,-1.072091605275e-01,-2.579918514008e-01,2.430251046465e-01,4.400649071013e+00
-6.319295616791e-02,-3.184274226029e-01,-1.991048982790e-01,-2.850714799842e-01,-3.158123590713e-01,-1.054315972015e-01,-2.529833049081e-01,2.456703997346e-01,4.422144561771e+00
-6.340915013348e-02,-3.177180487406e-01,-1.989568257287e-01,-2.839447115929e-01,-3.147351822405e-01,-1.036780194909e-01,-2.479360770292e-01,2.482385476269e-01,4.443745049794e+00
-6.362225530412e-02,-3.170097410060e-01,-1.988018479002e-01,-2.828239951649e-01,-3.136453613283e-01,-1.019486711344e-01,-2.428512962495e-01,2.507285433525e-01,4.465451047956e+00
-6.383228552325e-02,-3.163025097468e-01,-1.986400248554e-01,-2.817093581485e-01,-3.125431451075e-01,-1.002437918258e-01,-2.377301193395e-01,2.531393963842e-01,4.487263071633e+00
-6.403925435602e-02,-3.155963656015e-01,-1.984714166638e-01,-2.806008273549e-01,-3.114287843735e-01,-9.856361902636e-02,-2.325737310645e-01,2.554701305546e-01,4.509181638718e+00
-6.424317568448e-02,-3.148913187001e-01,-1.982960844556e-01,-2.794984281182e-01,-3.103025328226e-01,-9.690838654805e-02,-2.273833447553e-01,2.577197851922e-01,4.531207269637e+00
-6.444406321680e-02,-3.141873794308e-01,-1.981140893506e-01,-2.784021850483e-01,-3.091646458835e-01,-9.527832631489e-02,-2.221602017298e-01,2.598874155045e-01,4.553340487354e+00
-6.464193127781e-02,-3.134845576509e-01,-1.979254935765e-01,-2.773121212822e-01,-3.080153816989e-01,-9.367366581858e-02,-2.169055715771e-01,2.619720938133e-01,4.575581817390e+00
-6.483679375076e-02,-3.127828633304e-01,-1.977303593610e-01,-2.762282591166e-01,-3.068550002355e-01,-9.209463004203e-02,-2.116207519225e-01,2.639729100154e-01,4.597931787832e+00
-6.502866488681e-02,-3.120823063172e-01,-1.975287499418e-01,-2.751506194114e-01,-3.056837636831e-01,-9.054144032170e-02,-2.063070684645e-01,2.658889725763e-01,4.620390929348e+00
-6.521755892909e-02,-3.113828961861e-01,-1.973207285389e-01,-2.740792223233e-01,-3.045019358244e-01,-8.901431483877e-02,-2.009658748411e-01,2.677194088564e-01,4.642959775197e+00
-6.540349030629e-02,-3.106846423771e-01,-1.971063592890e-01,-2.730140864360e-01,-3.033097825756e-01,-8.751346753992e-02,-1.955985524367e-01,2.694633666893e-01,4.665638861242e+00
-6.558647370098e-02,-3.099875543209e-01,-1.968857065805e-01,-2.719552294614e-01,-3.021075712130e-01,-8.603910955646e-02,-1.902065102527e-01,2.711200146089e-01,4.688428725965e+00
-6.576652360733e-02,-3.092916412204e-01,-1.966588354411e-01,-2.709026678142e-01,-3.008955709003e-01,-8.459144716692e-02,-1.847911850528e-01,2.726885428524e-01,4.711329910476e+00
-6.594365467481e-02,-3.085969121696e-01,-1.964258110032e-01,-2.698564170195e-01,-2.996740518637e-01,-8.317068382816e-02,-1.793540406012e-01,2.741681641059e-01,4.734342958531e+00
-6.611788166094e-02,-3.079033761347e-01,-1.961866993263e-01,-2.688164910456e-01,-2.984432857233e-01,-8.177701831674e-02,-1.738965680354e-01,2.755581144431e-01,4.757468416541e+00
-6.628921955177e-02,-3.072110419096e-01,-1.959415665733e-01,-2.677829030016e-01,-2.972035454565e-01,-8.041064543184e-02,-1.684202852536e-01,2.768576542291e-01,4.780706833585e+00
-6.645768333267e-02,-3.065199181306e-01,-1.956904794590e-01,-2.667556646923e-01,-2.959551048783e-01,-7.907175562209e-02,-1.629267367429e-01,2.780660688013e-01,4.804058761425e+00
-6.662328786114e-02,-3.058300134140e-01,-1.954335050393e-01,-2.657347868362e-01,-2.946982386980e-01,-7.776053506020e-02,-1.574174934899e-01,2.791826693332e-01,4.827524754518e+00
-6.678604853268e-02,-3.051413360574e-01,-1.951707108408e-01,-2.647202789591e-01,-2.934332224778e-01,-7.647716522308e-02,-1.518941525978e-01,2.802067938234e-01,4.851105370029e+00
-6.694598032369e-02,-3.044538944821e-01,-1.949021645775e-01,-2.637121495736e-01,-2.921603321332e-01,-7.522182342155e-02,-1.463583367064e-01,2.811378077329e-01,4.874801167845e+00
-6.710309861418e-02,-3.037676966693e-01,-1.946279346071e-01,-2.627104056979e-01,-2.908798443363e-01,-7.399468134526e-02,-1.408116940356e-01,2.819751052718e-01,4.898612710587e+00
-6.725741892967e-02,-3.030827506818e-01,-1.943480896831e-01,-2.617150532818e-01,-2.895920359543e-01,-7.279590607773e-02,-1.352558979710e-01,2.827181097806e-01,4.922540563626e+00
-6.740895651920e-02,-3.023990643606e-01,-1.940626985293e-01,-2.607260974427e-01,-2.882971837370e-01,-7.162566019663e-02,-1.296926461205e-01,2.833662747601e-01,4.946585295092e+00
-6.755772711617e-02,-3.017166453343e-01,-1.937718305092e-01,-2.597435416850e-01,-2.869955647838e-01,-7.048410012711e-02,-1.241236608203e-01,2.839190849961e-01,4.970747475892e+00
-6.770374603013e-02,-3.010355012919e-01,-1.934755552854e-01,-2.587673885777e-01,-2.856874557370e-01,-6.937137736966e-02,-1.185506877358e-01,2.843760570355e-01,4.995027679721e+00
-6.784702923612e-02,-3.003556395782e-01,-1.931739426165e-01,-2.577976395575e-01,-2.843731329482e-01,-6.828763791959e-02,-1.129754961840e-01,2.847367403070e-01,5.019426483077e+00
-6.798759237401e-02,-2.996770675250e-01,-1.928670630441e-01,-2.568342945783e-01,-2.830528723448e-01,-6.723302160885e-02,-1.073998780534e-01,2.850007180991e-01,5.043944465273e+00
-6.812545112147e-02,-2.989997922731e-01,-1.925549868504e-01,-2.558773527811e-01,-2.817269490094e-01,-6.620766280634e-02,-1.018256475347e-01,2.851676080200e-01,5.068582208453e+00
-6.826062153230e-02,-2.983238209095e-01,-1.922377848123e-01,-2.549268121984e-01,-2.803956371741e-01,-6.521168944991e-02,-9.625464063596e-02,2.852370632156e-01,5.093340297602e+00
-6.839311934939e-02,-2.976491602582e-01,-1.919155278959e-01,-2.539826694292e-01,-2.790592100420e-01,-6.424522353848e-02,-9.068871418532e-02,2.852087731930e-01,5.118219320566e+00
-6.852296074700e-02,-2.969758170289e-01,-1.915882875868e-01,-2.530449198930e-01,-2.777179394817e-01,-6.330838034504e-02,-8.512974573839e-02,2.850824646643e-01,5.143219868059e+00
-6.865016183579e-02,-2.963037979163e-01,-1.912561352214e-01,-2.521135581833e-01,-2.763720961235e-01,-6.240126821261e-02,-7.957963279905e-02,2.848579021943e-01,5.168342533682e+00
-6.877473854962e-02,-2.956331093125e-01,-1.909191427870e-01,-2.511885773236e-01,-2.750219488861e-01,-6.152398899788e-02,-7.404029190035e-02,2.845348894798e-01,5.193587913937e+00
-6.889670721529e-02,-2.949637575640e-01,-1.905773818468e-01,-2.502699697880e-01,-2.736677647661e-01,-6.067663727523e-02,-6.851365777428e-02,2.841132697361e-01,5.218956608236e+00
-6.901608378396e-02,-2.942957489897e-01,-1.902309247148e-01,-2.493577262807e-01,-2.723098088503e-01,-5.985930066859e-02,-6.300168323944e-02,2.835929268305e-01,5.244449218923e+00
-6.913288486509e-02,-2.936290895376e-01,-1.898798436807e-01,-2.484518368338e-01,-2.709483441411e-01,-5.907205843296e-02,-5.750633791666e-02,2.829737862228e-01,5.270066351281e+00
-6.924712658619e-02,-2.929637851450e-01,-1.895242112250e-01,-2.475522900655e-01,-2.695836311630e-01,-5.831498246595e-02,-5.202960763558e-02,2.822558153593e-01,5.295808613551e+00
-6.935882562354e-02,-2.922998414952e-01,-1.891641000207e-01,-2.466590735473e-01,-2.682159279746e-01,-5.758813619592e-02,-4.657349349357e-02,2.814390250265e-01,5.321676616945e+00
-6.946799788305e-02,-2.916372644927e-01,-1.887995825692e-01,-2.457721740578e-01,-2.668454895533e-01,-5.689157585771e-02,-4.114001088218e-02,2.805234695609e-01,5.347670975661e+00
-6.957466031310e-02,-2.909760594695e-01,-1.884307320195e-01,-2.448915767615e-01,-2.654725683227e-01,-5.622534785160e-02,-3.573118911700e-02,2.795092482764e-01,5.373792306896e+00
-6.967882918093e-02,-2.903162318596e-01,-1.880576211541e-01,-2.440172661029e-01,-2.640974133304e-01,-5.558948996452e-02,-3.034906967724e-02,2.783965057104e-01,5.400041230861e+00
-6.978052099385e-02,-2.896577869671e-01,-1.876803230419e-01,-2.431492253946e-01,-2.627202704090e-01,-5.498403110583e-02,-2.499570610625e-02,2.771854328003e-01,5.426418370800e+00
-6.987975253436e-02,-2.890007298530e-01,-1.872989108469e-01,-2.422874367931e-01,-2.613413816784e-01,-5.440899063027e-02,-1.967316234717e-02,2.758762672809e-01,5.452924352998e+00
-6.997654013770e-02,-2.883450655272e-01,-1.869134578430e-01,-2.414318813445e-01,-2.599609857470e-01,-5.386437791638e-02,-1.438351201972e-02,2.744692948253e-01,5.479559806801e+00
-7.007090090596e-02,-2.876907988066e-01,-1.865240372906e-01,-2.405825390178e-01,-2.585793173392e-01,-5.335019210253e-02,-9.128837696996e-03,2.729648494445e-01,5.506325364626e+00
-7.016285102819e-02,-2.870379345321e-01,-1.861307222498e-01,-2.397393892118e-01,-2.571966068138e-01,-5.286642272880e-02,-3.911228839912e-03,2.713633141463e-01,5.533221661985e+00
-7.025240767925e-02,-2.863864771577e-01,-1.857335862434e-01,-2.389024096579e-01,-2.558130806914e-01,-5.241304728181e-02,1.267218197747e-03,2.696651220356e-01,5.560249337488e+00
-7.033958730232e-02,-2.857364311706e-01,-1.853327024639e-01,-2.380715773807e-01,-2.544289607146e-01,-5.199003320690e-02,6.404402379390e-03,2.678707564406e-01,5.587409032868e+00
-7.042440665802e-02,-2.850878009663e-01,-1.849281442846e-01,-2.372468684418e-01,-2.530444643068e-01,-5.159733586745e-02,1.149821797259e-02,2.659807521333e-01,5.614701392991e+00
-7.050688286939e-02,-2.844405906727e-01,-1.845199848861e-01,-2.364282578307e-01,-2.516598040920e-01,-5.123489869645e-02,1.654655686916e-02,2.639956953667e-01,5.642127065876e+00
-7.058703242221e-02,-2.837948043992e-01,-1.841082975586e-01,-2.356157194656e-01,-2.502751876076e-01,-5.090265361099e-02,2.154730953298e-02,2.619162248008e-01,5.669686702702e+00
-7.066487235729e-02,-2.831504461118e-01,-1.836931554695e-01,-2.348092265708e-01,-2.488908177524e-01,-5.060051908797e-02,2.649836567191e-02,2.597430322068e-01,5.697380957833e+00
-7.074041941932e-02,-2.825075194970e-01,-1.832746317213e-01,-2.340087511310e-01,-2.475068919891e-01,-5.032840077994e-02,3.139761653613e-02,2.574768625778e-01,5.725210488828e+00
-7.081369053648e-02,-2.818660284644e-01,-1.828527992271e-01,-2.332142644734e-01,-2.461236025010e-01,-5.008619150278e-02,3.624295558330e-02,2.551185149325e-01,5.753175956458e+00
-7.088470251131e-02,-2.812259764817e-01,-1.824277310437e-01,-2.324257367468e-01,-2.447411363959e-01,-4.987376938711e-02,4.103227975869e-02,2.526688429141e-01,5.781278024722e+00
-7.095347250419e-02,-2.805873668788e-01,-1.819994998003e-01,-2.316431374716e-01,-2.433596749956e-01,-4.969099874343e-02,4.576349172864e-02,2.501287548778e-01,5.809517360861e+00
-7.102001729392e-02,-2.799502030548e-01,-1.815681785760e-01,-2.308664348177e-01,-2.419793942897e-01,-4.953772927819e-02,5.043450034564e-02,2.474992147921e-01,5.837894635377e+00
-7.108435383397e-02,-2.793144881950e-01,-1.811338394852e-01,-2.300955966564e-01,-2.406004646218e-01,-4.941379521573e-02,5.504322274381e-02,2.447812420517e-01,5.866410522046e+00
-7.114649893426e-02,-2.786802253705e-01,-1.806965549434e-01,-2.293305897627e-01,-2.392230504699e-01,-4.931901612795e-02,5.958758605327e-02,2.419759120871e-01,5.895065697935e+00
-7.120646963389e-02,-2.780474175398e-01,-1.802563973755e-01,-2.285713798790e-01,-2.378473110828e-01,-4.925319438024e-02,6.406552745287e-02,2.390843571723e-01,5.923860843419e+00
-7.126428300901e-02,-2.774160674512e-01,-1.798134386915e-01,-2.278179322092e-01,-2.364733996382e-01,-4.921611708077e-02,6.847499787773e-02,2.361077658790e-01,5.952796642196e+00
-7.131995577653e-02,-2.767861778904e-01,-1.793677505729e-01,-2.270702111975e-01,-2.351014636902e-01,-4.920755427000e-02,7.281396236837e-02,2.330473836307e-01,5.981873781304e+00
-7.137350517851e-02,-2.761577513390e-01,-1.789194048075e-01,-2.263281800920e-01,-2.337316454415e-01,-4.922725801667e-02,7.708040099799e-02,2.299045134660e-01,6.011092951137e+00
-7.142494786082e-02,-2.755307903488e-01,-1.784684726330e-01,-2.255918018073e-01,-2.323640811251e-01,-4.927496378805e-02,8.127231258631e-02,2.266805150278e-01,6.040454845459e+00
-7.147430106330e-02,-2.749052971701e-01,-1.780150252928e-01,-2.248610382817e-01,-2.309989017636e-01,-4.935038847531e-02,8.538771416355e-02,2.233768059729e-01,6.069960161426e+00
-7.152158130606e-02,-2.742812741840e-01,-1.775591333084e-01,-2.241358510932e-01,-2.296362325758e-01,-4.945323109305e-02,8.942464454438e-02,2.199948606663e-01,6.099609599598e+00
-7.156680609275e-02,-2.736587232597e-01,-1.771008676663e-01,-2.234162004557e-01,-2.282761939904e-01,-4.958317078662e-02,9.338116407912e-02,2.165362118798e-01,6.129403863957e+00
-7.160999191038e-02,-2.730376466148e-01,-1.766402984050e-01,-2.227020464885e-01,-2.269189009545e-01,-4.973986868572e-02,9.725535832334e-02,2.130024490677e-01,6.159343661924e+00
-7.165115597686e-02,-2.724180459508e-01,-1.761774955426e-01,-2.219933483340e-01,-2.255644635524e-01,-4.992296588639e-02,1.010453383718e-01,2.093952194866e-01,6.189429704373e+00
-7.169031488572e-02,-2.717999232389e-01,-1.757125287227e-01,-2.212900647331e-01,-2.242129870416e-01,-5.013208398371e-02,1.047492436098e-01,2.057162273571e-01,6.219662705655e+00
-7.172748565048e-02,-2.711832799887e-01,-1.752454672167e-01,-2.205921536617e-01,-2.228645720831e-01,-5.036682454318e-02,1.083652430272e-01,2.019672340505e-01,6.250043383607e+00
-7.176268534412e-02,-2.705681176780e-01,-1.747763801821e-01,-2.198995722786e-01,-2.215193154551e-01,-5.062676783821e-02,1.118915363716e-01,1.981500581550e-01,6.280572459572e+00
-7.179593064903e-02,-2.699544378215e-01,-1.743053360971e-01,-2.192122774654e-01,-2.201773093290e-01,-5.091147495688e-02,1.153263577373e-01,1.942665742091e-01,6.311250658419e+00
-7.182723842487e-02,-2.693422416974e-01,-1.738324032014e-01,-2.185302255756e-01,-2.188386426866e-01,-5.122048521753e-02,1.186679757136e-01,1.903187134075e-01,6.342078708556e+00
-7.185662550389e-02,-2.687315305603e-01,-1.733576493648e-01,-2.178533721697e-01,-2.175034008567e-01,-5.155331772739e-02,1.219146960101e-01,1.863084626411e-01,6.373057341949e+00
-7.188410868787e-02,-2.681223054889e-01,-1.728811420465e-01,-2.171816725216e-01,-2.161716663390e-01,-5.190947037629e-02,1.250648632659e-01,1.822378641290e-01,6.404187294140e+00
-7.190970478986e-02,-2.675145674779e-01,-1.724029483258e-01,-2.165150811712e-01,-2.148435188275e-01,-5.228842016280e-02,1.281168630457e-01,1.781090148806e-01,6.435469304264e+00
-7.193343060972e-02,-2.669083173653e-01,-1.719231346887e-01,-2.158535524130e-01,-2.135190358562e-01,-5.268962299994e-02,1.310691232735e-01,1.739240661708e-01,6.466904115065e+00
-7.195530263468e-02,-2.663035560662e-01,-1.714417671739e-01,-2.151970402091e-01,-2.121982931888e-01,-5.311251432016e-02,1.339201168003e-01,1.696852228252e-01,6.498492472917e+00
-7.197533772122e-02,-2.657002841368e-01,-1.709589115640e-01,-2.145454977473e-01,-2.108813652487e-01,-5.355650818658e-02,1.366683626315e-01,1.653947427777e-01,6.530235127838e+00
-7.199355259107e-02,-2.650985021577e-01,-1.704746333301e-01,-2.138988776959e-01,-2.095683256326e-01,-5.402099810429e-02,1.393124279305e-01,1.610549361807e-01,6.562132833510e+00
-7.200996387204e-02,-2.644982106964e-01,-1.699889968546e-01,-2.132571329884e-01,-2.082592474529e-01,-5.450535773527e-02,1.418509304154e-01,1.566681644931e-01,6.594186347297e+00
-7.202458795057e-02,-2.638994099754e-01,-1.695020665684e-01,-2.126202155420e-01,-2.069542037465e-01,-5.500894069536e-02,1.442825403211e-01,1.522368388736e-01,6.626396430263e+00
-7.203744164093e-02,-2.633021004567e-01,-1.690139060400e-01,-2.119880774824e-01,-2.056532682571e-01,-5.553108141743e-02,1.466059814336e-01,1.477634208151e-01,6.658763847188e+00
-7.204854133457e-02,-2.627062821712e-01,-1.685245785828e-01,-2.113606700983e-01,-2.043565158501e-01,-5.607109434585e-02,1.488200336191e-01,1.432504198191e-01,6.691289366589e+00
-7.205790365318e-02,-2.621119552051e-01,-1.680341470501e-01,-2.107379445714e-01,-2.030640230061e-01,-5.662827585933e-02,1.509235343211e-01,1.387003931789e-01,6.723973760735e+00
-7.206554479282e-02,-2.615191196594e-01,-1.675426731441e-01,-2.101198522061e-01,-2.017758677229e-01,-5.720190594579e-02,1.529153819847e-01,1.341159427942e-01,6.756817805669e+00
-7.207148149620e-02,-2.609277752717e-01,-1.670502188475e-01,-2.095063433393e-01,-2.004921311713e-01,-5.779124563485e-02,1.547945350289e-01,1.294997174618e-01,6.789822281224e+00
-7.207572987777e-02,-2.603379219714e-01,-1.665568448164e-01,-2.088973687811e-01,-1.992128971770e-01,-5.839554108111e-02,1.565600168016e-01,1.248544074990e-01,6.822987971043e+00
-7.207830636301e-02,-2.597495593279e-01,-1.660626116833e-01,-2.082928786820e-01,-1.979382532897e-01,-5.901402231276e-02,1.582109146079e-01,1.201827474111e-01,6.856315662595e+00
-7.207922722296e-02,-2.591626870389e-01,-1.655675792273e-01,-2.076928230822e-01,-1.966682907898e-01,-5.964590582586e-02,1.597463839948e-01,1.154875106624e-01,6.889806147198e+00
-7.207850883059e-02,-2.585773046072e-01,-1.650718067780e-01,-2.070971519387e-01,-1.954031054874e-01,-6.029039439591e-02,1.611656485785e-01,1.107715112785e-01,6.923460220034e+00
-7.207616697884e-02,-2.579934114871e-01,-1.645753526925e-01,-2.065058152300e-01,-1.941427974270e-01,-6.094667991309e-02,1.624680040405e-01,1.060375987017e-01,6.957278680167e+00
-7.207221818424e-02,-2.574110069211e-01,-1.640782750887e-01,-2.059187626034e-01,-1.928874724467e-01,-6.161394188956e-02,1.636528168215e-01,1.012886606183e-01,6.991262330568e+00
-7.206667835966e-02,-2.568300903283e-01,-1.635806312241e-01,-2.053359436786e-01,-1.916372409610e-01,-6.229135240422e-02,1.647195289519e-01,9.652761669528e-02,7.025411978128e+00
-7.205956359376e-02,-2.562506606950e-01,-1.630824780395e-01,-2.047573078273e-01,-1.903922198793e-01,-6.297807335950e-02,1.656676571265e-01,9.175742079734e-02,7.059728433679e+00
-7.205088972119e-02,-2.556727172717e-01,-1.625838714092e-01,-2.041828046225e-01,-1.891525313014e-01,-6.367326190852e-02,1.664967966512e-01,8.698105526512e-02,7.094212512016e+00
-7.204067304408e-02,-2.550962588514e-01,-1.620848669564e-01,-2.036123834317e-01,-1.879183040314e-01,-6.437606830415e-02,1.672066207707e-01,8.220153240678e-02,7.128865031911e+00
-7.202892893861e-02,-2.545212846122e-01,-1.615855189696e-01,-2.030459939824e-01,-1.866896720775e-01,-6.508564229015e-02,1.677968850052e-01,7.742188824551e-02,7.163686816137e+00
-7.201567359415e-02,-2.539477931979e-01,-1.610858818760e-01,-2.024835854157e-01,-1.854667767836e-01,-6.580112857000e-02,1.682674251998e-01,7.264518613983e-02,7.198678691485e+00
-7.200092269325e-02,-2.533757833726e-01,-1.605860089245e-01,-2.019251073328e-01,-1.842497648674e-01,-6.652167367300e-02,1.686181621345e-01,6.787450909023e-02,7.233841488787e+00
-7.198469164114e-02,-2.528052540197e-01,-1.600859525762e-01,-2.013705094506e-01,-1.830387894142e-01,-6.724642549713e-02,1.688491015636e-01,6.311295961806e-02,7.269176042929e+00
-7.196699638270e-02,-2.522362034656e-01,-1.595857650836e-01,-2.008197410691e-01,-1.818340101298e-01,-6.797453357653e-02,1.689603350034e-01,5.836365882171e-02,7.304683192880e+00
-7.194785245531e-02,-2.516686304536e-01,-1.590854973256e-01,-2.002727523367e-01,-1.806355915085e-01,-6.870515512946e-02,1.689520425947e-01,5.362974124297e-02,7.340363781704e+00
-7.192727526535e-02,-2.511025332475e-01,-1.585852002368e-01,-1.997294925542e-01,-1.794437047931e-01,-6.943745092172e-02,1.688244924065e-01,4.891435526367e-02,7.376218656582e+00
-7.190528033833e-02,-2.505379103764e-01,-1.580849233147e-01,-1.991899119783e-01,-1.782585257304e-01,-7.017059252505e-02,1.685780436100e-01,4.422065731911e-02,7.412248668837e+00
-7.188188290734e-02,-2.499747600993e-01,-1.575847156481e-01,-1.986539608290e-01,-1.770802352170e-01,-7.090376065023e-02,1.682131463256e-01,3.955181158775e-02,7.448454673947e+00
-7.185709837206e-02,-2.494130806477e-01,-1.570846256320e-01,-1.981215890914e-01,-1.759090186551e-01,-7.163614777784e-02,1.677303427283e-01,3.491098684595e-02,7.484837531571e+00
-7.183094216427e-02,-2.488528700671e-01,-1.565847009073e-01,-1.975927473640e-01,-1.747450658079e-01,-7.236695957404e-02,1.671302684448e-01,3.030135365467e-02,7.521398105564e+00
-7.180342929822e-02,-2.482941265858e-01,-1.560849882304e-01,-1.970673862410e-01,-1.735885692313e-01,-7.309541733692e-02,1.664136533406e-01,2.572608022220e-02,7.558137264005e+00
-7.177457480758e-02,-2.477368482403e-01,-1.555855335922e-01,-1.965454567205e-01,-1.724397246871e-01,-7.382075874862e-02,1.655813222059e-01,2.118833154530e-02,7.595055879209e+00
-7.174439376317e-02,-2.471810329413e-01,-1.550863823630e-01,-1.960269099157e-01,-1.712987301319e-01,-7.454223933645e-02,1.646341954712e-01,1.669126451942e-02,7.632154827755e+00
-7.171290121541e-02,-2.466266785344e-01,-1.545875790648e-01,-1.955116971143e-01,-1.701657853325e-01,-7.525913347984e-02,1.635732896356e-01,1.223802714113e-02,7.669434990502e+00
-7.168011199246e-02,-2.460737828723e-01,-1.540891676923e-01,-1.949997698536e-01,-1.690410905909e-01,-7.597073723684e-02,1.623997182138e-01,7.831753622498e-03,7.706897252612e+00
-7.164604100394e-02,-2.455223437354e-01,-1.535911907853e-01,-1.944910805069e-01,-1.679248461632e-01,-7.667636870406e-02,1.611146921044e-01,3.475560610386e-03,7.744542503571e+00
-7.161070282455e-02,-2.449723588688e-01,-1.530936909703e-01,-1.939855809275e-01,-1.668172521351e-01,-7.737536821899e-02,1.597195194835e-01,-8.274529253412e-04,7.782371637211e+00
-7.157411231106e-02,-2.444238258588e-01,-1.525967095848e-01,-1.934832237457e-01,-1.657185069164e-01,-7.806710046685e-02,1.582156065227e-01,-5.074212160413e-03,7.820385551726e+00
-7.153628392472e-02,-2.438767422581e-01,-1.521002871714e-01,-1.929839619899e-01,-1.646288063518e-01,-7.875095638559e-02,1.566044574522e-01,-9.261668213247e-03,7.858585149702e+00
-7.149723223487e-02,-2.433311057033e-01,-1.516044637441e-01,-1.924877487851e-01,-1.635483438740e-01,-7.942635157603e-02,1.548876742140e-01,-1.338680109586e-02,7.896971338132e+00
-7.145697172860e-02,-2.427869134857e-01,-1.511092785140e-01,-1.919945375906e-01,-1.624773088855e-01,-8.009272848427e-02,1.530669569507e-01,-1.744662383058e-02,7.935545028438e+00
-7.141551675363e-02,-2.422441630841e-01,-1.506147696975e-01,-1.915042824941e-01,-1.614158859910e-01,-8.074955753220e-02,1.511441031034e-01,-2.143818615743e-02,7.974307136496e+00
-7.137288150346e-02,-2.417028519280e-01,-1.501209745974e-01,-1.910169380222e-01,-1.603642543464e-01,-8.139633703227e-02,1.491210079747e-01,-2.535857784129e-02,8.013258582654e+00
-7.132908017591e-02,-2.411629773034e-01,-1.496279300686e-01,-1.905324588345e-01,-1.593225872855e-01,-8.203259299464e-02,1.469996633016e-01,-2.920493102939e-02,8.052400291756e+00
-7.128412708253e-02,-2.406245363465e-01,-1.491356723040e-01,-1.900507998556e-01,-1.582910516151e-01,-8.265787950732e-02,1.447821574207e-01,-3.297442366700e-02,8.091733193166e+00
-7.123803603899e-02,-2.400875263854e-01,-1.486442362730e-01,-1.895719168248e-01,-1.572698060090e-01,-8.327178044976e-02,1.424706742629e-01,-3.666428540299e-02,8.131258220783e+00
-7.119082121123e-02,-2.395519444172e-01,-1.481536563901e-01,-1.890957657557e-01,-1.562590011611e-01,-8.387390810131e-02,1.400674924243e-01,-4.027179948478e-02,8.170976313071e+00
-7.114249639894e-02,-2.390177876198e-01,-1.476639661797e-01,-1.886223030378e-01,-1.552587792163e-01,-8.446390325098e-02,1.375749847664e-01,-4.379430538145e-02,8.210888413078e+00
-7.109307534812e-02,-2.384850530395e-01,-1.471751984830e-01,-1.881514855919e-01,-1.542692727957e-01,-8.504143562184e-02,1.349956165248e-01,-4.722920442185e-02,8.250995468457e+00
-7.104257174331e-02,-2.379537376920e-01,-1.466873852349e-01,-1.876832709427e-01,-1.532906045659e-01,-8.560620352486e-02,1.323319446712e-01,-5.057396186771e-02,8.291298431490e+00
-7.099099933253e-02,-2.374238384908e-01,-1.462005577958e-01,-1.872176166772e-01,-1.523228872376e-01,-8.615793287843e-02,1.295866162374e-01,-5.382611076688e-02,8.331798259112e+00
-7.093837149151e-02,-2.368953523588e-01,-1.457147463762e-01,-1.867544813646e-01,-1.513662223518e-01,-8.669637828000e-02,1.267623671441e-01,-5.698325637679e-02,8.372495912932e+00
-7.088470184044e-02,-2.363682761296e-01,-1.452299809450e-01,-1.862938234780e-01,-1.504207009331e-01,-8.722132012683e-02,1.238620199954e-01,-6.004307752979e-02,8.413392359253e+00
-7.083000369090e-02,-2.358426066751e-01,-1.447462901915e-01,-1.858356025203e-01,-1.494864020827e-01,-8.773256712818e-02,1.208884829724e-01,-6.300333305090e-02,8.454488569103e+00
-7.077429030487e-02,-2.353183407313e-01,-1.442637024369e-01,-1.853797781041e-01,-1.485633938086e-01,-8.822995291086e-02,1.178447473985e-01,-6.586186280793e-02,8.495785518249e+00
-7.071757489988e-02,-2.347954750282e-01,-1.437822447481e-01,-1.849263107741e-01,-1.476517316241e-01,-8.871333795509e-02,1.147338857829e-01,-6.861659318031e-02,8.537284187227e+00
-7.065987056850e-02,-2.342740063529e-01,-1.433019438609e-01,-1.844751612509e-01,-1.467514597769e-01,-8.918260632353e-02,1.115590495293e-01,-7.126553885647e-02,8.578985561360e+00
-7.060119029793e-02,-2.337539312378e-01,-1.428228255778e-01,-1.840262907733e-01,-1.458626101349e-01,-8.963766664061e-02,1.083234667923e-01,-7.380680677968e-02,8.620890630787e+00
-7.054154710525e-02,-2.332352463741e-01,-1.423449150597e-01,-1.835796611599e-01,-1.449852026278e-01,-9.007845093416e-02,1.050304398456e-01,-7.623859993860e-02,8.663000390480e+00
-7.048095372093e-02,-2.327179483537e-01,-1.418682364947e-01,-1.831352349120e-01,-1.441192454462e-01,-9.050491284911e-02,1.016833418212e-01,-7.855922025972e-02,8.705315840274e+00
-7.041942301918e-02,-2.322020336737e-01,-1.413928135438e-01,-1.826929749184e-01,-1.432647344118e-01,-9.091702856237e-02,9.828561503616e-02,-8.076707134812e-02,8.747837984887e+00
-7.035696774543e-02,-2.316874988671e-01,-1.409186692296e-01,-1.822528443504e-01,-1.424216542188e-01,-9.131479387103e-02,9.484076717364e-02,-8.286066241698e-02,8.790567833942e+00
-7.029360020816e-02,-2.311743404005e-01,-1.404458251765e-01,-1.818148076819e-01,-1.415899766012e-01,-9.169822608929e-02,9.135236808458e-02,-8.483861269651e-02,8.833506401999e+00
-7.022933309017e-02,-2.306625547485e-01,-1.399743031998e-01,-1.813788290220e-01,-1.407696637157e-01,-9.206735907783e-02,8.782404713762e-02,-8.669965035533e-02,8.876654708568e+00
-7.016417858605e-02,-2.301521384201e-01,-1.395041234313e-01,-1.809448739445e-01,-1.399606647625e-01,-9.242224729876e-02,8.425948905639e-02,-8.844262071063e-02,8.920013778143e+00
-7.009814920442e-02,-2.296430876595e-01,-1.390353063056e-01,-1.805129075828e-01,-1.391629198083e-01,-9.276295932353e-02,8.066243106762e-02,-9.006648368689e-02,8.963584640220e+00
-7.003125711776e-02,-2.291353988451e-01,-1.385678708871e-01,-1.800828963282e-01,-1.383763572698e-01,-9.308958185080e-02,7.703665843273e-02,-9.157032117087e-02,9.007368329326e+00
-6.996351440143e-02,-2.286290683185e-01,-1.381018356960e-01,-1.796548067945e-01,-1.376008958978e-01,-9.340221586033e-02,7.338600170244e-02,-9.295333632617e-02,9.051365885038e+00
-6.989493308107e-02,-2.281240924120e-01,-1.376372184500e-01,-1.792286064207e-01,-1.368364443737e-01,-9.370097722070e-02,6.971433082705e-02,-9.421485875621e-02,9.095578352014e+00
-6.982552506211e-02,-2.276204673920e-01,-1.371740364159e-01,-1.788042629363e-01,-1.360829022866e-01,-9.398599463131e-02,6.602555360188e-02,-9.535434458832e-02,9.140006780013e+00
-6.975530241893e-02,-2.271181894260e-01,-1.367123061013e-01,-1.783817447077e-01,-1.353401602133e-01,-9.425740942916e-02,6.232360892170e-02,-9.637137976908e-02,9.184652223922e+00
-6.968427663481e-02,-2.266172547813e-01,-1.362520431372e-01,-1.779610207171e-01,-1.346080998486e-01,-9.451537516733e-02,5.861246400210e-02,-9.726568349966e-02,9.229515743781e+00
-6.961245939444e-02,-2.261176597867e-01,-1.357932625587e-01,-1.775420606936e-01,-1.338865951905e-01,-9.476005578048e-02,5.489610838081e-02,-9.803710784846e-02,9.274598404808e+00
-6.953986244334e-02,-2.256194003667e-01,-1.353359792368e-01,-1.771248342353e-01,-1.331755132784e-01,-9.499162416113e-02,5.117855173172e-02,-9.868563917125e-02,9.319901277423e+00
-6.946649692928e-02,-2.251224729741e-01,-1.348802065779e-01,-1.767093122926e-01,-1.324747125038e-01,-9.521026497943e-02,4.746381622694e-02,-9.921140456459e-02,9.365425437277e+00
-6.939237458664e-02,-2.246268734907e-01,-1.344259579253e-01,-1.762954658964e-01,-1.317840464323e-01,-9.541616825683e-02,4.375593327659e-02,-9.961466668972e-02,9.411171965273e+00
-6.931750663829e-02,-2.241325980837e-01,-1.339732460905e-01,-1.758832665919e-01,-1.311033616408e-01,-9.560953338806e-02,4.005893778881e-02,-9.989583085706e-02,9.457141947594e+00
-6.924190420753e-02,-2.236396428720e-01,-1.335220827667e-01,-1.754726867446e-01,-1.304324989304e-01,-9.579056672630e-02,3.637686423716e-02,-1.000554421339e-01,9.503336475730e+00
-6.916557834644e-02,-2.231480039624e-01,-1.330724792525e-01,-1.750636992378e-01,-1.297712940186e-01,-9.595948083991e-02,3.271374020346e-02,-1.000941890975e-01,9.549756646501e+00
-6.908854025016e-02,-2.226576773355e-01,-1.326244465455e-01,-1.746562771231e-01,-1.291195785619e-01,-9.611649308415e-02,2.907358123317e-02,-1.000129023557e-01,9.596403562085e+00
-6.901080051555e-02,-2.221686591638e-01,-1.321779944050e-01,-1.742503946353e-01,-1.284771790109e-01,-9.626182714928e-02,2.546038664964e-02,-9.981255793499e-02,9.643278330044e+00
-6.893237036613e-02,-2.216809452800e-01,-1.317331326711e-01,-1.738460259073e-01,-1.278439193261e-01,-9.639570940621e-02,2.187813152919e-02,-9.949427420661e-02,9.690382063350e+00
-6.885326018944e-02,-2.211945318706e-01,-1.312898702940e-01,-1.734431459556e-01,-1.272196193782e-01,-9.651837122733e-02,1.833076500539e-02,-9.905931454773e-02,9.737715880412e+00
-6.877348089668e-02,-2.207094147067e-01,-1.308482159411e-01,-1.730417299223e-01,-1.266040970392e-01,-9.663004588767e-02,1.482220005406e-02,-9.850908572231e-02,9.785280905100e+00
-6.869304277780e-02,-2.202255900168e-01,-1.304081770674e-01,-1.726417543005e-01,-1.259971664171e-01,-9.673097149273e-02,1.135631251268e-02,-9.784514044415e-02,9.833078266775e+00
-6.861195666937e-02,-2.197430535668e-01,-1.299697613428e-01,-1.722431952127e-01,-1.253986416632e-01,-9.682138552486e-02,7.936929835934e-03,-9.706917206530e-02,9.881109100316e+00
-6.853023252085e-02,-2.192618014532e-01,-1.295329754323e-01,-1.718460298500e-01,-1.248083337938e-01,-9.690152960087e-02,4.567833424088e-03,-9.618301931339e-02,9.929374546143e+00
-6.844788084657e-02,-2.187818294897e-01,-1.290978259124e-01,-1.714502354180e-01,-1.242260538866e-01,-9.697164450836e-02,1.252742053406e-03,-9.518866008101e-02,9.977875750247e+00
-6.836491169912e-02,-2.183031337245e-01,-1.286643182717e-01,-1.710557902760e-01,-1.236516113129e-01,-9.703197361962e-02,-2.004681800626e-03,-9.408821484207e-02,1.002661386422e+01
-6.828133530898e-02,-2.178257099482e-01,-1.282324580729e-01,-1.706626726707e-01,-1.230848160556e-01,-9.708275915828e-02,-5.200849350620e-03,-9.288394153533e-02,1.007559004527e+01
-6.819716151764e-02,-2.173495541948e-01,-1.278022498037e-01,-1.702708619363e-01,-1.225254772785e-01,-9.712424472851e-02,-8.332241566909e-03,-9.157823704125e-02,1.012480545627e+01
-6.811240034391e-02,-2.168746622677e-01,-1.273736980760e-01,-1.698803372817e-01,-1.219734052881e-01,-9.715667231578e-02,-1.139542228862e-02,-9.017363162791e-02,1.017426126576e+01
-6.802706157117e-02,-2.164010301075e-01,-1.269468067117e-01,-1.694910786913e-01,-1.214284110760e-01,-9.718028332513e-02,-1.438704086452e-02,-8.867278932118e-02,1.022395864801e+01
-6.794115488639e-02,-2.159286536178e-01,-1.265215792815e-01,-1.691030666166e-01,-1.208903061556e-01,-9.719531892306e-02,-1.730383686274e-02,-8.707850508270e-02,1.027389878299e+01
-6.785469005465e-02,-2.154575285576e-01,-1.260980185349e-01,-1.687162820357e-01,-1.203589035059e-01,-9.720201820314e-02,-2.014264776295e-02,-8.539370163240e-02,1.032408285647e+01
-6.776767625565e-02,-2.149876510702e-01,-1.256761268721e-01,-1.683307065408e-01,-1.198340171291e-01,-9.720061991747e-02,-2.290041094813e-02,-8.362142790281e-02,1.037451205999e+01
-6.768012335251e-02,-2.145190166900e-01,-1.252559068912e-01,-1.679463215413e-01,-1.193154644821e-01,-9.719135858794e-02,-2.557417832743e-02,-8.176485068775e-02,1.042518759092e+01
-6.759204057978e-02,-2.140516214309e-01,-1.248373600372e-01,-1.675631095346e-01,-1.188030641243e-01,-9.717446807946e-02,-2.816111241114e-02,-7.982725684485e-02,1.047611065247e+01
-6.750343704429e-02,-2.135854612055e-01,-1.244204875985e-01,-1.671810532958e-01,-1.182966359126e-01,-9.715018088141e-02,-3.065849138009e-02,-7.781204990145e-02,1.052728245373e+01
-6.741432209948e-02,-2.131205317847e-01,-1.240052904792e-01,-1.668001360001e-01,-1.177960041220e-01,-9.711872496335e-02,-3.306372364397e-02,-7.572273940852e-02,1.057870420971e+01
-6.732470476533e-02,-2.126568290467e-01,-1.235917693237e-01,-1.664203411491e-01,-1.173009943686e-01,-9.708032661019e-02,-3.537434460687e-02,-7.356294288842e-02,1.063037714134e+01
-6.723459407028e-02,-2.121943488263e-01,-1.231799243222e-01,-1.660416527800e-01,-1.168114362153e-01,-9.703520850716e-02,-3.758802613167e-02,-7.133637750938e-02,1.068230247551e+01
-6.714399877591e-02,-2.117330870414e-01,-1.227697549867e-01,-1.656640555834e-01,-1.163271608023e-01,-9.698359169796e-02,-3.970257467098e-02,-6.904686170303e-02,1.073448144512e+01
-6.705292792087e-02,-2.112730394076e-01,-1.223612612186e-01,-1.652875340544e-01,-1.158480042066e-01,-9.692569207551e-02,-4.171594984593e-02,-6.669829666615e-02,1.078691528908e+01
-6.696139022813e-02,-2.108142018019e-01,-1.219544419401e-01,-1.649120735393e-01,-1.153738048341e-01,-9.686172300514e-02,-4.362625355372e-02,-6.429467570413e-02,1.083960525234e+01
-6.686939422069e-02,-2.103565701642e-01,-1.215492959176e-01,-1.645376597834e-01,-1.149044046752e-01,-9.679189459195e-02,-4.543174408745e-02,-6.184007001565e-02,1.089255258596e+01
-6.677694849354e-02,-2.099001402411e-01,-1.211458215439e-01,-1.641642788880e-01,-1.144396491417e-01,-9.671641325067e-02,-4.713083302422e-02,-5.933862923299e-02,1.094575854710e+01
-6.668406149268e-02,-2.094449079629e-01,-1.207440170993e-01,-1.637919172210e-01,-1.139793877137e-01,-9.663548132046e-02,-4.872209901023e-02,-5.679456559505e-02,1.099922439904e+01
-6.659074141944e-02,-2.089908692001e-01,-1.203438802022e-01,-1.634205617870e-01,-1.135234729170e-01,-9.654929805326e-02,-5.020428089473e-02,-5.421215903869e-02,1.105295141126e+01
-6.649699698767e-02,-2.085380196099e-01,-1.199454088398e-01,-1.630501993453e-01,-1.130717626563e-01,-9.645805682562e-02,-5.157629334689e-02,-5.159573648906e-02,1.110694085942e+01
-6.640283615400e-02,-2.080863552061e-01,-1.195486001655e-01,-1.626808175524e-01,-1.126241170650e-01,-9.636194902018e-02,-5.283721671660e-02,-4.894968162043e-02,1.116119402543e+01
-6.630826718180e-02,-2.076358717390e-01,-1.191534511383e-01,-1.623124044371e-01,-1.121804009700e-01,-9.626116125343e-02,-5.398630913391e-02,-4.627841540014e-02,1.121571219744e+01
-6.621329783618e-02,-2.071865652239e-01,-1.187599585611e-01,-1.619449481533e-01,-1.117404826924e-01,-9.615587638722e-02,-5.502300379204e-02,-4.358639817005e-02,1.127049666991e+01
-6.611793623686e-02,-2.067384314656e-01,-1.183681187622e-01,-1.615784374599e-01,-1.113042347408e-01,-9.604627308534e-02,-5.594691547214e-02,-4.087811536397e-02,1.132554874361e+01
-6.602219044996e-02,-2.062914661116e-01,-1.179779283690e-01,-1.612128609186e-01,-1.108715345097e-01,-9.593252438140e-02,-5.675784523073e-02,-3.815806498262e-02,1.138086972568e+01
-6.592606790929e-02,-2.058456653940e-01,-1.175893830792e-01,-1.608482081097e-01,-1.104422615404e-01,-9.581480183532e-02,-5.745577033656e-02,-3.543077060200e-02,1.143646092963e+01
-6.582957649590e-02,-2.054010249492e-01,-1.172024787062e-01,-1.604844685193e-01,-1.100163009757e-01,-9.569327040606e-02,-5.804085845524e-02,-3.270075179998e-02,1.149232367538e+01
-6.573272386135e-02,-2.049575407023e-01,-1.168172112844e-01,-1.601216317248e-01,-1.095935417824e-01,-9.556809125867e-02,-5.851346581254e-02,-2.997252085483e-02,1.154845928932e+01
-6.563551749267e-02,-2.045152085297e-01,-1.164335757926e-01,-1.597596881920e-01,-1.091738762225e-01,-9.543942205058e-02,-5.887413038955e-02,-2.725058633993e-02,1.160486910431e+01
-6.553796473983e-02,-2.040740244009e-01,-1.160515676363e-01,-1.593986282141e-01,-1.087572007318e-01,-9.530741597015e-02,-5.912358172581e-02,-2.453943391721e-02,1.166155445971e+01
-6.544007312098e-02,-2.036339841292e-01,-1.156711816074e-01,-1.590384427532e-01,-1.083434158578e-01,-9.517222147995e-02,-5.926273535189e-02,-2.184352195691e-02,1.171851670143e+01
-6.534184984222e-02,-2.031950836661e-01,-1.152924127923e-01,-1.586791226371e-01,-1.079324262368e-01,-9.503398295669e-02,-5.929269584735e-02,-1.916726868884e-02,1.177575718195e+01
-6.524330222902e-02,-2.027573189078e-01,-1.149152557092e-01,-1.583206592732e-01,-1.075241400845e-01,-9.489284048723e-02,-5.921475435027e-02,-1.651504922451e-02,1.183327726037e+01
-6.514443742026e-02,-2.023206856995e-01,-1.145397049570e-01,-1.579630441231e-01,-1.071184694826e-01,-9.474893000650e-02,-5.903038732251e-02,-1.389118478169e-02,1.189107830242e+01
-6.504526209136e-02,-2.018851802528e-01,-1.141657545368e-01,-1.576062693868e-01,-1.067153295562e-01,-9.460238428650e-02,-5.874125242348e-02,-1.129994425470e-02,1.194916168049e+01
-6.494578363587e-02,-2.014507981841e-01,-1.137933988417e-01,-1.572503269170e-01,-1.063146404590e-01,-9.445332996755e-02,-5.834919520353e-02,-8.745509311481e-03,1.200752877369e+01
-6.484600872262e-02,-2.010175356141e-01,-1.134226319234e-01,-1.568952091416e-01,-1.059163250730e-01,-9.430189081591e-02,-5.785623706198e-02,-6.231994716958e-03,1.206618096786e+01
-6.474594430059e-02,-2.005853884408e-01,-1.130534477367e-01,-1.565409085529e-01,-1.055203100484e-01,-9.414818628222e-02,-5.726457852397e-02,-3.763422919773e-03,1.212511965560e+01
-6.464559708722e-02,-2.001543526305e-01,-1.126858400837e-01,-1.561874180012e-01,-1.051265257654e-01,-9.399233122772e-02,-5.657659376434e-02,-1.343720088420e-03,1.218434623634e+01
-6.454497373271e-02,-1.997244241480e-01,-1.123198025535e-01,-1.558347305576e-01,-1.047349057688e-01,-9.383443726194e-02,-5.579482664434e-02,1.023288860411e-03,1.224386211631e+01
-6.444408070184e-02,-1.992955990415e-01,-1.119553286078e-01,-1.554828396901e-01,-1.043453864292e-01,-9.367461232851e-02,-5.492198728252e-02,3.333884501943e-03,1.230366870863e+01
-6.434292452669e-02,-1.988678733299e-01,-1.115924114621e-01,-1.551317389864e-01,-1.039579078356e-01,-9.351295998684e-02,-5.396094880339e-02,5.584476503586e-03,1.236376743333e+01
-6.424151169099e-02,-1.984412429114e-01,-1.112310449129e-01,-1.547814218076e-01,-1.035724139330e-01,-9.334957909001e-02,-5.291474189809e-02,7.771604620081e-03,1.242415971736e+01
-6.413984862325e-02,-1.980157038584e-01,-1.108712218477e-01,-1.544318824033e-01,-1.031888507562e-01,-9.318456597192e-02,-5.178654839788e-02,9.891938790236e-03,1.248484699463e+01
-6.403794145430e-02,-1.975912522349e-01,-1.105129356257e-01,-1.540831146852e-01,-1.028071677475e-01,-9.301801267432e-02,-5.057969630964e-02,1.194229198923e-02,1.254583070609e+01
-6.393579648637e-02,-1.971678839814e-01,-1.101561792754e-01,-1.537351130194e-01,-1.024273172108e-01,-9.285000776544e-02,-4.929765438408e-02,1.391963113079e-02,1.260711229970e+01
-6.383341977784e-02,-1.967455953166e-01,-1.098009456213e-01,-1.533878720827e-01,-1.020492538966e-01,-9.268063657860e-02,-4.794402439350e-02,1.582107543097e-02,1.266869323050e+01
-6.373081752971e-02,-1.963243821057e-01,-1.094472277336e-01,-1.530413864060e-01,-1.016729361027e-01,-9.250997988256e-02,-4.652253665521e-02,1.764391633862e-02,1.273057496064e+01
-6.362799562858e-02,-1.959042405405e-01,-1.090950184049e-01,-1.526956509834e-01,-1.012983240584e-01,-9.233811626941e-02,-4.503703873866e-02,1.938560894649e-02,1.279275895941e+01
-6.352495974529e-02,-1.954851668085e-01,-1.087443102916e-01,-1.523506608771e-01,-1.009253805507e-01,-9.216512033338e-02,-4.349149267414e-02,2.104378598766e-02,1.285524670327e+01
-6.342171617071e-02,-1.950671568087e-01,-1.083950962751e-01,-1.520064112682e-01,-1.005540712181e-01,-9.199106349920e-02,-4.188996222327e-02,2.261627102987e-02,1.291803967590e+01
-6.331827040192e-02,-1.946502067869e-01,-1.080473689792e-01,-1.516628974725e-01,-1.001843639009e-01,-9.181601369085e-02,-4.023660791946e-02,2.410107066679e-02,1.298113936824e+01
-6.321462813221e-02,-1.942343129036e-01,-1.077011210359e-01,-1.513201151177e-01,-9.981622844706e-02,-9.164003638614e-02,-3.853567797023e-02,2.549638439716e-02,1.304454727848e+01
-6.311079519992e-02,-1.938194711048e-01,-1.073563452328e-01,-1.509780596874e-01,-9.944963759415e-02,-9.146319268521e-02,-3.679149625371e-02,2.680061861812e-02,1.310826491216e+01
-6.300677692737e-02,-1.934056777846e-01,-1.070130336020e-01,-1.506367274676e-01,-9.908456469206e-02,-9.128554314745e-02,-3.500845965631e-02,2.801236400051e-02,1.317229378216e+01
-6.290257898138e-02,-1.929929289104e-01,-1.066711792477e-01,-1.502961139306e-01,-9.872098709484e-02,-9.110714228182e-02,-3.319101723397e-02,2.913044645240e-02,1.323663540874e+01
-6.279820666929e-02,-1.925812208545e-01,-1.063307742046e-01,-1.499562155924e-01,-9.835888199988e-02,-9.092804513637e-02,-3.134367401815e-02,3.015387420512e-02,1.330129131961e+01
-6.269366539436e-02,-1.921705496494e-01,-1.059918111809e-01,-1.496170285476e-01,-9.799823000802e-02,-9.074830133310e-02,-2.947096969463e-02,3.108188942935e-02,1.336626304992e+01
-6.258896040516e-02,-1.917609116361e-01,-1.056542826790e-01,-1.492785489896e-01,-9.763901260662e-02,-9.056795915033e-02,-2.757747498499e-02,3.191394214319e-02,1.343155214233e+01
-6.248409713384e-02,-1.913523028969e-01,-1.053181809273e-01,-1.489407737299e-01,-9.728121315022e-02,-9.038706425968e-02,-2.566777658418e-02,3.264970019395e-02,1.349716014702e+01
-6.237908032268e-02,-1.909447198850e-01,-1.049834983969e-01,-1.486036992777e-01,-9.692481604898e-02,-9.020566007737e-02,-2.374647300157e-02,3.328905030332e-02,1.356308862178e+01
-6.227391551036e-02,-1.905381586309e-01,-1.046502276242e-01,-1.482673222923e-01,-9.656980833968e-02,-9.002378671641e-02,-2.181815173899e-02,3.383210740284e-02,1.362933913197e+01
-6.216860742665e-02,-1.901326155214e-01,-1.043183607499e-01,-1.479316397859e-01,-9.621617710059e-02,-8.984148302814e-02,-1.988739520426e-02,3.427919541677e-02,1.369591325061e+01
-6.206316136118e-02,-1.897280867180e-01,-1.039878907708e-01,-1.475966482269e-01,-9.586391230805e-02,-8.965878415298e-02,-1.795875417497e-02,3.463087607095e-02,1.376281255840e+01
-6.195758176561e-02,-1.893245687465e-01,-1.036588092552e-01,-1.472623454360e-01,-9.551300245766e-02,-8.947572630076e-02,-1.603674194876e-02,3.488790590039e-02,1.383003864378e+01
-6.185187388027e-02,-1.889220577237e-01,-1.033311090702e-01,-1.469287281090e-01,-9.516344010532e-02,-8.929233990699e-02,-1.412582634388e-02,3.505128574144e-02,1.389759310291e+01
-6.174604224467e-02,-1.885205500617e-01,-1.030047826507e-01,-1.465957935064e-01,-9.481521721430e-02,-8.910865568291e-02,-1.223042032630e-02,3.512221997750e-02,1.396547753979e+01
-6.164009157595e-02,-1.881200421138e-01,-1.026798221384e-01,-1.462635391994e-01,-9.446832695387e-02,-8.892470217907e-02,-1.035485497193e-02,3.510212750638e-02,1.403369356623e+01
-6.153402666487e-02,-1.877205302128e-01,-1.023562202511e-01,-1.459319623987e-01,-9.412276388737e-02,-8.874050538701e-02,-8.503394331637e-03,3.499264385842e-02,1.410224280192e+01
-6.142785207216e-02,-1.873220107296e-01,-1.020339693427e-01,-1.456010606764e-01,-9.377852292965e-02,-8.855609038383e-02,-6.680202360635e-03,3.479560677460e-02,1.417112687445e+01
-6.132157228961e-02,-1.869244800489e-01,-1.017130618066e-01,-1.452708316680e-01,-9.343560023765e-02,-8.837147991061e-02,-4.889344175239e-03,3.451305870945e-02,1.424034741939e+01
-6.121519178374e-02,-1.865279346108e-01,-1.013934900266e-01,-1.449412731946e-01,-9.309399164088e-02,-8.818669638799e-02,-3.134751955153e-03,3.414724430826e-02,1.430990608026e+01
-6.110871509533e-02,-1.861323707410e-01,-1.010752469060e-01,-1.446123825931e-01,-9.275369550302e-02,-8.800175866918e-02,-1.420270601171e-03,3.370059640958e-02,1.437980450863e+01
-6.100214641274e-02,-1.857377849820e-01,-1.007583246821e-01,-1.442841580128e-01,-9.241470860953e-02,-8.781668665636e-02,2.504223101021e-04,3.317573177872e-02,1.445004436414e+01
-6.089549015910e-02,-1.853441737508e-01,-1.004427158796e-01,-1.439565973007e-01,-9.207702975542e-02,-8.763149707080e-02,1.873776356388e-03,3.257545345555e-02,1.452062731454e+01
-6.078875043573e-02,-1.849515335806e-01,-1.001284126869e-01,-1.436296987974e-01,-9.174065679732e-02,-8.744620736838e-02,3.446413281941e-03,3.190272274984e-02,1.459155503570e+01
-6.068193150004e-02,-1.845598609091e-01,-9.981540828610e-02,-1.433034600263e-01,-9.140559025962e-02,-8.726083079044e-02,4.965091169659e-03,3.116068834841e-02,1.466282921170e+01
-6.057503766127e-02,-1.841691521195e-01,-9.950369530332e-02,-1.429778790538e-01,-9.107182940007e-02,-8.707538145687e-02,6.426754835573e-03,3.035264113455e-02,1.473445153484e+01
-6.046807267831e-02,-1.837794039436e-01,-9.919326603232e-02,-1.426529543857e-01,-9.073937330319e-02,-8.688987322086e-02,7.828541439322e-03,2.948201175494e-02,1.480642370569e+01
-6.036104087000e-02,-1.833906127224e-01,-9.888411352852e-02,-1.423286838732e-01,-9.040822309843e-02,-8.670431671648e-02,9.167752451142e-03,2.855238703821e-02,1.487874743312e+01
-6.025394604157e-02,-1.830027750815e-01,-9.857623029683e-02,-1.420050659631e-01,-9.007837879164e-02,-8.651872309013e-02,1.044190397586e-02,2.756746825332e-02,1.495142443434e+01
-6.014679197896e-02,-1.826158877062e-01,-9.826960884920e-02,-1.416820993062e-01,-8.974984029462e-02,-8.633310323239e-02,1.164872458118e-02,2.653106374829e-02,1.502445643497e+01
-6.003958271090e-02,-1.822299470431e-01,-9.796424238126e-02,-1.413597817892e-01,-8.942260916782e-02,-8.614746531089e-02,1.278612507622e-02,2.544711067068e-02,1.509784516905e+01
-5.993232217640e-02,-1.818449496251e-01,-9.766012368282e-02,-1.410381118281e-01,-8.909668605565e-02,-8.596181765662e-02,1.385224081461e-02,2.431963918611e-02,1.517159237908e+01
-5.982501386948e-02,-1.814608922453e-01,-9.735724534419e-02,-1.407170882556e-01,-8.877207137095e-02,-8.577616879662e-02,1.484545752681e-02,2.315273063137e-02,1.524569981607e+01
-5.971766159096e-02,-1.810777714226e-01,-9.705560058687e-02,-1.403967092144e-01,-8.844876678380e-02,-8.559052486170e-02,1.576433802802e-02,2.195058193062e-02,1.532016923960e+01
-5.961026900816e-02,-1.806955838515e-01,-9.675518215691e-02,-1.400769734372e-01,-8.812677238154e-02,-8.540489315840e-02,1.660772030946e-02,2.071740800835e-02,1.539500241784e+01
-5.950283978795e-02,-1.803143261128e-01,-9.645598330812e-02,-1.397578793321e-01,-8.780609007324e-02,-8.521927852622e-02,1.737463911777e-02,1.945750956911e-02,1.547020112759e+01
-5.939537732678e-02,-1.799339950197e-01,-9.615799660465e-02,-1.394394258493e-01,-8.748671958733e-02,-8.503368779260e-02,1.806440076290e-02,1.817517138675e-02,1.554576715432e+01
-5.928788518487e-02,-1.795545871664e-01,-9.586121554236e-02,-1.391216112742e-01,-8.716866257891e-02,-8.484812467742e-02,1.867651692122e-02,1.687474479310e-02,1.562170229225e+01
-5.918036693814e-02,-1.791760992778e-01,-9.556563310592e-02,-1.388044344772e-01,-8.685191975849e-02,-8.466259383907e-02,1.921075337601e-02,1.556056387780e-02,1.569800834434e+01
-5.907282573521e-02,-1.787985281508e-01,-9.527124232046e-02,-1.384878942420e-01,-8.653649107224e-02,-8.447710013097e-02,1.966712738705e-02,1.423694086447e-02,1.577468712236e+01
-5.896526528828e-02,-1.784218704258e-01,-9.497803661514e-02,-1.381719891312e-01,-8.622237767626e-02,-8.429164637587e-02,2.004586429895e-02,1.290820929626e-02,1.585174044694e+01
-5.885768858723e-02,-1.780461229244e-01,-9.468600919736e-02,-1.378567179577e-01,-8.590957964600e-02,-8.410623640143e-02,2.034744961196e-02,1.157863654756e-02,1.592917014760e+01
-5.875009901089e-02,-1.776712824528e-01,-9.439515316707e-02,-1.375420797870e-01,-8.559809676550e-02,-8.392087396327e-02,2.057261167460e-02,1.025242736683e-02,1.600697806279e+01
-5.864249988115e-02,-1.772973456883e-01,-9.410546210937e-02,-1.372280731124e-01,-8.528792981939e-02,-8.373556092913e-02,2.072228016078e-02,8.933779132256e-03,1.608516603994e+01
-5.853489419898e-02,-1.769243096064e-01,-9.381692924519e-02,-1.369146969642e-01,-8.497907819845e-02,-8.355030050623e-02,2.079764531489e-02,7.626760200413e-03,1.616373593551e+01
-5.842728513477e-02,-1.765521709580e-01,-9.352954786962e-02,-1.366019503981e-01,-8.467154116904e-02,-8.336509576883e-02,2.080011329316e-02,6.335355708960e-03,1.624268961502e+01
-5.831967580310e-02,-1.761809265561e-01,-9.324331184301e-02,-1.362898319416e-01,-8.436531901177e-02,-8.317994795857e-02,2.073128800295e-02,5.063517223642e-03,1.632202895312e+01
-5.821206919827e-02,-1.758105732710e-01,-9.295821424155e-02,-1.359783409492e-01,-8.406041001830e-02,-8.299486037581e-02,2.059302645628e-02,3.814972385981e-03,1.640175583359e+01
-5.810446843544e-02,-1.754411079716e-01,-9.267424925725e-02,-1.356674758141e-01,-8.375681419014e-02,-8.280983395759e-02,2.038734942937e-02,2.593437459297e-03,1.648187214945e+01
-5.799687629711e-02,-1.750725275906e-01,-9.239140993286e-02,-1.353572359419e-01,-8.345452937068e-02,-8.262487166779e-02,2.011651025187e-02,1.402400123889e-03,1.656237980292e+01
-5.788929574978e-02,-1.747048290586e-01,-9.210968995924e-02,-1.350476203825e-01,-8.315355460292e-02,-8.243997516914e-02,1.978293380363e-02,2.452139940745e-04,1.664328070554e+01
-5.778172977580e-02,-1.743380091908e-01,-9.182908344696e-02,-1.347386276993e-01,-8.285388852643e-02,-8.225514571837e-02,1.938923139630e-02,-8.748376328575e-04,1.672457677819e+01
-5.767418099783e-02,-1.739720650048e-01,-9.154958358395e-02,-1.344302574551e-01,-8.255552835841e-02,-8.207038629046e-02,1.893819125056e-02,-1.954806464089e-03,1.680626995112e+01
-5.756665240164e-02,-1.736069934024e-01,-9.127118492510e-02,-1.341225080276e-01,-8.225847334262e-02,-8.188569705443e-02,1.843275069344e-02,-2.991734270691e-03,1.688836216401e+01
-5.745914645872e-02,-1.732427914839e-01,-9.099388036646e-02,-1.338153793260e-01,-8.196271931188e-02,-8.170108204712e-02,1.787600498266e-02,-3.983079686476e-03,1.697085536602e+01
-5.735166623897e-02,-1.728794560585e-01,-9.071766478437e-02,-1.335088694082e-01,-8.166826580459e-02,-8.151654027240e-02,1.727118983060e-02,-4.926237710357e-03,1.705375151584e+01
-5.724421401651e-02,-1.725169842823e-01,-9.044253122816e-02,-1.332029782776e-01,-8.137510839982e-02,-8.133207595239e-02,1.662165558799e-02,-5.819062710901e-03,1.713705258170e+01
-5.713679260366e-02,-1.721553730848e-01,-9.016847438188e-02,-1.328977043998e-01,-8.108324500252e-02,-8.114768938953e-02,1.593087560005e-02,-6.659441716001e-03,1.722076054146e+01
-5.702940470159e-02,-1.717946194549e-01,-8.989548797178e-02,-1.325930469979e-01,-8.079267247061e-02,-8.096338258030e-02,1.520242236776e-02,-7.445547042669e-03,1.730487738266e+01
-5.692205250262e-02,-1.714347206459e-01,-8.962356582973e-02,-1.322890055467e-01,-8.050338653914e-02,-8.077915843097e-02,1.443993359981e-02,-8.175872469111e-03,1.738940510251e+01
-5.681473886834e-02,-1.710756735235e-01,-8.935270251432e-02,-1.319855787054e-01,-8.021538461497e-02,-8.059501749907e-02,1.364715007839e-02,-8.848952555935e-03,1.747434570800e+01
-5.670746615381e-02,-1.707174752140e-01,-8.908289203765e-02,-1.316827657401e-01,-7.992866267969e-02,-8.041096196697e-02,1.282785659653e-02,-9.463681918413e-03,1.755970121593e+01
-5.660023669386e-02,-1.703601228688e-01,-8.881412857337e-02,-1.313805658042e-01,-7.964321654753e-02,-8.022699428144e-02,1.198587057299e-02,-1.001919354090e-02,1.764547365293e+01
-5.649305293022e-02,-1.700036135673e-01,-8.854640634234e-02,-1.310789781320e-01,-7.935904195776e-02,-8.004311645163e-02,1.112503414735e-02,-1.051484311439e-02,1.773166505553e+01
-5.638591719390e-02,-1.696479445011e-01,-8.827971952682e-02,-1.307780019568e-01,-7.907613456625e-02,-7.985933060569e-02,1.024921650106e-02,-1.095022322480e-02,1.781827747024e+01
-5.627883194017e-02,-1.692931126439e-01,-8.801406289173e-02,-1.304776359805e-01,-7.879449077517e-02,-7.967563779296e-02,9.362280342620e-03,-1.132512329406e-02,1.790531295353e+01
-5.617179935568e-02,-1.689391153468e-01,-8.774943032278e-02,-1.301778798897e-01,-7.851410478301e-02,-7.949204167751e-02,8.468058647977e-03,-1.163967978727e-02,1.799277357193e+01
-5.606482162125e-02,-1.685859497272e-01,-8.748581649920e-02,-1.298787326692e-01,-7.823497211741e-02,-7.930854389745e-02,7.570357178476e-03,-1.189417838932e-02,1.808066140206e+01
-5.595790114393e-02,-1.682336128478e-01,-8.722321612221e-02,-1.295801931909e-01,-7.795708859541e-02,-7.912514603678e-02,6.672938844391e-03,-1.208914105931e-02,1.816897853069e+01
-5.585103985521e-02,-1.678821021082e-01,-8.696162324869e-02,-1.292822610977e-01,-7.768044796519e-02,-7.894185187848e-02,5.779482309771e-03,-1.222540444043e-02,1.825772705477e+01
-5.574424016057e-02,-1.675314145654e-01,-8.670103278796e-02,-1.289849352862e-01,-7.740504609134e-02,-7.875866245311e-02,4.893595880867e-03,-1.230394991372e-02,1.834690908152e+01
-5.563750393566e-02,-1.671815476209e-01,-8.644143900043e-02,-1.286882152266e-01,-7.713087647742e-02,-7.857558158537e-02,4.018818047612e-03,-1.232603143773e-02,1.843652672842e+01
-5.553083353565e-02,-1.668324982839e-01,-8.618283700956e-02,-1.283920996120e-01,-7.685793497671e-02,-7.839261041240e-02,3.158526892926e-03,-1.229304644015e-02,1.852658212332e+01
-5.542423066936e-02,-1.664842640835e-01,-8.592522117585e-02,-1.280965880791e-01,-7.658621491570e-02,-7.820975270205e-02,2.316044864255e-03,-1.220669744868e-02,1.861707740444e+01
-5.531769755168e-02,-1.661368422217e-01,-8.566858597545e-02,-1.278016799383e-01,-7.631571081319e-02,-7.802701117881e-02,1.494516189461e-03,-1.206883844141e-02,1.870801472046e+01
-5.521123628150e-02,-1.657902298169e-01,-8.541292682057e-02,-1.275073738388e-01,-7.604641788850e-02,-7.784438694084e-02,6.969120360300e-04,-1.188144863596e-02,1.879939623056e+01
-5.510484853497e-02,-1.654444244142e-01,-8.515823797776e-02,-1.272136695105e-01,-7.577832904956e-02,-7.766188466854e-02,-7.387763521728e-05,-1.164680447890e-02,1.889122410445e+01
-5.499853654288e-02,-1.650994231704e-01,-8.490451465005e-02,-1.269205657738e-01,-7.551143949824e-02,-7.747950555571e-02,-8.152165212430e-04,-1.136725004415e-02,1.898350052245e+01
-5.489230187928e-02,-1.647552235755e-01,-8.465175134836e-02,-1.266280622539e-01,-7.524574202689e-02,-7.729725392294e-02,-1.524546983687e-03,-1.104536213871e-02,1.907622767552e+01
-5.478614664173e-02,-1.644118228020e-01,-8.439994332725e-02,-1.263361578133e-01,-7.498123166199e-02,-7.711513134427e-02,-2.199644615107e-03,-1.068377120468e-02,1.916940776533e+01
-5.468007256198e-02,-1.640692183648e-01,-8.414908538215e-02,-1.260448517972e-01,-7.471790189423e-02,-7.693314123609e-02,-2.838344375739e-03,-1.028529763128e-02,1.926304300432e+01
-5.457408147101e-02,-1.637274075761e-01,-8.389917264669e-02,-1.257541433708e-01,-7.445574648002e-02,-7.675128671380e-02,-3.438761737986e-03,-9.852879986293e-03,1.935713561570e+01
-5.446817504443e-02,-1.633863879280e-01,-8.365019975101e-02,-1.254640320881e-01,-7.419475892924e-02,-7.656957109022e-02,-3.999161820547e-03,-9.389566536851e-03,1.945168783357e+01
-5.436235541093e-02,-1.630461565440e-01,-8.340216266898e-02,-1.251745163271e-01,-7.393493460889e-02,-7.638799515573e-02,-4.518245892952e-03,-8.898296561831e-03,1.954670190292e+01
-5.425662369121e-02,-1.627067112273e-01,-8.315505533997e-02,-1.248855964077e-01,-7.367626476218e-02,-7.620656521354e-02,-4.994522882121e-03,-8.382484848008e-03,1.964218007973e+01
-5.415098190662e-02,-1.623680492318e-01,-8.290887369234e-02,-1.245972708873e-01,-7.341874479056e-02,-7.602528221500e-02,-5.427127844716e-03,-7.845240448800e-03,1.973812463099e+01
-5.404543183578e-02,-1.620301679185e-01,-8.266361301257e-02,-1.243095388270e-01,-7.316236863691e-02,-7.584414863029e-02,-5.815355387089e-03,-7.289656221017e-03,1.983453783475e+01
-5.393997483652e-02,-1.616930649367e-01,-8.241926796728e-02,-1.240224000082e-01,-7.290712840255e-02,-7.566316959673e-02,-6.158406269568e-03,-6.719350183809e-03,1.993142198021e+01
-5.383461273568e-02,-1.613567376436e-01,-8.217583436731e-02,-1.237358531035e-01,-7.265301956574e-02,-7.548234590572e-02,-6.456219636255e-03,-6.137255543612e-03,2.002877936774e+01
-5.372934694247e-02,-1.610211835872e-01,-8.193330701524e-02,-1.234498978216e-01,-7.240003433628e-02,-7.530168245655e-02,-6.708496136334e-03,-5.546945352789e-03,2.012661230893e+01
-5.362417913228e-02,-1.606864002479e-01,-8.169168146906e-02,-1.231645331720e-01,-7.214816699639e-02,-7.512118133804e-02,-6.915462669801e-03,-4.951513020877e-03,2.022492312669e+01
-5.351911073697e-02,-1.603523851594e-01,-8.145095321330e-02,-1.228797582658e-01,-7.189741141227e-02,-7.494084563411e-02,-7.077485012366e-03,-4.354131051400e-03,2.032371415527e+01
-5.341414328947e-02,-1.600191358752e-01,-8.121111737868e-02,-1.225955725335e-01,-7.164776068528e-02,-7.476067876272e-02,-7.195092584450e-03,-3.758068024672e-03,2.042298774031e+01
-5.330927842320e-02,-1.596866498402e-01,-8.097216973396e-02,-1.223119749565e-01,-7.139920909527e-02,-7.458068297788e-02,-7.269143364332e-03,-3.166215112478e-03,2.052274623892e+01
-5.320451728156e-02,-1.593549248089e-01,-8.073410532696e-02,-1.220289651703e-01,-7.115174966339e-02,-7.440086260588e-02,-7.300541979199e-03,-2.581840069712e-03,2.062299201971e+01
-5.309986152315e-02,-1.590239581613e-01,-8.049692002163e-02,-1.217465419293e-01,-7.090537678794e-02,-7.422121925425e-02,-7.290602059880e-03,-2.007457890476e-03,2.072372746286e+01
-5.299531257936e-02,-1.586937475325e-01,-8.026060923325e-02,-1.214647046523e-01,-7.066008374459e-02,-7.404175665349e-02,-7.240656583244e-03,-1.445975959555e-03,2.082495496021e+01
-5.289087172129e-02,-1.583642905420e-01,-8.002516860466e-02,-1.211834524847e-01,-7.041586466498e-02,-7.386247735930e-02,-7.152310343809e-03,-9.000273378049e-04,2.092667691523e+01
-5.278654023434e-02,-1.580355848537e-01,-7.979059352175e-02,-1.209027848149e-01,-7.017271297207e-02,-7.368338458486e-02,-7.027261073722e-03,-3.720785686601e-04,2.102889574317e+01
-5.268231948724e-02,-1.577076281031e-01,-7.955687961442e-02,-1.206227009443e-01,-6.993062206140e-02,-7.350448186873e-02,-6.867427214113e-03,1.354031457740e-04,2.113161387106e+01
-5.257821108687e-02,-1.573804176955e-01,-7.932402308475e-02,-1.203431994929e-01,-6.968958717921e-02,-7.332577018875e-02,-6.674889474500e-03,6.207768227784e-04,2.123483373780e+01
-5.247421589477e-02,-1.570539515740e-01,-7.909201896788e-02,-1.200642803402e-01,-6.944960059878e-02,-7.314725462062e-02,-6.451771438613e-03,1.081392675758e-03,2.133855779418e+01
-5.237033534012e-02,-1.567282273079e-01,-7.886086310524e-02,-1.197859426055e-01,-6.921065680587e-02,-7.296893724206e-02,-6.200416043396e-03,1.515718625963e-03,2.144278850297e+01
-5.226657076525e-02,-1.564032424588e-01,-7.863055157059e-02,-1.195081851275e-01,-6.897275023610e-02,-7.279081991857e-02,-5.923205409524e-03,1.922433137255e-03,2.154752833899e+01
-5.216292328543e-02,-1.560789948457e-01,-7.840108004325e-02,-1.192310073440e-01,-6.873587446527e-02,-7.261290616197e-02,-5.622623105321e-03,2.299882053739e-03,2.165277978913e+01
-5.205939393942e-02,-1.557554822281e-01,-7.817244379476e-02,-1.189544088831e-01,-6.850002233387e-02,-7.243520011601e-02,-5.301290742355e-03,2.646441060674e-03,2.175854535242e+01
-5.195598436535e-02,-1.554327020404e-01,-7.794463961994e-02,-1.186783880748e-01,-6.826519044879e-02,-7.225770120108e-02,-4.961728593188e-03,2.962048373659e-03,2.186482754011e+01
-5.185269531687e-02,-1.551106522568e-01,-7.771766271855e-02,-1.184029448089e-01,-6.803137064014e-02,-7.208041483564e-02,-4.606691786269e-03,3.245208968157e-03,2.197162887571e+01
-5.174952793678e-02,-1.547893306335e-01,-7.749150895847e-02,-1.181280783293e-01,-6.779855733133e-02,-7.190334352893e-02,-4.238805983977e-03,3.495407254165e-03,2.207895189506e+01
-5.164648359578e-02,-1.544687347247e-01,-7.726617481783e-02,-1.178537872793e-01,-6.756674590175e-02,-7.172648800178e-02,-3.860751175694e-03,3.712691595349e-03,2.218679914640e+01
-5.154356325618e-02,-1.541488623919e-01,-7.704165581336e-02,-1.175800712936e-01,-6.733592945427e-02,-7.154985232028e-02,-3.475248705659e-03,3.896594724120e-03,2.229517319038e+01
-5.144076791015e-02,-1.538297114236e-01,-7.681794806817e-02,-1.173069295064e-01,-6.710610260519e-02,-7.137343864950e-02,-3.084948570367e-03,4.047218006510e-03,2.240407660020e+01
-5.133809867347e-02,-1.535112796104e-01,-7.659504763276e-02,-1.170343610319e-01,-6.687725972748e-02,-7.119724910111e-02,-2.692482684954e-03,4.164879048339e-03,2.251351196160e+01
-5.123555657591e-02,-1.531935647284e-01,-7.637295037446e-02,-1.167623652648e-01,-6.664939460050e-02,-7.102128696681e-02,-2.300459200851e-03,4.249805104342e-03,2.262348187297e+01
-5.113314262964e-02,-1.528765646160e-01,-7.615165246581e-02,-1.164909413527e-01,-6.642250163258e-02,-7.084555460333e-02,-1.911242810809e-03,4.302828731728e-03,2.273398894537e+01
-5.103085782752e-02,-1.525602770670e-01,-7.593114990848e-02,-1.162200884932e-01,-6.619657561409e-02,-7.067005364308e-02,-1.527305400986e-03,4.324777361241e-03,2.284503580263e+01
-5.092870324336e-02,-1.522446998637e-01,-7.571143907902e-02,-1.159498057757e-01,-6.597161092968e-02,-7.049478679549e-02,-1.150972546155e-03,4.316659981844e-03,2.295662508140e+01
-5.082667974125e-02,-1.519298309234e-01,-7.549251596322e-02,-1.156800924568e-01,-6.574760207306e-02,-7.031975608560e-02,-7.844885361306e-04,4.279639076659e-03,2.306875943120e+01
-5.072478826795e-02,-1.516156680547e-01,-7.527437681155e-02,-1.154109476605e-01,-6.552454348208e-02,-7.014496385467e-02,-4.298351432478e-04,4.215128657355e-03,2.318144151449e+01
-5.062302958069e-02,-1.513022092603e-01,-7.505701739554e-02,-1.151423711130e-01,-6.530242894164e-02,-6.997041360252e-02,-8.869265793995e-05,4.124164541563e-03,2.329467400673e+01
-5.052140503271e-02,-1.509894521185e-01,-7.484043483933e-02,-1.148743610313e-01,-6.508125498911e-02,-6.979610464094e-02,2.364704546044e-04,4.009152015538e-03,2.340845959648e+01
-5.041991510767e-02,-1.506773947967e-01,-7.462462455196e-02,-1.146069174587e-01,-6.486101423281e-02,-6.962204184135e-02,5.447276920705e-04,3.871141783857e-03,2.352280098539e+01
-5.031856083194e-02,-1.503660350549e-01,-7.440958327174e-02,-1.143400391587e-01,-6.464170271757e-02,-6.944822568878e-02,8.340599620887e-04,3.712366694042e-03,2.363770088834e+01
-5.021734311970e-02,-1.500553707866e-01,-7.419530727961e-02,-1.140737253508e-01,-6.442331474964e-02,-6.927465857447e-02,1.103500592045e-03,3.534636929750e-03,2.375316203345e+01
-5.011626257994e-02,-1.497454001030e-01,-7.398179247127e-02,-1.138079756062e-01,-6.420584431250e-02,-6.910134361326e-02,1.352103895336e-03,3.339501802492e-03,2.386918716218e+01
-5.001532026254e-02,-1.494361207432e-01,-7.376903562957e-02,-1.135427887865e-01,-6.398928700238e-02,-6.892828171707e-02,1.578699384218e-03,3.129448795917e-03,2.398577902937e+01
-4.991451697899e-02,-1.491275306202e-01,-7.355703317248e-02,-1.132781639322e-01,-6.377363809983e-02,-6.875547422682e-02,1.782035555832e-03,2.907100435342e-03,2.410294040332e+01
-4.981385331077e-02,-1.488196278385e-01,-7.334578132146e-02,-1.130141004902e-01,-6.355889159161e-02,-6.858292416378e-02,1.962279593512e-03,2.673704539725e-03,2.422067406586e+01
-4.971333004265e-02,-1.485124103923e-01,-7.313527606422e-02,-1.127505980304e-01,-6.334504204834e-02,-6.841063396504e-02,2.119444982766e-03,2.430953260989e-03,2.433898281239e+01
-4.961294831975e-02,-1.482058759568e-01,-7.292551483550e-02,-1.124876547508e-01,-6.313208616303e-02,-6.823860308827e-02,2.251534277758e-03,2.183153451655e-03,2.445786945199e+01
-4.951270835373e-02,-1.479000228597e-01,-7.271649327428e-02,-1.122252707035e-01,-6.292001710761e-02,-6.806683586128e-02,2.360490041260e-03,1.929942466133e-03,2.457733680743e+01
-4.941261120317e-02,-1.475948489155e-01,-7.250820827776e-02,-1.119634446953e-01,-6.270883072792e-02,-6.789533266507e-02,2.445517931130e-03,1.674585597100e-03,2.469738771530e+01
-4.931265747032e-02,-1.472903521577e-01,-7.230065605282e-02,-1.117021761044e-01,-6.249852194348e-02,-6.772409565098e-02,2.507228950593e-03,1.418749488857e-03,2.481802502602e+01
-4.921284798307e-02,-1.469865305611e-01,-7.209383356371e-02,-1.114414638149e-01,-6.228908647651e-02,-6.755312563037e-02,2.545579530085e-03,1.165459682620e-03,2.493925160396e+01
-4.911318329689e-02,-1.466833822078e-01,-7.188773729034e-02,-1.111813070391e-01,-6.208051874073e-02,-6.738242517033e-02,2.561590667353e-03,9.159925854307e-04,2.506107032745e+01
-4.901366388821e-02,-1.463809052217e-01,-7.168236321995e-02,-1.109217055126e-01,-6.187281338644e-02,-6.721199644638e-02,2.556676672981e-03,6.702289203808e-04,2.518348408889e+01
-4.891429081278e-02,-1.460790974444e-01,-7.147770862137e-02,-1.106626577679e-01,-6.166596702367e-02,-6.704183945977e-02,2.530810871486e-03,4.331814304081e-04,2.530649579484e+01
-4.881506455482e-02,-1.457779570280e-01,-7.127377008412e-02,-1.104041630415e-01,-6.145997424609e-02,-6.687195646664e-02,2.485333406401e-03,2.053720794307e-04,2.543010836600e+01
-4.871598554211e-02,-1.454774821335e-01,-7.107054368370e-02,-1.101462211234e-01,-6.125482948813e-02,-6.670235006633e-02,2.421926875199e-03,-1.440629251894e-05,2.555432473739e+01
-4.861705462471e-02,-1.451776706825e-01,-7.086802667190e-02,-1.098888305305e-01,-6.105052946187e-02,-6.653302001201e-02,2.341368540637e-03,-2.216673000391e-04,2.567914785833e+01
-4.851827237312e-02,-1.448785207885e-01,-7.066621570062e-02,-1.096319905198e-01,-6.084706885936e-02,-6.636396839412e-02,2.245248911278e-03,-4.149827729469e-04,2.580458069256e+01
-4.841963934095e-02,-1.445800305430e-01,-7.046510731895e-02,-1.093757003448e-01,-6.064444345919e-02,-6.619519633137e-02,2.135059076843e-03,-5.943509794421e-04,2.593062621831e+01
-4.832115596528e-02,-1.442821981661e-01,-7.026469812530e-02,-1.091199594563e-01,-6.044264773841e-02,-6.602670632486e-02,2.012374336222e-03,-7.601570905372e-04,2.605728742833e+01
-4.822282297633e-02,-1.439850216583e-01,-7.006498502122e-02,-1.088647667257e-01,-6.024167792177e-02,-6.585849868090e-02,1.878695419238e-03,-9.102473393693e-04,2.618456733000e+01
-4.812464083247e-02,-1.436884991580e-01,-6.986596471036e-02,-1.086101214854e-01,-6.004152910621e-02,-6.569057528538e-02,1.735573664845e-03,-1.044581560732e-03,2.631246894541e+01
-4.802661015180e-02,-1.433926287936e-01,-6.966763418401e-02,-1.083560227415e-01,-5.984219711554e-02,-6.552293702356e-02,1.585045735758e-03,-1.161715141954e-03,2.644099531139e+01
-4.792873127919e-02,-1.430974087835e-01,-6.946998999092e-02,-1.081024698335e-01,-5.964367717793e-02,-6.535558553277e-02,1.428140632180e-03,-1.262928617627e-03,2.657014947959e+01
-4.783100493863e-02,-1.428028371613e-01,-6.927302906991e-02,-1.078494618076e-01,-5.944596512418e-02,-6.518852180269e-02,1.267277809580e-03,-1.346577314047e-03,2.669993451661e+01
-4.773343153122e-02,-1.425089121424e-01,-6.907674850656e-02,-1.075969977390e-01,-5.924905666582e-02,-6.502174674611e-02,1.103368757392e-03,-1.413208256150e-03,2.683035350398e+01
-4.763601158439e-02,-1.422156318340e-01,-6.888114491883e-02,-1.073450768973e-01,-5.905294710674e-02,-6.485526205946e-02,9.382145413301e-04,-1.463406065342e-03,2.696140953832e+01
-4.753874548352e-02,-1.419229945203e-01,-6.868621518362e-02,-1.070936985387e-01,-5.885763251872e-02,-6.468906832407e-02,7.738799915822e-04,-1.496557771442e-03,2.709310573135e+01
-4.744163363815e-02,-1.416309983583e-01,-6.849195605365e-02,-1.068428619243e-01,-5.866310781244e-02,-6.452316784046e-02,6.112126109175e-04,-1.514810488909e-03,2.722544521002e+01
-4.734467667508e-02,-1.413396415100e-01,-6.829836483150e-02,-1.065925659564e-01,-5.846936926073e-02,-6.435756082705e-02,4.517555824857e-04,-1.517939473047e-03,2.735843111651e+01
-4.724787494699e-02,-1.410489221281e-01,-6.810543847626e-02,-1.063428097126e-01,-5.827641288356e-02,-6.419224810548e-02,2.972525684136e-04,-1.505108178150e-03,2.749206660840e+01
-4.715122890612e-02,-1.407588385133e-01,-6.791317361097e-02,-1.060935926510e-01,-5.808423421499e-02,-6.402723106448e-02,1.485411190498e-04,-1.478781806794e-03,2.762635485864e+01
-4.705473893600e-02,-1.404693888580e-01,-6.772156742904e-02,-1.058449137702e-01,-5.789282879144e-02,-6.386251083691e-02,6.603955909452e-06,-1.439308153078e-03,2.776129905572e+01
-4.695840551662e-02,-1.401805713734e-01,-6.753061693138e-02,-1.055967722587e-01,-5.770219279645e-02,-6.369808832973e-02,-1.274997560462e-04,-1.387751715903e-03,2.789690240369e+01
-4.686222884755e-02,-1.398923843514e-01,-6.734031891560e-02,-1.053491674541e-01,-5.751232159781e-02,-6.353396509342e-02,-2.515836989786e-04,-1.326982360680e-03,2.803316812225e+01
-4.676620947620e-02,-1.396048260094e-01,-6.715067070184e-02,-1.051020982751e-01,-5.732321171653e-02,-6.337014117619e-02,-3.659391300558e-04,-1.255614861038e-03,2.817009944682e+01
-4.667034776124e-02,-1.393178945933e-01,-6.696166919812e-02,-1.048555640220e-01,-5.713485842542e-02,-6.320661836308e-02,-4.692031677656e-04,-1.176962508319e-03,2.830769962864e+01
-4.657464412038e-02,-1.390315882957e-01,-6.677331181376e-02,-1.046095634963e-01,-5.694725895996e-02,-6.304339586530e-02,-5.645462523764e-04,-1.087597282051e-03,2.844597193482e+01
-4.647909868137e-02,-1.387459055451e-01,-6.658559501406e-02,-1.043640964916e-01,-5.676040739342e-02,-6.288047715693e-02,-6.438066043750e-04,-9.976492717299e-04,2.858491964843e+01
-4.638371212308e-02,-1.384608444339e-01,-6.639851659499e-02,-1.041191614602e-01,-5.657430165968e-02,-6.271786041732e-02,-7.158273912715e-04,-8.977718165048e-04,2.872454606857e+01
-4.628848450344e-02,-1.381764033903e-01,-6.621207317939e-02,-1.038747580472e-01,-5.638893658642e-02,-6.255554830654e-02,-7.743747572257e-04,-7.966351213107e-04,2.886485451048e+01
-4.619341637646e-02,-1.378925806389e-01,-6.602626240366e-02,-1.036308849991e-01,-5.620430904987e-02,-6.239354035507e-02,-8.257780939909e-04,-6.856370800439e-04,2.900584830556e+01
-4.609850780998e-02,-1.376093745362e-01,-6.584108071985e-02,-1.033875420618e-01,-5.602041382196e-02,-6.223183919776e-02,-8.584650933802e-04,-5.854116930888e-04,2.914753080151e+01
-4.600375926742e-02,-1.373267833637e-01,-6.565652586866e-02,-1.031447278973e-01,-5.583724846284e-02,-6.207044363645e-02,-8.839971891519e-04,-4.764835495696e-04,2.928990536236e+01
-4.590917092384e-02,-1.370448054836e-01,-6.547259486776e-02,-1.029024418847e-01,-5.565480812405e-02,-6.190935589849e-02,-8.967586965268e-04,-3.718395718370e-04,2.943297536859e+01
-4.581474320322e-02,-1.367634391519e-01,-6.528928484487e-02,-1.026606831387e-01,-5.547308914517e-02,-6.174857626997e-02,-8.977333615803e-04,-2.738885408231e-04,2.957674421718e+01
-4.572047635174e-02,-1.364826827528e-01,-6.510659326669e-02,-1.024194506550e-01,-5.529208835952e-02,-6.158810469532e-02,-8.907027615381e-04,-1.713919925990e-04,2.972121532172e+01
-4.562637053644e-02,-1.362025346062e-01,-6.492451709625e-02,-1.021787438445e-01,-5.511180108719e-02,-6.142794317633e-02,-8.724682485811e-04,-8.372041931717e-05,2.986639211244e+01
-4.553242618406e-02,-1.359229930367e-01,-6.474305384280e-02,-1.019385615428e-01,-5.493222449758e-02,-6.126809105223e-02,-8.468332761210e-04,8.112724982798e-06,3.001227803637e+01
-4.543864342692e-02,-1.356440564563e-01,-6.456220077701e-02,-1.016989030388e-01,-5.475335431335e-02,-6.110854963419e-02,-8.120958199310e-04,9.413929675438e-05,3.015887655735e+01
-4.534502250471e-02,-1.353657232246e-01,-6.438195493208e-02,-1.014597676243e-01,-5.457518675483e-02,-6.094931974173e-02,-7.707524687495e-04,1.724244012782e-04,3.030619115613e+01
-4.525156367837e-02,-1.350879917155e-01,-6.420231389793e-02,-1.012211542481e-01,-5.439771831757e-02,-6.079040173911e-02,-7.232129984075e-04,2.391494588221e-04,3.045422533050e+01
-4.515826733777e-02,-1.348108601756e-01,-6.402327503659e-02,-1.009830619189e-01,-5.422094597483e-02,-6.063179541199e-02,-6.672991072646e-04,3.170977480996e-04,3.060298259529e+01
-4.506513331958e-02,-1.345343272851e-01,-6.384483511613e-02,-1.007454904442e-01,-5.404486432467e-02,-6.047350363905e-02,-6.114945306688e-04,3.595809757462e-04,3.075246648253e+01
-4.497216217401e-02,-1.342583911770e-01,-6.366699213639e-02,-1.005084382920e-01,-5.386947150271e-02,-6.031552484317e-02,-5.493207739147e-04,4.084229098407e-04,3.090268054150e+01
-4.487935395297e-02,-1.339830503436e-01,-6.348974328414e-02,-1.002719048163e-01,-5.369476322983e-02,-6.015786012271e-02,-4.844798435616e-04,4.469466766962e-04,3.105362833880e+01
-4.478670901155e-02,-1.337083031499e-01,-6.331308605393e-02,-1.000358890065e-01,-5.352073665704e-02,-6.000050950867e-02,-4.172007302853e-04,4.853871525066e-04,3.120531345847e+01
-4.469422726700e-02,-1.334341481384e-01,-6.313701743847e-02,-9.980039044622e-02,-5.334738676651e-02,-5.984347514450e-02,-3.520168500443e-04,5.048066210172e-04,3.135773950204e+01
-4.460190907151e-02,-1.331605836208e-01,-6.296153522976e-02,-9.956540791953e-02,-5.317471116258e-02,-5.968675618089e-02,-2.847474589959e-04,5.188731475036e-04,3.151091008864e+01
-4.450975454236e-02,-1.328876081064e-01,-6.278663673622e-02,-9.933094067745e-02,-5.300270607095e-02,-5.953035345456e-02,-2.174806056937e-04,5.253649141463e-04,3.166482885508e+01
-4.441776398136e-02,-1.326152198740e-01,-6.261231957596e-02,-9.909698767699e-02,-5.283136868125e-02,-5.937426661182e-02,-1.537367937997e-04,5.303544418298e-04,3.181949945594e+01
-4.432593742693e-02,-1.323434175315e-01,-6.243858105409e-02,-9.886354820739e-02,-5.266069467980e-02,-5.921849709957e-02,-9.014709750696e-05,5.244922036768e-04,3.197492556365e+01
-4.423427499883e-02,-1.320721994452e-01,-6.226541863140e-02,-9.863062145812e-02,-5.249068090867e-02,-5.906304502948e-02,-2.980933504353e-05,5.162434841629e-04,3.213111086855e+01
-4.414277680939e-02,-1.318015641880e-01,-6.209282968377e-02,-9.839820670156e-02,-5.232132371272e-02,-5.890791130880e-02,2.685542074226e-05,4.908574124557e-04,3.228805907904e+01
-4.405144313758e-02,-1.315315101068e-01,-6.192081187737e-02,-9.816630282485e-02,-5.215261997445e-02,-5.875309585333e-02,8.265452166835e-05,4.649568226210e-04,3.244577392163e+01
-4.396027407030e-02,-1.312620357277e-01,-6.174936279768e-02,-9.793490900476e-02,-5.198456665298e-02,-5.859859865270e-02,1.267748408056e-04,4.385724222466e-04,3.260425914101e+01
-4.386926968613e-02,-1.309931394490e-01,-6.157848002481e-02,-9.770402427417e-02,-5.181716046062e-02,-5.844442003216e-02,1.645971387187e-04,4.125060986766e-04,3.276351850019e+01
-4.377843009043e-02,-1.307248198839e-01,-6.140816077689e-02,-9.747364814201e-02,-5.165039741084e-02,-5.829056134580e-02,2.034300730599e-04,3.742138828982e-04,3.292355578054e+01
-4.368775537752e-02,-1.304570754767e-01,-6.123840286731e-02,-9.724377943816e-02,-5.148427444817e-02,-5.813702235849e-02,2.399972593631e-04,3.298640745431e-04,3.308437478191e+01
-4.359724576698e-02,-1.301899046626e-01,-6.106920404094e-02,-9.701441723925e-02,-5.131878899789e-02,-5.798380273362e-02,2.555291018665e-04,3.040824056956e-04,3.324597932271e+01
-4.350690124964e-02,-1.299233060190e-01,-6.090056137419e-02,-9.678556104702e-02,-5.115393683189e-02,-5.783090394113e-02,2.862413449882e-04,2.517724919268e-04,3.340837324000e+01
-4.341672194427e-02,-1.296572780822e-01,-6.073247280102e-02,-9.655720976798e-02,-5.098971527533e-02,-5.767832577556e-02,3.057773851577e-04,1.950648836351e-04,3.357156038958e+01
-4.332670786982e-02,-1.293918192967e-01,-6.056493587848e-02,-9.632936260383e-02,-5.082612080196e-02,-5.752606856768e-02,3.274653574666e-04,1.170028728203e-04,3.373554464609e+01
-4.323685915920e-02,-1.291269282516e-01,-6.039794829876e-02,-9.610201858230e-02,-5.066315071078e-02,-5.737413220766e-02,3.301141446752e-04,5.807563656323e-05,3.390032990309e+01
-4.314717610199e-02,-1.288626032900e-01,-6.023150807284e-02,-9.587517646742e-02,-5.050080258484e-02,-5.722251585973e-02,3.145546724527e-04,9.495990111779e-05,3.406592007316e+01
-4.305765845138e-02,-1.285988432011e-01,-6.006561220087e-02,-9.564883613868e-02,-5.033907166211e-02,-5.707122202083e-02,3.068817307532e-04,6.241662320405e-05,3.423231908800e+01
-4.296830623455e-02,-1.283356464681e-01,-5.990025845227e-02,-9.542299652475e-02,-5.017795509158e-02,-5.692025046044e-02,3.018956002586e-04,-1.481696197588e-05,3.439953089851e+01
-4.287911984136e-02,-1.280730115508e-01,-5.973544481155e-02,-9.519765649330e-02,-5.001745062260e-02,-5.676960025274e-02,2.884630629011e-04,-3.971952673338e-05,3.456755947488e+01
-4.279009902758e-02,-1.278109370945e-01,-5.957116879896e-02,-9.497281544721e-02,-4.985755467978e-02,-5.661927247362e-02,2.712003819353e-04,-7.232010184940e-05,3.473640880669e+01
-4.270124388428e-02,-1.275494215880e-01,-5.940742821242e-02,-9.474847233835e-02,-4.969826441571e-02,-5.646926679475e-02,2.469468678671e-04,-1.061640740363e-04,3.490608290304e+01
-4.261255452582e-02,-1.272884636746e-01,-5.924422060051e-02,-9.452462644276e-02,-4.953957656420e-02,-5.631958387291e-02,2.203600936204e-04,-1.552796514631e-04,3.507658579257e+01
-4.252403099629e-02,-1.270280618525e-01,-5.908154400960e-02,-9.430127670679e-02,-4.938148833984e-02,-5.617022330998e-02,1.930845475861e-04,-1.671289198778e-04,3.524792152362e+01
-4.243567326193e-02,-1.267682147321e-01,-5.891939584579e-02,-9.407842243588e-02,-4.922399665058e-02,-5.602118558601e-02,1.780026230344e-04,-1.662281304601e-04,3.542009416432e+01
-4.234748138937e-02,-1.265089209163e-01,-5.875777413483e-02,-9.385606267579e-02,-4.906709859696e-02,-5.587247074545e-02,1.415568307958e-04,-1.934847134496e-04,3.559310780264e+01
-4.225945537978e-02,-1.262501789350e-01,-5.859667667527e-02,-9.363419645436e-02,-4.891079147411e-02,-5.572407852026e-02,1.280113951227e-04,-1.741651634322e-04,3.576696654653e+01
-4.217159507816e-02,-1.259919875939e-01,-5.843610065363e-02,-9.341282350889e-02,-4.875507112744e-02,-5.557601062476e-02,7.375186984409e-05,-2.458395661470e-04,3.594167452402e+01
-4.208390091589e-02,-1.257343450755e-01,-5.827604507015e-02,-9.319194175486e-02,-4.859993720514e-02,-5.542826367992e-02,6.349314335289e-05,-1.058219055882e-04,3.611723588328e+01
-4.199637234331e-02,-1.254772504940e-01,-5.811650626318e-02,-9.297155179923e-02,-4.844538350014e-02,-5.528084234687e-02,3.397468072939e-05,-2.200265037713e-04,3.629365479276e+01
-4.190900984697e-02,-1.252207021049e-01,-5.795748318519e-02,-9.275165164513e-02,-4.829140979379e-02,-5.513374300364e-02,1.858995524479e-05,-1.784635703500e-04,3.647093544126e+01
-4.182181304626e-02,-1.249646987244e-01,-5.779897303310e-02,-9.253224109430e-02,-4.813801171021e-02,-5.498696793122e-02,-5.299143225307e-06,-2.119657290123e-04,3.664908203806e+01
-4.173478219026e-02,-1.247092388386e-01,-5.764097412091e-02,-9.231331878916e-02,-4.798518752927e-02,-5.484051538902e-02,-1.269239816111e-05,-1.846167005252e-04,3.682809881297e+01
-4.164791706631e-02,-1.244543211809e-01,-5.748348401852e-02,-9.209488418466e-02,-4.783293344956e-02,-5.469438705916e-02,-2.552946226249e-05,-1.864760721782e-04,3.700799001649e+01
-4.156121775792e-02,-1.241999443784e-01,-5.732650048605e-02,-9.187693648160e-02,-4.768124685007e-02,-5.454858249964e-02,1.617381183050e-06,-2.199638408948e-04,3.718875991987e+01
-4.147468438107e-02,-1.239461069267e-01,-5.717002196673e-02,-9.165947427583e-02,-4.753012623456e-02,-5.440310020052e-02,-6.479836719095e-05,-1.626311960871e-04,3.737041281521e+01
-4.138831661339e-02,-1.236928076647e-01,-5.701404578011e-02,-9.144249724094e-02,-4.737956730385e-02,-5.425794212078e-02,-7.063228478243e-05,-1.569606328498e-04,3.755295301560e+01
-4.130211457121e-02,-1.234400451605e-01,-5.685856993229e-02,-9.122600439496e-02,-4.722956783068e-02,-5.411310742667e-02,-5.984592103460e-05,-1.423362446228e-04,3.773638485519e+01
-4.121607826355e-02,-1.231878180960e-01,-5.670359246020e-02,-9.100999480144e-02,-4.708012484678e-02,-5.396859651029e-02,-7.714490235110e-05,-1.262371129382e-04,3.792071268928e+01
-4.113020751938e-02,-1.229361250841e-01,-5.654911122991e-02,-9.079446768184e-02,-4.693123605680e-02,-5.382440886406e-02,-4.062687997871e-05,-1.413108868825e-04,3.810594089448e+01
-4.104450236655e-02,-1.226849649024e-01,-5.639512429685e-02,-9.057942193849e-02,-4.678289871914e-02,-5.368054453814e-02,-6.689432730581e-05,-1.170650727852e-04,3.829207386875e+01
-4.095896279939e-02,-1.224343360805e-01,-5.624162969655e-02,-9.036485677852e-02,-4.663511036301e-02,-5.353700319115e-02,-9.465721370047e-05,1.241406081318e-04,3.847911603154e+01
-4.087358849065e-02,-1.221842375586e-01,-5.608862463128e-02,-9.015077193602e-02,-4.648786664687e-02,-5.339378695049e-02,-1.525874631851e-05,-1.784099569549e-04,3.866707182389e+01
-4.078837973286e-02,-1.219346677057e-01,-5.593610810095e-02,-8.993716559522e-02,-4.634116742166e-02,-5.325089260247e-02,-3.266557493403e-05,-1.590671475049e-04,3.885594570854e+01
-4.070333625943e-02,-1.216856253687e-01,-5.578407749181e-02,-8.972403752517e-02,-4.619500850318e-02,-5.310832186577e-02,-7.928482138373e-06,-1.812224488771e-04,3.904574217001e+01
-4.061845809077e-02,-1.214371092382e-01,-5.563253108329e-02,-8.951138647441e-02,-4.604938806926e-02,-5.296607390398e-02,-2.521832155151e-05,-1.513099293090e-04,3.923646571474e+01
-4.053374521207e-02,-1.211891179231e-01,-5.548146673093e-02,-8.929921178121e-02,-4.590430334128e-02,-5.282414868965e-02,-5.168906840929e-05,-9.729706994689e-05,3.942812087118e+01
-4.044919725413e-02,-1.209416503405e-01,-5.533088235589e-02,-8.908751267977e-02,-4.575975104873e-02,-5.268254710010e-02,7.674642769012e-06,-1.381435698422e-04,3.962071218989e+01
-4.036481448185e-02,-1.206947049704e-01,-5.518077616215e-02,-8.887628811669e-02,-4.561572933203e-02,-5.254126812050e-02,-3.949490123231e-05,-1.228730260561e-04,3.981424424367e+01
-4.028059662867e-02,-1.204482806502e-01,-5.503114624120e-02,-8.866553716945e-02,-4.547223576198e-02,-5.240031149298e-02,-8.058742294951e-05,-5.860903487237e-05,4.000872162765e+01
-4.019654359707e-02,-1.202023761303e-01,-5.488199023856e-02,-8.845525932714e-02,-4.532926713874e-02,-5.225967802270e-02,1.126968040021e-05,-1.262204204823e-04,4.020414895941e+01
-4.011265551115e-02,-1.199569899456e-01,-5.473330698244e-02,-8.824545307876e-02,-4.518682223520e-02,-5.211936590855e-02,-4.627924230966e-05,1.656309724767e-04,4.040053087908e+01
-4.002893194019e-02,-1.197121211086e-01,-5.458509357948e-02,-8.803611839926e-02,-4.504489667660e-02,-5.197937719299e-02,-8.995049347472e-06,1.259306908646e-04,4.059787204946e+01
-3.994537297386e-02,-1.194677682056e-01,-5.443734865066e-02,-8.782725395620e-02,-4.490348917537e-02,-5.183971069775e-02,-5.225408244256e-05,-1.045081648851e-04,4.079617715613e+01
-3.986197850468e-02,-1.192239299196e-01,-5.429007036084e-02,-8.761885871223e-02,-4.476259755173e-02,-5.170036545813e-02,-3.170311491094e-05,1.342720160934e-04,4.099545090753e+01
-3.977874840544e-02,-1.189806051026e-01,-5.414325667473e-02,-8.741093207702e-02,-4.462221869484e-02,-5.156134238416e-02,-3.021708736855e-05,1.289262394392e-04,4.119569803514e+01
-3.969568248693e-02,-1.187377925166e-01,-5.399690542983e-02,-8.720347337765e-02,-4.448234974710e-02,-5.142264174649e-02,4.956167960707e-05,-1.565105671802e-04,4.139692329352e+01
-3.961278086575e-02,-1.184954908300e-01,-5.385101526855e-02,-8.699648117316e-02,-4.434298984994e-02,-5.128426151739e-02,-5.942862942407e-05,7.277908080190e-21,4.159913146047e+01
-3.953004317152e-02,-1.182536988586e-01,-5.370558387840e-02,-8.678995518301e-02,-4.420413474774e-02,-5.114620374891e-02,2.166972065718e-05,-1.733577652575e-04,4.180232733713e+01
-3.944746953604e-02,-1.180124152267e-01,-5.356060986578e-02,-8.658389390721e-02,-4.406578413097e-02,-5.100846559191e-02,-7.150527561624e-05,4.086015749499e-05,4.200651574807e+01
-3.936505963998e-02,-1.177716389330e-01,-5.341609085369e-02,-8.637829717480e-02,-4.392793371097e-02,-5.087104938604e-02,2.259120331457e-05,-1.390227896282e-04,4.221170154144e+01
-3.928281345482e-02,-1.175313685807e-01,-5.327202547443e-02,-8.617316351332e-02,-4.379058252764e-02,-5.073395317923e-02,-4.257275855180e-05,9.730916240411e-05,4.241788958909e+01
-3.920073079461e-02,-1.172916030266e-01,-5.312841144160e-02,-8.596849256970e-02,-4.365372737673e-02,-5.059717777548e-02,1.081187955216e-05,1.482772052867e-04,4.262508478664e+01
-3.911881158495e-02,-1.170523410153e-01,-5.298524728273e-02,-8.576428317083e-02,-4.351736612234e-02,-5.046072266170e-02,-5.916955247718e-05,-4.733564198174e-05,4.283329205364e+01
-3.903705556868e-02,-1.168135814732e-01,-5.284253086055e-02,-8.556053475466e-02,-4.338149618137e-02,-5.032458811575e-02,2.763158138442e-05,-1.578947507681e-04,4.304251633364e+01
-3.895546280297e-02,-1.165753229131e-01,-5.270026090845e-02,-8.535724588593e-02,-4.324611636592e-02,-5.018877228990e-02,-5.077591135301e-06,-8.124145816481e-05,4.325276259439e+01
-3.887403304786e-02,-1.163375643362e-01,-5.255843517752e-02,-8.515441615674e-02,-4.311122340544e-02,-5.005327639321e-02,1.989758607114e-05,7.959034428456e-05,4.346403582785e+01
-3.879276627422e-02,-1.161003044510e-01,-5.241705213390e-02,-8.495204447397e-02,-4.297681550093e-02,-4.991809937355e-02,-2.760320129816e-05,1.606004439166e-04,4.367634105041e+01
-3.871166198234e-02,-1.158635422983e-01,-5.227610940347e-02,-8.475013065962e-02,-4.284288909876e-02,-4.978324305963e-02,2.602276866540e-05,-1.533973731855e-04,4.388968330293e+01
-3.863072036155e-02,-1.156272764035e-01,-5.213560599232e-02,-8.454867301797e-02,-4.270944363593e-02,-4.964870464457e-02,6.317923573439e-06,-1.769018600563e-04,4.410406765092e+01
-3.854994135693e-02,-1.153915055378e-01,-5.199554012515e-02,-8.434767062136e-02,-4.257647709967e-02,-4.951448370372e-02,-5.536757206596e-05,6.814470408118e-05,4.431949918460e+01
-3.846932446453e-02,-1.151562288185e-01,-5.185590948464e-02,-8.414712332077e-02,-4.244398554403e-02,-4.938058212104e-02,-1.288993813281e-05,-1.325822207946e-04,4.453598301908e+01
-3.838886978847e-02,-1.149214448113e-01,-5.171671274332e-02,-8.394702972332e-02,-4.231196820237e-02,-4.924699794121e-02,-4.860077634528e-05,-7.069203832041e-05,4.475352429445e+01
-3.830857710588e-02,-1.146871524356e-01,-5.157794805744e-02,-8.374738918909e-02,-4.218042231323e-02,-4.911373151654e-02,-7.454105960612e-05,-3.727052980306e-05,4.497212817590e+01
-3.822844613728e-02,-1.144533506344e-01,-5.143961356335e-02,-8.354820096177e-02,-4.204934532597e-02,-4.898078314696e-02,3.426360545379e-06,-1.370544218152e-04,4.519179985386e+01
-3.814847686759e-02,-1.142200380389e-01,-5.130170777515e-02,-8.334946396920e-02,-4.191873591824e-02,-4.884815130464e-02,-6.837331646607e-06,-1.367466329321e-04,4.541254454411e+01
-3.806866907916e-02,-1.139872136137e-01,-5.116422897481e-02,-8.315117733514e-02,-4.178859142014e-02,-4.871583647461e-02,2.583164899416e-05,-1.549898939650e-04,4.563436748790e+01
-3.798902269893e-02,-1.137548761181e-01,-5.102717554216e-02,-8.295334016614e-02,-4.165891037131e-02,-4.858383743674e-02,3.277615667722e-05,-8.740308447258e-05,4.585727395209e+01
-3.790953739670e-02,-1.135230244938e-01,-5.089054552538e-02,-8.275595187718e-02,-4.152968958801e-02,-4.845215533144e-02,3.655451012001e-05,-1.329254913455e-04,4.608126922926e+01
-3.783021317985e-02,-1.132916574878e-01,-5.075433752519e-02,-8.255901130187e-02,-4.140092810908e-02,-4.832078832125e-02,6.608365088584e-21,1.079227919950e-04,4.630635863785e+01
-3.775104974511e-02,-1.130607740264e-01,-5.061854967851e-02,-8.236251777779e-02,-4.127262301719e-02,-4.818973716688e-02,-3.639858064095e-06,1.310348903074e-04,4.653254752227e+01
-3.767204686068e-02,-1.128303730577e-01,-5.048318018988e-02,-8.216647068537e-02,-4.114477192651e-02,-4.805900192544e-02,4.767752502038e-06,-1.398540733931e-04,4.675984125305e+01
-3.759320450238e-02,-1.126004532783e-01,-5.034822769221e-02,-8.197086875442e-02,-4.101737376134e-02,-4.792858105746e-02,2.203762784210e-05,-1.385222321504e-04,4.698824522693e+01
-3.751452234815e-02,-1.123710136794e-01,-5.021369049208e-02,-8.177571126139e-02,-4.089042567993e-02,-4.779847510431e-02,2.619282281130e-05,-1.796079278489e-04,4.721776486703e+01
-3.743600044522e-02,-1.121420529771e-01,-5.007956711053e-02,-8.158099718839e-02,-4.076392653407e-02,-4.766868260295e-02,2.926415481299e-05,-1.591970021827e-04,4.744840562295e+01
-3.735763843274e-02,-1.119135701506e-01,-4.994585580029e-02,-8.138672576454e-02,-4.063787406374e-02,-4.753920346751e-02,-9.274316771929e-06,-9.892604556725e-05,4.768017297092e+01
-3.727943608520e-02,-1.116855641706e-01,-4.981255458951e-02,-8.119289657000e-02,-4.051226520344e-02,-4.741003898181e-02,1.591499448259e-05,-1.567014841362e-04,4.791307241391e+01
-3.720139333662e-02,-1.114580337429e-01,-4.967966237145e-02,-8.099950815201e-02,-4.038709907467e-02,-4.728118699534e-02,8.902719454237e-06,-1.424435112678e-04,4.814710948176e+01
-3.712351000379e-02,-1.112309778029e-01,-4.954717747886e-02,-8.080655979307e-02,-4.026237356425e-02,-4.715264744395e-02,-6.381397926884e-05,8.508530569178e-05,4.838228973135e+01
-3.704578576347e-02,-1.110043953461e-01,-4.941509799204e-02,-8.061405099486e-02,-4.013808603973e-02,-4.702442082189e-02,2.849956568018e-05,-1.036347842915e-04,4.861861874667e+01
-3.696822054560e-02,-1.107782851493e-01,-4.928342292620e-02,-8.042198025571e-02,-4.001423572924e-02,-4.689650517518e-02,-3.461127860963e-05,1.569044630303e-04,4.885610213902e+01
-3.689081394322e-02,-1.105526462867e-01,-4.915214954871e-02,-8.023034792213e-02,-3.989081815156e-02,-4.676890356097e-02,2.569218779991e-05,-1.608554366603e-04,4.909474554708e+01
-3.681356613123e-02,-1.103274773812e-01,-4.902127772457e-02,-8.003915165870e-02,-3.976783466942e-02,-4.664161107161e-02,5.283393807207e-05,0.000000000000e+00,4.933455463708e+01
-3.673647660663e-02,-1.101027775557e-01,-4.889080496361e-02,-7.984839156960e-02,-3.964528113218e-02,-4.651463032426e-02,6.316336905007e-06,-1.179049555601e-04,4.957553510294e+01
-3.665954531090e-02,-1.098785456144e-01,-4.876073002178e-02,-7.965806653919e-02,-3.952315651330e-02,-4.638795971459e-02,2.858965039469e-05,-8.576895118406e-05,4.981769266639e+01
-3.658277198136e-02,-1.096547805503e-01,-4.863105146310e-02,-7.946817566000e-02,-3.940145855361e-02,-4.626159936716e-02,1.255587471754e-05,-1.171881640304e-04,5.006103307708e+01
-3.650615646281e-02,-1.094314811667e-01,-4.850176752157e-02,-7.927871812991e-02,-3.928018563935e-02,-4.613554858751e-02,-3.069738515890e-05,3.759345447704e-21,5.030556211279e+01
-3.642969842681e-02,-1.092086465795e-01,-4.837287660385e-02,-7.908969334251e-02,-3.915933537283e-02,-4.600980759459e-02,8.759285719001e-06,-1.401485715040e-04,5.055128557948e+01
-3.635339776505e-02,-1.089862755616e-01,-4.824437739790e-02,-7.890110013862e-02,-3.903890614959e-02,-4.588437545710e-02,1.747625247436e-05,-1.708789130826e-04,5.079820931151e+01
-3.627725444861e-02,-1.087643669426e-01,-4.811626864041e-02,-7.871293745802e-02,-3.891889700390e-02,-4.575925068815e-02,2.086797679935e-06,-1.168606700764e-04,5.104633917170e+01
-3.620126793082e-02,-1.085429198749e-01,-4.798854840330e-02,-7.852520495258e-02,-3.879930483036e-02,-4.563443467981e-02,-3.171596126913e-05,-7.249362575801e-05,5.129568105154e+01
-3.612543814470e-02,-1.083219331978e-01,-4.786121519645e-02,-7.833790168641e-02,-3.868012796831e-02,-4.550992664469e-02,-1.310441074598e-06,-1.467694003550e-04,5.154624087127e+01
-3.604976495473e-02,-1.081014058465e-01,-4.773426775072e-02,-7.815102662921e-02,-3.856136510674e-02,-4.538572545966e-02,1.756383705334e-06,-1.264596267840e-04,5.179802458007e+01
-3.597424808966e-02,-1.078813367275e-01,-4.760770456179e-02,-7.796457894700e-02,-3.844301434384e-02,-4.526183094534e-02,2.484858259905e-05,-8.519514033959e-05,5.205103815617e+01
-3.589888726430e-02,-1.076617248899e-01,-4.748152400171e-02,-7.777855792889e-02,-3.832507337333e-02,-4.513824319610e-02,-2.480924938663e-05,-1.082585427780e-04,5.230528760700e+01
-3.582368234822e-02,-1.074425692127e-01,-4.735572459829e-02,-7.759296281500e-02,-3.820754054006e-02,-4.501496165783e-02,1.903035490428e-05,-1.607007747473e-04,5.256077896934e+01
-3.574863309541e-02,-1.072238686254e-01,-4.723030520934e-02,-7.740779236257e-02,-3.809041470701e-02,-4.489198504065e-02,2.416225009135e-05,-1.328923755024e-04,5.281751830945e+01
-3.567373928495e-02,-1.070056221360e-01,-4.710526398759e-02,-7.722304619687e-02,-3.797369329957e-02,-4.476931385693e-02,3.192256143630e-05,-1.430130752346e-04,5.307551172322e+01
-3.559900082053e-02,-1.067878286063e-01,-4.698060005096e-02,-7.703872281054e-02,-3.785737573709e-02,-4.464694632784e-02,-2.772467258950e-05,1.182919363819e-04,5.333476533634e+01
-3.552441718349e-02,-1.065704871571e-01,-4.685631112169e-02,-7.685482232111e-02,-3.774145838387e-02,-4.452488427588e-02,3.160254409095e-05,-9.193467371914e-05,5.359528530438e+01
-3.544998844432e-02,-1.063535966342e-01,-4.673239650020e-02,-7.667134315919e-02,-3.762594129563e-02,-4.440312504364e-02,-2.564157644132e-05,1.230795669183e-04,5.385707781301e+01
-3.537571409775e-02,-1.061371561305e-01,-4.660885418244e-02,-7.648828506353e-02,-3.751082084509e-02,-4.428167065906e-02,2.684363615695e-05,-1.493906707865e-04,5.412014907810e+01
-3.530159426164e-02,-1.059211644020e-01,-4.648568340765e-02,-7.630564641463e-02,-3.739609761408e-02,-4.416051739792e-02,4.313754341139e-05,0.000000000000e+00,5.438450534590e+01
-3.522762843851e-02,-1.057056206072e-01,-4.636288236161e-02,-7.612342690283e-02,-3.728176819269e-02,-4.403966730916e-02,-6.873400351906e-05,5.498720281525e-05,5.465015289315e+01
-3.515381644525e-02,-1.054905237440e-01,-4.624044946772e-02,-7.594162586180e-02,-3.716783105163e-02,-4.391911969741e-02,8.119811342433e-21,-1.326065825361e-04,5.491709802725e+01
-3.508015817830e-02,-1.052758726183e-01,-4.611838380444e-02,-7.576024191069e-02,-3.705428539469e-02,-4.379887264579e-02,2.206775158145e-05,-1.176946751011e-04,5.518534708643e+01
-3.500665328100e-02,-1.050616663981e-01,-4.599668373873e-02,-7.557927455469e-02,-3.694112884633e-02,-4.367892696806e-02,-8.571272021082e-06,-1.234263171036e-04,5.545490643986e+01
-3.493330154763e-02,-1.048479039706e-01,-4.587534778940e-02,-7.539872300071e-02,-3.682835962582e-02,-4.355928202480e-02,6.950214240631e-21,-1.135056123197e-04,5.572578248782e+01
-3.486010286790e-02,-1.046345843484e-01,-4.575437480419e-02,-7.521858623524e-02,-3.671597654988e-02,-4.343993696379e-02,-1.595266768275e-06,-1.276213414620e-04,5.599798166187e+01
-3.478705690346e-02,-1.044217064788e-01,-4.563376343971e-02,-7.503886333757e-02,-3.660397796266e-02,-4.332089105898e-02,-3.335077450258e-05,1.098613748320e-04,5.627151042498e+01
-3.471416334339e-02,-1.042092694857e-01,-4.551351204878e-02,-7.485955381476e-02,-3.649236173474e-02,-4.320214472027e-02,-1.205624280606e-05,1.125249328566e-04,5.654637527167e+01
-3.464142191800e-02,-1.039972723459e-01,-4.539361927837e-02,-7.468065690057e-02,-3.638112602328e-02,-4.308369766473e-02,-3.174528887514e-06,-1.269811555006e-04,5.682258272821e+01
-3.456883258493e-02,-1.037857139713e-01,-4.527408412638e-02,-7.450217130620e-02,-3.627026994778e-02,-4.296554842879e-02,1.326599472642e-05,-1.379663451548e-04,5.710013935273e+01
-3.449639514611e-02,-1.035745933672e-01,-4.515490514245e-02,-7.432409631538e-02,-3.615979199928e-02,-4.284769619069e-02,-5.242025734653e-05,-7.400506919510e-05,5.737905173540e+01
-3.442410909976e-02,-1.033639096670e-01,-4.503608077711e-02,-7.414643141298e-02,-3.604968970889e-02,-4.273014196491e-02,3.629651648014e-05,-1.024842818263e-04,5.765932649859e+01
-3.435197434472e-02,-1.031536618017e-01,-4.491760983142e-02,-7.396917555056e-02,-3.593996177989e-02,-4.261288465649e-02,-1.107331612773e-06,-1.505970993371e-04,5.794097029700e+01
-3.427999076111e-02,-1.029438487420e-01,-4.479949125972e-02,-7.379232767002e-02,-3.583060740278e-02,-4.249592267973e-02,-4.424770928727e-06,-1.061945022894e-04,5.822398981785e+01
-3.420815796089e-02,-1.027344695726e-01,-4.468172336023e-02,-7.361588735501e-02,-3.572162425491e-02,-4.237925665768e-02,-2.095306851487e-05,-5.587484937299e-05,5.850839178101e+01
-3.413647563403e-02,-1.025255233848e-01,-4.456430484261e-02,-7.343985369394e-02,-3.561301039380e-02,-4.226288662490e-02,5.556781562428e-06,-1.333627574983e-04,5.879418293920e+01
-3.406494373057e-02,-1.023170090317e-01,-4.444723473172e-02,-7.326422559818e-02,-3.550476538540e-02,-4.214681037737e-02,-6.661166379739e-05,8.157576085535e-21,5.908137007808e+01
-3.399356180792e-02,-1.021089257549e-01,-4.433051133577e-02,-7.308900264253e-02,-3.539688647024e-02,-4.203102927793e-02,1.984325714316e-06,-1.111222400017e-04,5.936996001651e+01
-3.392232974017e-02,-1.019012724552e-01,-4.421413354987e-02,-7.291418382162e-02,-3.528937255401e-02,-4.191554211065e-02,1.994155866006e-05,-1.511360235289e-04,5.965995960662e+01
-3.385124731355e-02,-1.016940481269e-01,-4.409810019641e-02,-7.273976814192e-02,-3.518222264605e-02,-4.180034752176e-02,2.963693835401e-05,-1.340105038616e-04,5.995137573402e+01
-3.378031432729e-02,-1.014872518151e-01,-4.398241011705e-02,-7.256575471931e-02,-3.507543537541e-02,-4.168544486872e-02,-1.645978776857e-05,1.316783021486e-04,6.024421531795e+01
-3.370953022341e-02,-1.012808827787e-01,-4.386706136952e-02,-7.239214346051e-02,-3.496900733038e-02,-4.157083656624e-02,1.065628580975e-05,-1.420838107967e-04,6.053848531146e+01
-3.363889509327e-02,-1.010749397902e-01,-4.375205347973e-02,-7.221893264494e-02,-3.486293909688e-02,-4.145651868604e-02,1.848520557776e-05,-1.232347038518e-04,6.083419270155e+01
-3.356840858370e-02,-1.008694219965e-01,-4.363738487505e-02,-7.204612184299e-02,-3.475722847639e-02,-4.134249195313e-02,3.624338352088e-05,0.000000000000e+00,6.113134450935e+01
-3.349807045839e-02,-1.006643284613e-01,-4.352305422101e-02,-7.187371029051e-02,-3.465187376661e-02,-4.122875620868e-02,-3.019749093457e-05,8.784724635511e-05,6.142994779030e+01
-3.342788034820e-02,-1.004596582816e-01,-4.340906023839e-02,-7.170169723262e-02,-3.454687322902e-02,-4.111531119102e-02,-2.347538037954e-05,-8.048701844414e-05,6.173000963428e+01
-3.335783811562e-02,-1.002554104169e-01,-4.329540199638e-02,-7.153008154038e-02,-3.444222607249e-02,-4.100215536624e-02,-5.666222864546e-05,9.378575775800e-05,6.203153716582e+01
-3.328794341469e-02,-1.000515840322e-01,-4.318207777872e-02,-7.135886283231e-02,-3.433793010823e-02,-4.088928940018e-02,6.695361075729e-21,-1.093435442838e-04,6.233453754424e+01
-3.321819609034e-02,-9.984817813089e-02,-4.306908670625e-02,-7.118804007365e-02,-3.423398421383e-02,-4.077671215067e-02,2.467687084722e-05,-1.633779035402e-04,6.263901796384e+01
-3.314859596019e-02,-9.964519170320e-02,-4.295642774090e-02,-7.101761216341e-02,-3.413038782002e-02,-4.066442201270e-02,2.748063587988e-05,-1.163885754912e-04,6.294498565405e+01
-3.307914263847e-02,-9.944262388678e-02,-4.284409927976e-02,-7.084757863044e-02,-3.402713814970e-02,-4.055242013265e-02,1.793818486094e-05,-1.174135736352e-04,6.325244787963e+01
-3.300983584306e-02,-9.924047383187e-02,-4.273210016069e-02,-7.067793872713e-02,-3.392423420048e-02,-4.044070567692e-02,1.490623938293e-05,-1.510498924137e-04,6.356141194080e+01
-3.294067549573e-02,-9.903874046466e-02,-4.262042942677e-02,-7.050869134530e-02,-3.382167511162e-02,-4.032927702175e-02,2.116271064271e-05,-1.209297751012e-04,6.387188517347e+01
-3.287166113063e-02,-9.883742294877e-02,-4.250908577687e-02,-7.033983584008e-02,-3.371945855315e-02,-4.021813496316e-02,1.846408134274e-05,-1.249876275509e-04,6.418387494935e+01
-3.280279264833e-02,-9.863652033849e-02,-4.239806786466e-02,-7.017137144303e-02,-3.361758368374e-02,-4.010727844417e-02,8.076044758339e-06,-1.292167161334e-04,6.449738867619e+01
-3.273406974365e-02,-9.843603168043e-02,-4.228737479571e-02,-7.000329710545e-02,-3.351604931976e-02,-3.999670622889e-02,1.113788732824e-05,8.910309862593e-05,6.481243379790e+01
-3.266549210301e-02,-9.823595619778e-02,-4.217700481157e-02,-6.983561264628e-02,-3.341485284119e-02,-3.988641991552e-02,9.964078496645e-06,-1.417113386190e-04,6.512901779475e+01
-3.259705957234e-02,-9.803629282831e-02,-4.206695738662e-02,-6.966831656134e-02,-3.331399414448e-02,-3.977641687012e-02,-2.214102999101e-06,-1.417025919425e-04,6.544714818358e+01
-3.252877186261e-02,-9.783704063316e-02,-4.195723122088e-02,-6.950140822547e-02,-3.321347188539e-02,-3.966669659696e-02,-1.058972262735e-05,-1.016613372225e-04,6.576683251791e+01
-3.246062869909e-02,-9.763819881801e-02,-4.184782499966e-02,-6.933488692800e-02,-3.311328398885e-02,-3.955725953993e-02,-3.624918275438e-05,6.444299156334e-05,6.608807838817e+01
-3.239262975976e-02,-9.743976650525e-02,-4.173873738596e-02,-6.916875210965e-02,-3.301342869738e-02,-3.944810581879e-02,7.845697237037e-21,-1.281299594708e-04,6.641089342187e+01
-3.232477486823e-02,-9.724174268131e-02,-4.162996749357e-02,-6.900300263737e-02,-3.291390576113e-02,-3.933923322811e-02,3.444277906336e-06,-1.377711162535e-04,6.673528528378e+01
-3.225706383566e-02,-9.704412642933e-02,-4.152151426730e-02,-6.883763760943e-02,-3.281471379584e-02,-3.923064129217e-02,5.892607633573e-05,-3.626220082198e-05,6.706126167610e+01
-3.218949625897e-02,-9.684691694534e-02,-4.141337645979e-02,-6.867265633100e-02,-3.271585065896e-02,-3.912233064135e-02,-3.997799808965e-05,1.066079949057e-04,6.738883033865e+01
-3.212207196822e-02,-9.665011327665e-02,-4.130555279508e-02,-6.850805831532e-02,-3.261731541884e-02,-3.901430013996e-02,-2.228652482596e-05,1.097182760663e-04,6.771799904906e+01
-3.205479056988e-02,-9.645371464753e-02,-4.119804209978e-02,-6.834384257781e-02,-3.251910628411e-02,-3.890654989574e-02,-2.752909862810e-06,8.809311560993e-05,6.804877562297e+01
-3.198765194356e-02,-9.625772000099e-02,-4.109084356447e-02,-6.818000817407e-02,-3.242122252933e-02,-3.879907858835e-02,-5.854447637254e-05,-3.602737007541e-05,6.838116791416e+01
-3.192065585889e-02,-9.606212850956e-02,-4.098395580631e-02,-6.801655441608e-02,-3.232366299376e-02,-3.869188533799e-02,-1.317979242084e-05,7.907875452507e-05,6.871518381481e+01
-3.185380188285e-02,-9.586693936420e-02,-4.087737776378e-02,-6.785348055143e-02,-3.222642543609e-02,-3.858497100834e-02,6.265847087825e-06,-1.002535534052e-04,6.905083125562e+01
-3.178708982248e-02,-9.567215164741e-02,-4.077110830545e-02,-6.769078588725e-02,-3.212950903997e-02,-3.847833432072e-02,8.860953366161e-06,-1.611082430211e-04,6.938811820604e+01
-3.172051967516e-02,-9.547776427640e-02,-4.066514673749e-02,-6.752846902043e-02,-3.203291362690e-02,-3.837197309396e-02,2.353472738399e-06,-9.413890953595e-05,6.972705267446e+01
-3.165409077161e-02,-9.528377668968e-02,-4.055949129229e-02,-6.736652995235e-02,-3.193663609890e-02,-3.826588962406e-02,-4.166443944483e-06,-1.222156890382e-04,7.006764270837e+01
-3.158780312654e-02,-9.509018779574e-02,-4.045414141648e-02,-6.720496738022e-02,-3.184067649529e-02,-3.816008120255e-02,2.077218053940e-05,-9.232080239734e-05,7.040989639457e+01
-3.152165635214e-02,-9.489699682640e-02,-4.034909567398e-02,-6.704378074382e-02,-3.174503287760e-02,-3.805454834613e-02,-5.913617875959e-05,-5.256549223074e-05,7.075382185937e+01
-3.145565020663e-02,-9.470420289586e-02,-4.024435314113e-02,-6.688296923587e-02,-3.164970384513e-02,-3.794929062374e-02,-2.629581676163e-05,-9.709224650449e-05,7.109942726878e+01
-3.138978446086e-02,-9.451180508524e-02,-4.013991269982e-02,-6.672253198990e-02,-3.155468882068e-02,-3.784430680216e-02,2.235891127799e-05,-7.665912438166e-05,7.144672082867e+01
-3.132405882168e-02,-9.431980259978e-02,-4.003577318258e-02,-6.656246834938e-02,-3.145998588147e-02,-3.773959684018e-02,2.936433072508e-06,-1.174573229003e-04,7.179571078503e+01
-3.125847304878e-02,-9.412819452086e-02,-3.993193377565e-02,-6.640277730984e-02,-3.136559411306e-02,-3.763515999584e-02,-1.562838913889e-05,-1.125244018000e-04,7.214640542409e+01
-3.119302691488e-02,-9.393697996131e-02,-3.982839330006e-02,-6.624345816801e-02,-3.127151252121e-02,-3.753099525492e-02,6.047710891601e-21,9.876661410966e-05,7.249881307259e+01
-3.112772003978e-02,-9.374615816493e-02,-3.972515049566e-02,-6.608451036028e-02,-3.117773923224e-02,-3.742710314186e-02,3.038535787692e-05,-4.861657260307e-05,7.285294209792e+01
-3.106255228418e-02,-9.355572815923e-02,-3.962220470512e-02,-6.592593265744e-02,-3.108427394513e-02,-3.732348162022e-02,-1.393699497845e-05,1.300786197989e-04,7.320880090834e+01
-3.099752324025e-02,-9.336568927629e-02,-3.951955434032e-02,-6.576772495958e-02,-3.099111404139e-02,-3.722013220105e-02,-1.941305370569e-05,5.176814321519e-05,7.356639795321e+01
-3.093263265883e-02,-9.317604055029e-02,-3.941719858854e-02,-6.560988608026e-02,-3.089825876234e-02,-3.711705376613e-02,2.441242299341e-05,-1.427187805768e-04,7.392574172313e+01
-3.086788055852e-02,-9.298678096627e-02,-3.931513701274e-02,-6.545241474416e-02,-3.080570856694e-02,-3.701424309896e-02,-4.605724574730e-06,9.211449149460e-05,7.428684075018e+01
-3.080326634207e-02,-9.279790995731e-02,-3.921336761792e-02,-6.529531108909e-02,-3.071346001467e-02,-3.691170323046e-02,2.545657374845e-05,-1.179041310454e-04,7.464970360813e+01
-3.073878992587e-02,-9.260942649308e-02,-3.911189001719e-02,-6.513857367839e-02,-3.062151338548e-02,-3.680943136552e-02,1.658806187273e-05,-6.635224749094e-05,7.501433891262e+01
-3.067445100915e-02,-9.242132980701e-02,-3.901070298707e-02,-6.498220194219e-02,-3.052986706472e-02,-3.670742720410e-02,-2.142475455496e-05,1.142653576265e-04,7.538075532137e+01
-3.061024916234e-02,-9.223361917898e-02,-3.890980507977e-02,-6.482619563732e-02,-3.043851837698e-02,-3.660569285088e-02,1.328111639809e-05,-1.562484282128e-04,7.574896153440e+01
-3.054618438245e-02,-9.204629350630e-02,-3.880919616449e-02,-6.467055295262e-02,-3.034746896766e-02,-3.650422346415e-02,2.391434838545e-05,-1.304419002842e-04,7.611896629422e+01
-3.048225626107e-02,-9.185935212029e-02,-3.870887468145e-02,-6.451527376464e-02,-3.025671586824e-02,-3.640302112650e-02,1.529280353892e-05,-1.310811731907e-04,7.649077838603e+01
-3.041846457393e-02,-9.167279416948e-02,-3.860883971764e-02,-6.436035718186e-02,-3.016625845327e-02,-3.630208437955e-02,2.128600977408e-05,-1.135253854618e-04,7.686440663798e+01
-3.035480900275e-02,-9.148661882718e-02,-3.850909016386e-02,-6.420580252604e-02,-3.007609475338e-02,-3.620141392680e-02,1.081389454233e-05,-1.441852605645e-04,7.723985992130e+01
-3.029128943434e-02,-9.130082516685e-02,-3.840962535963e-02,-6.405160868297e-02,-2.998622525879e-02,-3.610100684102e-02,9.055248351265e-06,-9.055248351265e-05,7.761714715058e+01
-3.022790547955e-02,-9.111541246159e-02,-3.831044405644e-02,-6.389777511471e-02,-2.989664775405e-02,-3.600086415545e-02,-2.071795724802e-05,1.325949263873e-04,7.799627728395e+01
-3.016465676848e-02,-9.093037997613e-02,-3.821154502552e-02,-6.374430145745e-02,-2.980736028268e-02,-3.590098644662e-02,-9.025880241347e-06,-9.025880241347e-05,7.837725932329e+01
-3.010154312666e-02,-9.074572679942e-02,-3.811292752547e-02,-6.359118651683e-02,-2.971836279489e-02,-3.580137168497e-02,6.240673967706e-06,-1.331343779777e-04,7.876010231444e+01
-3.003856450093e-02,-9.056145194176e-02,-3.801459106800e-02,-6.343842905895e-02,-2.962965492315e-02,-3.570201795023e-02,-2.079448314684e-05,1.346690337129e-04,7.914481534746e+01
-2.997572027801e-02,-9.037755488656e-02,-3.791653387096e-02,-6.328602928711e-02,-2.954123339401e-02,-3.560292791428e-02,9.939716644137e-06,9.542127978371e-05,7.953140755678e+01
-2.991301034687e-02,-9.019403469444e-02,-3.781875521482e-02,-6.313398597715e-02,-2.945309846711e-02,-3.550409934526e-02,5.386865527897e-06,-1.005548231874e-04,7.991988812146e+01
-2.985043444379e-02,-9.001089055558e-02,-3.772125415769e-02,-6.298229854090e-02,-2.936524865296e-02,-3.540553189292e-02,1.977545317192e-05,-1.485176891279e-04,8.031026626540e+01
-2.978799241513e-02,-8.982812154643e-02,-3.762403000716e-02,-6.283096573170e-02,-2.927768368843e-02,-3.530722387141e-02,1.682638257770e-05,-1.416958532859e-04,8.070255125754e+01
-2.972568381826e-02,-8.964572698513e-02,-3.752708167173e-02,-6.267998708891e-02,-2.919040151397e-02,-3.520917590830e-02,2.126936760060e-05,-1.361239526438e-04,8.109675241211e+01
-2.966350850745e-02,-8.946370604187e-02,-3.743040816478e-02,-6.252936182783e-02,-2.910340178184e-02,-3.511138673255e-02,-9.040544348084e-06,-1.084865321770e-04,8.149287908883e+01
-2.960146616249e-02,-8.928205786557e-02,-3.733400845779e-02,-6.237908930005e-02,-2.901668265087e-02,-3.501385662452e-02,1.126778867339e-05,-1.081707712645e-04,8.189094069315e+01
-2.953955647534e-02,-8.910078180213e-02,-3.723788147387e-02,-6.222916885977e-02,-2.893024323012e-02,-3.491658484112e-02,7.065961020760e-06,-1.413192204152e-04,8.229094667645e+01
-2.947777938557e-02,-8.891987677379e-02,-3.714202687243e-02,-6.207959908375e-02,-2.884408347365e-02,-3.481956931457e-02,-4.106811234272e-05,9.386997106906e-05,8.269290653627e+01
-2.941613433958e-02,-8.873934226804e-02,-3.704644309461e-02,-6.193038001807e-02,-2.875820066422e-02,-3.472281191753e-02,-1.211747127777e-05,1.034024215703e-04,8.309682981656e+01
-2.935462117123e-02,-8.855917742783e-02,-3.695112919914e-02,-6.178151076695e-02,-2.867259418283e-02,-3.462631140819e-02,1.129786451635e-05,-1.032947612923e-04,8.350272610787e+01
-2.929323970594e-02,-8.837938136831e-02,-3.685608462917e-02,-6.163299029390e-02,-2.858726348568e-02,-3.453006635201e-02,2.090971679083e-06,-1.115184895511e-04,8.391060504762e+01
-2.923198958823e-02,-8.819995334216e-02,-3.676130833785e-02,-6.148481791823e-02,-2.850220743966e-02,-3.443407646246e-02,1.773852016208e-05,-1.174412369352e-04,8.432047632027e+01
-2.917087070095e-02,-8.802089248159e-02,-3.666679951919e-02,-6.133699273912e-02,-2.841742520287e-02,-3.433834081725e-02,-1.400162481727e-05,6.400742773609e-05,8.473234965763e+01
-2.910988245585e-02,-8.784219827744e-02,-3.657255669311e-02,-6.118951475555e-02,-2.833291421432e-02,-3.424286110120e-02,1.665278350429e-05,-1.576916642039e-04,8.514623483900e+01
-2.904902507150e-02,-8.766386947745e-02,-3.647858008309e-02,-6.104238182245e-02,-2.824867623594e-02,-3.414763253389e-02,2.817691411379e-05,7.840532622967e-05,8.556214169149e+01
-2.898829790740e-02,-8.748590568941e-02,-3.638486766263e-02,-6.089559449017e-02,-2.816470790211e-02,-3.405265817554e-02,-2.194310055256e-05,9.158859361070e-05,8.598008009018e+01
-2.892770072707e-02,-8.730830603779e-02,-3.629141902271e-02,-6.074915151658e-02,-2.808100875216e-02,-3.395793642776e-02,-1.752670068948e-05,8.012206029476e-05,8.640005995839e+01
-2.886723342571e-02,-8.713106967205e-02,-3.619823324696e-02,-6.060305211377e-02,-2.799757817985e-02,-3.386346629515e-02,-1.439598612690e-05,1.197746045758e-04,8.682209126793e+01
-2.880689558057e-02,-8.695419592188e-02,-3.610530913765e-02,-6.045729593821e-02,-2.791441420692e-02,-3.376924844617e-02,3.866719179286e-06,-9.280126030287e-05,8.724618403931e+01
-2.874668702990e-02,-8.677768396922e-02,-3.601264608074e-02,-6.031188184756e-02,-2.783151656173e-02,-3.367528145066e-02,1.648076522962e-05,-1.278507848116e-04,8.767234834198e+01
-2.868660750299e-02,-8.660153294727e-02,-3.592024337592e-02,-6.016680895481e-02,-2.774888472849e-02,-3.358156385958e-02,4.411933114772e-06,-1.058863947545e-04,8.810059429458e+01
-2.862665688321e-02,-8.642574205180e-02,-3.582810019565e-02,-6.002207644710e-02,-2.766651798283e-02,-3.348809479347e-02,-1.635719054947e-05,1.460735156046e-04,8.853093206518e+01
-2.856683446250e-02,-8.625031086361e-02,-3.573621472753e-02,-5.987768462472e-02,-2.758441258721e-02,-3.339487762425e-02,1.695356952050e-05,-1.085028449312e-04,8.896337187150e+01
-2.850714039316e-02,-8.607523822993e-02,-3.564458725377e-02,-5.973363146771e-02,-2.750257066970e-02,-3.330190720101e-02,-1.707172039438e-05,9.104917543667e-05,8.939792398119e+01
-2.844757428430e-02,-8.590052356532e-02,-3.555321623413e-02,-5.958991704687e-02,-2.742098981074e-02,-3.320918528672e-02,-2.348851192419e-05,7.046553577257e-05,8.983459871204e+01
-2.838813586219e-02,-8.572616606863e-02,-3.546210109273e-02,-5.944654016187e-02,-2.733966919572e-02,-3.311671072592e-02,-4.489292204050e-05,8.450432384095e-05,9.027340643226e+01
-2.832882471769e-02,-8.555216507084e-02,-3.537124058211e-02,-5.930350064117e-02,-2.725860738284e-02,-3.302448395369e-02,1.866140407654e-05,-1.176233953915e-04,9.071435756067e+01
-2.826964095314e-02,-8.537851960383e-02,-3.528063445501e-02,-5.916079695346e-02,-2.717780483750e-02,-3.293250221745e-02,3.254821877626e-05,4.339762503502e-05,9.115746256701e+01
-2.821058398867e-02,-8.520522907485e-02,-3.519028144013e-02,-5.901842896609e-02,-2.709725921479e-02,-3.284076674151e-02,1.736930047335e-05,6.175751279413e-05,9.160273197215e+01
-2.815165364213e-02,-8.503229271772e-02,-3.510018066508e-02,-5.887639584623e-02,-2.701696989587e-02,-3.274927685876e-02,5.693262664267e-06,-9.109220262828e-05,9.205017634835e+01
-2.809284975973e-02,-8.485970969160e-02,-3.501033152658e-02,-5.873469664526e-02,-2.693693647328e-02,-3.265803087802e-02,1.111401034509e-05,7.903296245395e-05,9.249980631952e+01
-2.803417196977e-02,-8.468747930493e-02,-3.492073305598e-02,-5.859333076351e-02,-2.685715740665e-02,-3.256702918583e-02,-2.001294637678e-05,1.100712050723e-04,9.295163256145e+01
-2.797561991299e-02,-8.451560094635e-02,-3.483138399905e-02,-5.845229804140e-02,-2.677763068245e-02,-3.247627283270e-02,1.929969222508e-06,-1.420457347766e-04,9.340566580209e+01
-2.791719350874e-02,-8.434407365205e-02,-3.474228424397e-02,-5.831159678978e-02,-2.669835751251e-02,-3.238575814945e-02,5.884406490371e-06,-1.495331531671e-04,9.386191682178e+01
-2.785889255706e-02,-8.417289667350e-02,-3.465343276604e-02,-5.817122657504e-02,-2.661933645177e-02,-3.229548512791e-02,-1.702765486951e-05,-1.191935840866e-04,9.432039645352e+01
-2.780071661862e-02,-8.400206933703e-02,-3.456482864925e-02,-5.803118664387e-02,-2.654056638365e-02,-3.220545380706e-02,-2.560661404144e-05,1.050527755546e-04,9.478111558324e+01
-2.774266536699e-02,-8.383159106112e-02,-3.447647059676e-02,-5.789147700486e-02,-2.646204478871e-02,-3.211566559702e-02,2.059997788617e-05,-1.289737745917e-04,9.524408515003e+01
-2.768473884638e-02,-8.366146081481e-02,-3.438835862117e-02,-5.775209588235e-02,-2.638377326195e-02,-3.202611642624e-02,2.694634374294e-05,-6.807497366636e-05,9.570931614642e+01
-2.762693651045e-02,-8.349167811115e-02,-3.430049120296e-02,-5.761304338890e-02,-2.630574871459e-02,-3.193680883078e-02,1.947472163371e-06,-1.246382184557e-04,9.617681961862e+01
-2.756925834103e-02,-8.332224194725e-02,-3.421286831116e-02,-5.747431792523e-02,-2.622797257326e-02,-3.184773900479e-02,7.775679309831e-21,1.269864799425e-04,9.664660666681e+01
-2.751170369620e-02,-8.315315194860e-02,-3.412548803810e-02,-5.733591996758e-02,-2.615044091209e-02,-3.175891067049e-02,6.630578322422e-06,-1.060892531587e-04,9.711868844539e+01
-2.745427266693e-02,-8.298440711748e-02,-3.403835044573e-02,-5.719784784887e-02,-2.607315512196e-02,-3.167031984300e-02,-4.235426612773e-06,-1.185919451577e-04,9.759307616324e+01
-2.739696506262e-02,-8.281600662681e-02,-3.395145481077e-02,-5.706010069870e-02,-2.599611450867e-02,-3.158196556767e-02,-2.121339337998e-05,1.344849089749e-04,9.806978108399e+01
-2.733978016342e-02,-8.264795013936e-02,-3.386479943556e-02,-5.692267891246e-02,-2.591931580234e-02,-3.149385105414e-02,2.022422899956e-05,-7.613827388069e-05,9.854881452630e+01
-2.728271818867e-02,-8.248023658238e-02,-3.377838431848e-02,-5.678558080701e-02,-2.584276031391e-02,-3.140597244617e-02,-3.057711298870e-06,4.892338078192e-05,9.903018786410e+01
-2.722577861537e-02,-8.231286536273e-02,-3.369220845604e-02,-5.664880594756e-02,-2.576644635162e-02,-3.131833007932e-02,4.990588484080e-05,0.000000000000e+00,9.951391252689e+01
-2.716896128251e-02,-8.214583574772e-02,-3.360627094405e-02,-5.651235372980e-02,-2.569037310374e-02,-3.123092373483e-02,-3.008320243526e-05,-5.662720458402e-05,1.000000000000e+02
