ft,spinup_g0.2_re,spinup_g0.2_im,spinup_g0.5_re,spinup_g0.5_im,spinup_g0.8_re,spinup_g0.8_im,spinup_g1.0_re,spinup_g1.0_im
1.000000000000e-03,3.292636421555e-01,8.817551412794e-02,9.699554476844e-02,5.596807669987e-02,4.015421405900e-02,3.367233738824e-02,2.523973313821e-02,2.522291225593e-02
1.009259530532e-03,3.297699471458e-01,8.831063312254e-02,9.729413308154e-02,5.614006701548e-02,4.031913587015e-02,3.381044111550e-02,2.535639610908e-02,2.533934105662e-02
1.018604799970e-03,3.302770317550e-01,8.844595512315e-02,9.759364176536e-02,5.631258376471e-02,4.048473594435e-02,3.394911019219e-02,2.547359904562e-02,2.545630656300e-02
1.028036602216e-03,3.307848971953e-01,8.858148039085e-02,9.789407367173e-02,5.648562853298e-02,4.065101708301e-02,3.408834691830e-02,2.559134445712e-02,2.557381123899e-02
1.037555738522e-03,3.312935446807e-01,8.871720918659e-02,9.819543166149e-02,5.665920291010e-02,4.081798209929e-02,3.422815360298e-02,2.570963486467e-02,2.569185755965e-02
1.047163017562e-03,3.318029754274e-01,8.885314177112e-02,9.849771860455e-02,5.683330849038e-02,4.098563381811e-02,3.436853256460e-02,2.582847280122e-02,2.581044801128e-02
1.056859255495e-03,3.323131906536e-01,8.898927840506e-02,9.880093737988e-02,5.700794687259e-02,4.115397507622e-02,3.450948613074e-02,2.594786081164e-02,2.592958509144e-02
1.066645276039e-03,3.328241915793e-01,8.912561934886e-02,9.910509087557e-02,5.718311965997e-02,4.132300872229e-02,3.465101663826e-02,2.606780145277e-02,2.604927130901e-02
1.076521910540e-03,3.333359794268e-01,8.926216486276e-02,9.941018198886e-02,5.735882846026e-02,4.149273761689e-02,3.479312643331e-02,2.618829729348e-02,2.616950918424e-02
1.086489998039e-03,3.338485554203e-01,8.939891520687e-02,9.971621362616e-02,5.753507488567e-02,4.166316463260e-02,3.493581787138e-02,2.630935091474e-02,2.629030124877e-02
1.096550385349e-03,3.343619207861e-01,8.953587064107e-02,1.000231887031e-01,5.771186055294e-02,4.183429265403e-02,3.507909331733e-02,2.643096490967e-02,2.641165004574e-02
1.106703927122e-03,3.348760767524e-01,8.967303142506e-02,1.003311101445e-01,5.788918708329e-02,4.200612457788e-02,3.522295514542e-02,2.655314188358e-02,2.653355812977e-02
1.116951485925e-03,3.353910245497e-01,8.981039781833e-02,1.006399808845e-01,5.806705610249e-02,4.217866331303e-02,3.536740573934e-02,2.667588445409e-02,2.665602806707e-02
1.127293932312e-03,3.359067654103e-01,8.994797008019e-02,1.009498038665e-01,5.824546924080e-02,4.235191178051e-02,3.551244749227e-02,2.679919525110e-02,2.677906243543e-02
1.137732144897e-03,3.364233005686e-01,9.008574846969e-02,1.012605820434e-01,5.842442813305e-02,4.252587291366e-02,3.565808280689e-02,2.692307691693e-02,2.690266382435e-02
1.148267010430e-03,3.369406312613e-01,9.022373324569e-02,1.015723183771e-01,5.860393441859e-02,4.270054965807e-02,3.580431409540e-02,2.704753210635e-02,2.702683483502e-02
1.158899423872e-03,3.374587587269e-01,9.036192466681e-02,1.018850158392e-01,5.878398974132e-02,4.287594497175e-02,3.595114377962e-02,2.717256348663e-02,2.715157808037e-02
1.169630288471e-03,3.379776842060e-01,9.050032299143e-02,1.021986774108e-01,5.896459574971e-02,4.305206182509e-02,3.609857429094e-02,2.729817373762e-02,2.727689618520e-02
1.180460515839e-03,3.384974089414e-01,9.063892847769e-02,1.025133060821e-01,5.914575409678e-02,4.322890320095e-02,3.624660807041e-02,2.742436555180e-02,2.740279178613e-02
1.191391026027e-03,3.390179341780e-01,9.077774138348e-02,1.028289048531e-01,5.932746644015e-02,4.340647209474e-02,3.639524756878e-02,2.755114163435e-02,2.752926753173e-02
1.202422747608e-03,3.395392611625e-01,9.091676196642e-02,1.031454767333e-01,5.950973444198e-02,4.358477151443e-02,3.654449524649e-02,2.767850470319e-02,2.765632608252e-02
1.213556617752e-03,3.400613911440e-01,9.105599048388e-02,1.034630247416e-01,5.969255976906e-02,4.376380448064e-02,3.669435357375e-02,2.780645748909e-02,2.778397011105e-02
1.224793582307e-03,3.405843253737e-01,9.119542719295e-02,1.037815519067e-01,5.987594409275e-02,4.394357402667e-02,3.684482503054e-02,2.793500273569e-02,2.791220230193e-02
1.236134595878e-03,3.411080651046e-01,9.133507235042e-02,1.041010612667e-01,6.005988908902e-02,4.412408319859e-02,3.699591210668e-02,2.806414319956e-02,2.804102535193e-02
1.247580621910e-03,3.416326115922e-01,9.147492621283e-02,1.044215558695e-01,6.024439643847e-02,4.430533505525e-02,3.714761730184e-02,2.819388165030e-02,2.817044196995e-02
1.259132632770e-03,3.421579660937e-01,9.161498903638e-02,1.047430387727e-01,6.042946782629e-02,4.448733266838e-02,3.729994312559e-02,2.832422087059e-02,2.830045487716e-02
1.270791609827e-03,3.426841298688e-01,9.175526107699e-02,1.050655130437e-01,6.061510494231e-02,4.467007912261e-02,3.745289209742e-02,2.845516365623e-02,2.843106680699e-02
1.282558543538e-03,3.432111041790e-01,9.189574259026e-02,1.053889817594e-01,6.080130948099e-02,4.485357751558e-02,3.760646674680e-02,2.858671281623e-02,2.856228050521e-02
1.294434433532e-03,3.437388902883e-01,9.203643383148e-02,1.057134480068e-01,6.098808314145e-02,4.503783095791e-02,3.776066961318e-02,2.871887117288e-02,2.869409872997e-02
1.306420288691e-03,3.442674894624e-01,9.217733505559e-02,1.060389148824e-01,6.117542762742e-02,4.522284257337e-02,3.791550324606e-02,2.885164156178e-02,2.882652425188e-02
1.318517127242e-03,3.447969029694e-01,9.231844651720e-02,1.063653854930e-01,6.136334464733e-02,4.540861549883e-02,3.807097020502e-02,2.898502683195e-02,2.895955985403e-02
1.330725976838e-03,3.453271320796e-01,9.245976847059e-02,1.066928629550e-01,6.155183591423e-02,4.559515288439e-02,3.822707305974e-02,2.911902984587e-02,2.909320833206e-02
1.343047874651e-03,3.458581780653e-01,9.260130116966e-02,1.070213503946e-01,6.174090314587e-02,4.578245789342e-02,3.838381439004e-02,2.925365347954e-02,2.922747249421e-02
1.355483867452e-03,3.463900422009e-01,9.274304486795e-02,1.073508509484e-01,6.193054806465e-02,4.597053370261e-02,3.854119678594e-02,2.938890062257e-02,2.936235516138e-02
1.368035011709e-03,3.469227257631e-01,9.288499981866e-02,1.076813677626e-01,6.212077239769e-02,4.615938350202e-02,3.869922284765e-02,2.952477417825e-02,2.949785916717e-02
1.380702373669e-03,3.474562300308e-01,9.302716627456e-02,1.080129039936e-01,6.231157787676e-02,4.634901049517e-02,3.885789518567e-02,2.966127706356e-02,2.963398735797e-02
1.393487029454e-03,3.479905562849e-01,9.316954448806e-02,1.083454628080e-01,6.250296623834e-02,4.653941789908e-02,3.901721642076e-02,2.979841220934e-02,2.977074259294e-02
1.406390065149e-03,3.485257058086e-01,9.331213471118e-02,1.086790473823e-01,6.269493922364e-02,4.673060894433e-02,3.917718918402e-02,2.993618256024e-02,2.990812774417e-02
1.419412576897e-03,3.490616798873e-01,9.345493719550e-02,1.090136609033e-01,6.288749857853e-02,4.692258687513e-02,3.933781611692e-02,3.007459107489e-02,3.004614569662e-02
1.432555670991e-03,3.495984798085e-01,9.359795219221e-02,1.093493065678e-01,6.308064605364e-02,4.711535494936e-02,3.949909987131e-02,3.021364072591e-02,3.018479934827e-02
1.445820463966e-03,3.501361068619e-01,9.374117995207e-02,1.096859875830e-01,6.327438340429e-02,4.730891643867e-02,3.966104310951e-02,3.035333450001e-02,3.032409161014e-02
1.459208082696e-03,3.506745623395e-01,9.388462072538e-02,1.100237071662e-01,6.346871239056e-02,4.750327462850e-02,3.982364850428e-02,3.049367539802e-02,3.046402540631e-02
1.472719664490e-03,3.512138475354e-01,9.402827476202e-02,1.103624685452e-01,6.366363477723e-02,4.769843281816e-02,3.998691873892e-02,3.063466643502e-02,3.060460367404e-02
1.486356357189e-03,3.517539637459e-01,9.417214231141e-02,1.107022749578e-01,6.385915233386e-02,4.789439432090e-02,4.015085650725e-02,3.077631064034e-02,3.074582936378e-02
1.500119319260e-03,3.522949122696e-01,9.431622362250e-02,1.110431296526e-01,6.405526683471e-02,4.809116246395e-02,4.031546451370e-02,3.091861105771e-02,3.088770543925e-02
1.514009719898e-03,3.528366944072e-01,9.446051894376e-02,1.113850358882e-01,6.425198005884e-02,4.828874058860e-02,4.048074547330e-02,3.106157074526e-02,3.103023487746e-02
1.528028739126e-03,3.533793114619e-01,9.460502852319e-02,1.117279969338e-01,6.444929379005e-02,4.848713205027e-02,4.064670211177e-02,3.120519277563e-02,3.117342066883e-02
1.542177567890e-03,3.539227647388e-01,9.474975260828e-02,1.120720160691e-01,6.464720981688e-02,4.868634021856e-02,4.081333716550e-02,3.134948023603e-02,3.131726581717e-02
1.556457408166e-03,3.544670555454e-01,9.489469144603e-02,1.124170965842e-01,6.484572993269e-02,4.888636847730e-02,4.098065338161e-02,3.149443622833e-02,3.146177333982e-02
1.570869473058e-03,3.550121851914e-01,9.503984528290e-02,1.127632417799e-01,6.504485593557e-02,4.908722022464e-02,4.114865351802e-02,3.164006386911e-02,3.160694626761e-02
1.585414986906e-03,3.555581549889e-01,9.518521436485e-02,1.131104549675e-01,6.524458962842e-02,4.928889887311e-02,4.131734034344e-02,3.178636628973e-02,3.175278764502e-02
1.600095185384e-03,3.561049662520e-01,9.533079893729e-02,1.134587394690e-01,6.544493281892e-02,4.949140784968e-02,4.148671663741e-02,3.193334663644e-02,3.189930053015e-02
1.614911315607e-03,3.566526202972e-01,9.547659924508e-02,1.138080986168e-01,6.564588731953e-02,4.969475059582e-02,4.165678519040e-02,3.208100807042e-02,3.204648799483e-02
1.629864636241e-03,3.572011184433e-01,9.562261553253e-02,1.141585357543e-01,6.584745494753e-02,4.989893056756e-02,4.182754880375e-02,3.222935376785e-02,3.219435312466e-02
1.644956417603e-03,3.577504620114e-01,9.576884804338e-02,1.145100542356e-01,6.604963752498e-02,5.010395123557e-02,4.199901028979e-02,3.237838692004e-02,3.234289901907e-02
1.660187941776e-03,3.583006523247e-01,9.591529702078e-02,1.148626574254e-01,6.625243687876e-02,5.030981608524e-02,4.217117247185e-02,3.252811073342e-02,3.249212879138e-02
1.675560502712e-03,3.588516907089e-01,9.606196270729e-02,1.152163486993e-01,6.645585484056e-02,5.051652861670e-02,4.234403818427e-02,3.267852842971e-02,3.264204556884e-02
1.691075406345e-03,3.594035784919e-01,9.620884534488e-02,1.155711314439e-01,6.665989324688e-02,5.072409234493e-02,4.251761027248e-02,3.282964324589e-02,3.279265249273e-02
1.706733970703e-03,3.599563170038e-01,9.635594517489e-02,1.159270090565e-01,6.686455393906e-02,5.093251079982e-02,4.269189159301e-02,3.298145843440e-02,3.294395271836e-02
1.722537526015e-03,3.605099075772e-01,9.650326243805e-02,1.162839849453e-01,6.706983876326e-02,5.114178752620e-02,4.286688501356e-02,3.313397726310e-02,3.309594941520e-02
1.738487414830e-03,3.610643515469e-01,9.665079737443e-02,1.166420625298e-01,6.727574957045e-02,5.135192608397e-02,4.304259341299e-02,3.328720301543e-02,3.324864576686e-02
1.754584992127e-03,3.616196502501e-01,9.679855022346e-02,1.170012452401e-01,6.748228821646e-02,5.156293004812e-02,4.321901968140e-02,3.344113899045e-02,3.340204497121e-02
1.770831625433e-03,3.621758050261e-01,9.694652122392e-02,1.173615365176e-01,6.768945656195e-02,5.177480300881e-02,4.339616672014e-02,3.359578850293e-02,3.355615024043e-02
1.787228694936e-03,3.627328172169e-01,9.709471061391e-02,1.177229398147e-01,6.789725647242e-02,5.198754857144e-02,4.357403744187e-02,3.375115488341e-02,3.371096480103e-02
1.803777593604e-03,3.632906881664e-01,9.724311863083e-02,1.180854585950e-01,6.810568981822e-02,5.220117035674e-02,4.375263477060e-02,3.390724147832e-02,3.386649189396e-02
1.820479727306e-03,3.638494192213e-01,9.739174551139e-02,1.184490963332e-01,6.831475847456e-02,5.241567200081e-02,4.393196164169e-02,3.406405165001e-02,3.402273477464e-02
1.837336514924e-03,3.644090117303e-01,9.754059149159e-02,1.188138565153e-01,6.852446432150e-02,5.263105715520e-02,4.411202100193e-02,3.422158877689e-02,3.417969671302e-02
1.854349388482e-03,3.649694670446e-01,9.768965680671e-02,1.191797426385e-01,6.873480924395e-02,5.284732948698e-02,4.429281580956e-02,3.437985625345e-02,3.433738099365e-02
1.871519793262e-03,3.655307865178e-01,9.783894169129e-02,1.195467582112e-01,6.894579513170e-02,5.306449267883e-02,4.447434903433e-02,3.453885749036e-02,3.449579091575e-02
1.888849187929e-03,3.660929715058e-01,9.798844637911e-02,1.199149067533e-01,6.915742387937e-02,5.328255042908e-02,4.465662365749e-02,3.469859591460e-02,3.465492979324e-02
1.906339044655e-03,3.666560233668e-01,9.813817110320e-02,1.202841917960e-01,6.936969738650e-02,5.350150645179e-02,4.483964267188e-02,3.485907496946e-02,3.481480095484e-02
1.923990849244e-03,3.672199434616e-01,9.828811609580e-02,1.206546168820e-01,6.958261755746e-02,5.372136447684e-02,4.502340908194e-02,3.502029811469e-02,3.497540774409e-02
1.941806101256e-03,3.677847331533e-01,9.843828158838e-02,1.210261855653e-01,6.979618630151e-02,5.394212824999e-02,4.520792590375e-02,3.518226882655e-02,3.513675351944e-02
1.959786314138e-03,3.683503938072e-01,9.858866781159e-02,1.213989014115e-01,7.001040553279e-02,5.416380153295e-02,4.539319616510e-02,3.534499059790e-02,3.529884165430e-02
1.977933015350e-03,3.689169267914e-01,9.873927499526e-02,1.217727679979e-01,7.022527717032e-02,5.438638810345e-02,4.557922290548e-02,3.550846693830e-02,3.546167553710e-02
1.996247746496e-03,3.694843334760e-01,9.889010336841e-02,1.221477889130e-01,7.044080313799e-02,5.460989175533e-02,4.576600917613e-02,3.567270137406e-02,3.562525857137e-02
2.014732063455e-03,3.700526152338e-01,9.904115315918e-02,1.225239677573e-01,7.065698536459e-02,5.483431629860e-02,4.595355804012e-02,3.583769744836e-02,3.578959417576e-02
2.033387536510e-03,3.706217734399e-01,9.919242459489e-02,1.229013081428e-01,7.087382578380e-02,5.505966555953e-02,4.614187257235e-02,3.600345872133e-02,3.595468578417e-02
2.052215750488e-03,3.711918094719e-01,9.934391790195e-02,1.232798136933e-01,7.109132633416e-02,5.528594338068e-02,4.633095585959e-02,3.616998877010e-02,3.612053684572e-02
2.071218304889e-03,3.717627247097e-01,9.949563330590e-02,1.236594880443e-01,7.130948895914e-02,5.551315362104e-02,4.652081100052e-02,3.633729118895e-02,3.628715082491e-02
2.090396814022e-03,3.723345205359e-01,9.964757103138e-02,1.240403348432e-01,7.152831560708e-02,5.574130015607e-02,4.671144110580e-02,3.650536958934e-02,3.645453120161e-02
2.109752907145e-03,3.729071983353e-01,9.979973130210e-02,1.244223577490e-01,7.174780823121e-02,5.597038687776e-02,4.690284929807e-02,3.667422760003e-02,3.662268147114e-02
2.129288228604e-03,3.734807594954e-01,9.995211434084e-02,1.248055604329e-01,7.196796878968e-02,5.620041769475e-02,4.709503871199e-02,3.684386886715e-02,3.679160514437e-02
2.149004437969e-03,3.740552054059e-01,1.001047203694e-01,1.251899465778e-01,7.218879924551e-02,5.643139653238e-02,4.728801249432e-02,3.701429705430e-02,3.696130574773e-02
2.168903210176e-03,3.746305374591e-01,1.002575496088e-01,1.255755198789e-01,7.241030156663e-02,5.666332733275e-02,4.748177380391e-02,3.718551584264e-02,3.713178682331e-02
2.188986235672e-03,3.752067570499e-01,1.004106022787e-01,1.259622840429e-01,7.263247772587e-02,5.689621405484e-02,4.767632581176e-02,3.735752893098e-02,3.730305192891e-02
2.209255220555e-03,3.757838655756e-01,1.005638785981e-01,1.263502427892e-01,7.285532970097e-02,5.713006067456e-02,4.787167170107e-02,3.753034003587e-02,3.747510463809e-02
2.229711886724e-03,3.763618644358e-01,1.007173787849e-01,1.267393998488e-01,7.307885947455e-02,5.736487118484e-02,4.806781466725e-02,3.770395289166e-02,3.764794854027e-02
2.250357972017e-03,3.769407550330e-01,1.008711030559e-01,1.271297589652e-01,7.330306903414e-02,5.760064959569e-02,4.826475791800e-02,3.787837125065e-02,3.782158724074e-02
2.271195230367e-03,3.775205387719e-01,1.010250516270e-01,1.275213238938e-01,7.352796037217e-02,5.783739993432e-02,4.846250467331e-02,3.805359888315e-02,3.799602436080e-02
2.292225431947e-03,3.781012170599e-01,1.011792247129e-01,1.279140984026e-01,7.375353548597e-02,5.807512624517e-02,4.866105816551e-02,3.822963957755e-02,3.817126353774e-02
2.313450363320e-03,3.786827913068e-01,1.013336225272e-01,1.283080862717e-01,7.397979637777e-02,5.831383259002e-02,4.886042163932e-02,3.840649714046e-02,3.834730842496e-02
2.334871827594e-03,3.792652629250e-01,1.014882452826e-01,1.287032912935e-01,7.420674505471e-02,5.855352304808e-02,4.906059835189e-02,3.858417539678e-02,3.852416269201e-02
2.356491644571e-03,3.798486333294e-01,1.016430931904e-01,1.290997172729e-01,7.443438352883e-02,5.879420171603e-02,4.926159157281e-02,3.876267818979e-02,3.870183002468e-02
2.378311650902e-03,3.804329039375e-01,1.017981664611e-01,1.294973680273e-01,7.466271381704e-02,5.903587270817e-02,4.946340458419e-02,3.894200938124e-02,3.888031412504e-02
2.400333700249e-03,3.810180761695e-01,1.019534653038e-01,1.298962473865e-01,7.489173794119e-02,5.927854015641e-02,4.966604068066e-02,3.912217285147e-02,3.905961871150e-02
2.422559663434e-03,3.816041514478e-01,1.021089899266e-01,1.302963591927e-01,7.512145792799e-02,5.952220821044e-02,4.986950316945e-02,3.930317249949e-02,3.923974751890e-02
2.444991428603e-03,3.821911311977e-01,1.022647405362e-01,1.306977073009e-01,7.535187580907e-02,5.976688103778e-02,5.007379537038e-02,3.948501224308e-02,3.942070429856e-02
2.467630901387e-03,3.827790168470e-01,1.024207173384e-01,1.311002955787e-01,7.558299362096e-02,6.001256282383e-02,5.027892061595e-02,3.966769601887e-02,3.960249281835e-02
2.490480005061e-03,3.833678098260e-01,1.025769205375e-01,1.315041279064e-01,7.581481340504e-02,6.025925777202e-02,5.048488225135e-02,3.985122778247e-02,3.978511686275e-02
2.513540680707e-03,3.839575115677e-01,1.027333503368e-01,1.319092081767e-01,7.604733720763e-02,6.050697010383e-02,5.069168363448e-02,4.003561150855e-02,3.996858023292e-02
2.536814887384e-03,3.845481235077e-01,1.028900069382e-01,1.323155402956e-01,7.628056707991e-02,6.075570405892e-02,5.089932813603e-02,4.022085119093e-02,4.015288674678e-02
2.560304602288e-03,3.851396470841e-01,1.030468905422e-01,1.327231281816e-01,7.651450507796e-02,6.100546389521e-02,5.110781913952e-02,4.040695084270e-02,4.033804023904e-02
2.584011820925e-03,3.857320837379e-01,1.032040013484e-01,1.331319757661e-01,7.674915326273e-02,6.125625388895e-02,5.131716004127e-02,4.059391449632e-02,4.052404456129e-02
2.607938557276e-03,3.863254349124e-01,1.033613395548e-01,1.335420869935e-01,7.698451370005e-02,6.150807833479e-02,5.152735425054e-02,4.078174620368e-02,4.071090358208e-02
2.632086843973e-03,3.869197020538e-01,1.035189053580e-01,1.339534658212e-01,7.722058846064e-02,6.176094154593e-02,5.173840518947e-02,4.097045003627e-02,4.089862118695e-02
2.656458732468e-03,3.875148866108e-01,1.036766989535e-01,1.343661162195e-01,7.745737962008e-02,6.201484785414e-02,5.195031629322e-02,4.116003008522e-02,4.108720127854e-02
2.681056293209e-03,3.881109900348e-01,1.038347205352e-01,1.347800421718e-01,7.769488925884e-02,6.226980160990e-02,5.216309100990e-02,4.135049046143e-02,4.127664777661e-02
2.705881615814e-03,3.887080137799e-01,1.039929702957e-01,1.351952476749e-01,7.793311946222e-02,6.252580718244e-02,5.237673280069e-02,4.154183529569e-02,4.146696461815e-02
2.730936809252e-03,3.893059593028e-01,1.041514484263e-01,1.356117367383e-01,7.817207232043e-02,6.278286895987e-02,5.259124513985e-02,4.173406873874e-02,4.165815575741e-02
2.756224002019e-03,3.899048280629e-01,1.043101551166e-01,1.360295133851e-01,7.841174992850e-02,6.304099134927e-02,5.280663151477e-02,4.192719496142e-02,4.185022516599e-02
2.781745342319e-03,3.905046215225e-01,1.044690905551e-01,1.364485816516e-01,7.865215438632e-02,6.330017877673e-02,5.302289542597e-02,4.212121815474e-02,4.204317683290e-02
2.807502998249e-03,3.911053411463e-01,1.046282549285e-01,1.368689455873e-01,7.889328779865e-02,6.356043568750e-02,5.324004038719e-02,4.231614253001e-02,4.223701476465e-02
2.833499157980e-03,3.917069884018e-01,1.047876484221e-01,1.372906092553e-01,7.913515227506e-02,6.382176654605e-02,5.345806992540e-02,4.251197231893e-02,4.243174298527e-02
2.859736029946e-03,3.923095647594e-01,1.049472712198e-01,1.377135767319e-01,7.937774992999e-02,6.408417583618e-02,5.367698758084e-02,4.270871177372e-02,4.262736553640e-02
2.886215843029e-03,3.929130716921e-01,1.051071235039e-01,1.381378521071e-01,7.962108288268e-02,6.434766806109e-02,5.389679690707e-02,4.290636516720e-02,4.282388647740e-02
2.912940846750e-03,3.935175106755e-01,1.052672054549e-01,1.385634394843e-01,7.986515325723e-02,6.461224774349e-02,5.411750147099e-02,4.310493679291e-02,4.302130988533e-02
2.939913311459e-03,3.941228831881e-01,1.054275172522e-01,1.389903429806e-01,8.010996318255e-02,6.487791942569e-02,5.433910485289e-02,4.330443096523e-02,4.321963985511e-02
2.967135528529e-03,3.947291907112e-01,1.055880590731e-01,1.394185667267e-01,8.035551479233e-02,6.514468766968e-02,5.456161064650e-02,4.350485201948e-02,4.341888049951e-02
2.994609810548e-03,3.953364347289e-01,1.057488310936e-01,1.398481148670e-01,8.060181022512e-02,6.541255705726e-02,5.478502245900e-02,4.370620431202e-02,4.361903594929e-02
3.022338491521e-03,3.959446167277e-01,1.059098334880e-01,1.402789915597e-01,8.084885162424e-02,6.568153219010e-02,5.500934391107e-02,4.390849222039e-02,4.382011035320e-02
3.050323927061e-03,3.965537381975e-01,1.060710664286e-01,1.407112009767e-01,8.109664113780e-02,6.595161768986e-02,5.523457863694e-02,4.411172014339e-02,4.402210787810e-02
3.078568494597e-03,3.971638006304e-01,1.062325300865e-01,1.411447473038e-01,8.134518091870e-02,6.622281819825e-02,5.546073028443e-02,4.431589250122e-02,4.422503270901e-02
3.107074593568e-03,3.977748055217e-01,1.063942246308e-01,1.415796347410e-01,8.159447312463e-02,6.649513837717e-02,5.568780251493e-02,4.452101373558e-02,4.442888904916e-02
3.135844645633e-03,3.983867543693e-01,1.065561502287e-01,1.420158675018e-01,8.184451991804e-02,6.676858290881e-02,5.591579900354e-02,4.472708830978e-02,4.463368112009e-02
3.164881094873e-03,3.989996486740e-01,1.067183070460e-01,1.424534498142e-01,8.209532346613e-02,6.704315649569e-02,5.614472343902e-02,4.493412070887e-02,4.483941316171e-02
3.194186408002e-03,3.996134899396e-01,1.068806952465e-01,1.428923859199e-01,8.234688594086e-02,6.731886386083e-02,5.637457952385e-02,4.514211543973e-02,4.504608943235e-02
3.223763074572e-03,4.002282796724e-01,1.070433149921e-01,1.433326800750e-01,8.259920951893e-02,6.759570974779e-02,5.660537097430e-02,4.535107703123e-02,4.525371420886e-02
3.253613607190e-03,4.008440193818e-01,1.072061664429e-01,1.437743365498e-01,8.285229638178e-02,6.787369892081e-02,5.683710152043e-02,4.556101003430e-02,4.546229178665e-02
3.283740541725e-03,4.014607105800e-01,1.073692497574e-01,1.442173596286e-01,8.310614871557e-02,6.815283616492e-02,5.706977490614e-02,4.577191902208e-02,4.567182647978e-02
3.314146437531e-03,4.020783547820e-01,1.075325650917e-01,1.446617536105e-01,8.336076871117e-02,6.843312628598e-02,5.730339488920e-02,4.598380859002e-02,4.588232262101e-02
3.344833877657e-03,4.026969535059e-01,1.076961126004e-01,1.451075228084e-01,8.361615856415e-02,6.871457411084e-02,5.753796524131e-02,4.619668335601e-02,4.609378456189e-02
3.375805469072e-03,4.033165082724e-01,1.078598924359e-01,1.455546715502e-01,8.387232047477e-02,6.899718448742e-02,5.777348974811e-02,4.641054796050e-02,4.630621667282e-02
3.407063842884e-03,4.039370206054e-01,1.080239047487e-01,1.460032041778e-01,8.412925664798e-02,6.928096228484e-02,5.800997220923e-02,4.662540706662e-02,4.651962334312e-02
3.438611654562e-03,4.045584920314e-01,1.081881496874e-01,1.464531250479e-01,8.438696929339e-02,6.956591239346e-02,5.824741643831e-02,4.684126536029e-02,4.673400898108e-02
3.470451584166e-03,4.051809240800e-01,1.083526273985e-01,1.469044385319e-01,8.464546062527e-02,6.985203972506e-02,5.848582626308e-02,4.705812755038e-02,4.694937801409e-02
3.502586336570e-03,4.058043182839e-01,1.085173380262e-01,1.473571490157e-01,8.490473286254e-02,7.013934921290e-02,5.872520552534e-02,4.727599836878e-02,4.716573488863e-02
3.535018641695e-03,4.064286761784e-01,1.086822817131e-01,1.478112609000e-01,8.516478822873e-02,7.042784581182e-02,5.896555808104e-02,4.749488257056e-02,4.738308407039e-02
3.567751254739e-03,4.070539993020e-01,1.088474585992e-01,1.482667786003e-01,8.542562895201e-02,7.071753449839e-02,5.920688780027e-02,4.771478493409e-02,4.760143004434e-02
3.600786956413e-03,4.076802891961e-01,1.090128688226e-01,1.487237065470e-01,8.568725726516e-02,7.100842027098e-02,5.944919856736e-02,4.793571026117e-02,4.782077731478e-02
3.634128553176e-03,4.083075474050e-01,1.091785125192e-01,1.491820491852e-01,8.594967540553e-02,7.130050814987e-02,5.969249428085e-02,4.815766337713e-02,4.804113040540e-02
3.667778877472e-03,4.089357754761e-01,1.093443898226e-01,1.496418109752e-01,8.621288561506e-02,7.159380317738e-02,5.993677885358e-02,4.838064913100e-02,4.826249385941e-02
3.701740787973e-03,4.095649749598e-01,1.095105008644e-01,1.501029963923e-01,8.647689014026e-02,7.188831041797e-02,6.018205621267e-02,4.860467239559e-02,4.848487223954e-02
3.736017169822e-03,4.101951474094e-01,1.096768457738e-01,1.505656099269e-01,8.674169123216e-02,7.218403495831e-02,6.042833029962e-02,4.882973806768e-02,4.870827012813e-02
3.770610934874e-03,4.108262943813e-01,1.098434246775e-01,1.510296560844e-01,8.700729114636e-02,7.248098190748e-02,6.067560507028e-02,4.905585106809e-02,4.893269212724e-02
3.805525021951e-03,4.114584174350e-01,1.100102377001e-01,1.514951393857e-01,8.727369214295e-02,7.277915639699e-02,6.092388449494e-02,4.928301634184e-02,4.915814285866e-02
3.840762397082e-03,4.120915181329e-01,1.101772849640e-01,1.519620643668e-01,8.754089648652e-02,7.307856358095e-02,6.117317255832e-02,4.951123885828e-02,4.938462696403e-02
3.876326053765e-03,4.127255980406e-01,1.103445665888e-01,1.524304355791e-01,8.780890644617e-02,7.337920863614e-02,6.142347325964e-02,4.974052361124e-02,4.961214910487e-02
3.912219013212e-03,4.133606587266e-01,1.105120826921e-01,1.529002575895e-01,8.807772429543e-02,7.368109676218e-02,6.167479061263e-02,4.997087561912e-02,4.984071396270e-02
3.948444324613e-03,4.139967017626e-01,1.106798333887e-01,1.533715349801e-01,8.834735231231e-02,7.398423318159e-02,6.192712864557e-02,5.020229992506e-02,5.007032623904e-02
3.985005065392e-03,4.146337287233e-01,1.108478187911e-01,1.538442723490e-01,8.861779277923e-02,7.428862313993e-02,6.218049140132e-02,5.043480159707e-02,5.030099065556e-02
4.021904341465e-03,4.152717411867e-01,1.110160390094e-01,1.543184743095e-01,8.888904798304e-02,7.459427190591e-02,6.243488293739e-02,5.066838572817e-02,5.053271195409e-02
4.059145287513e-03,4.159107407337e-01,1.111844941508e-01,1.547941454908e-01,8.916112021496e-02,7.490118477150e-02,6.269030732590e-02,5.090305743650e-02,5.076549489671e-02
4.096731067237e-03,4.165507289484e-01,1.113531843203e-01,1.552712905378e-01,8.943401177062e-02,7.520936705209e-02,6.294676865370e-02,5.113882186550e-02,5.099934426584e-02
4.134664873636e-03,4.171917074181e-01,1.115221096201e-01,1.557499141112e-01,8.970772494997e-02,7.551882408653e-02,6.320427102233e-02,5.137568418401e-02,5.123426486426e-02
4.172949929274e-03,4.178336777331e-01,1.116912701497e-01,1.562300208875e-01,8.998226205732e-02,7.582956123733e-02,6.346281854808e-02,5.161364958644e-02,5.147026151525e-02
4.211589486553e-03,4.184766414869e-01,1.118606660060e-01,1.567116155593e-01,9.025762540127e-02,7.614158389071e-02,6.372241536204e-02,5.185272329290e-02,5.170733906260e-02
4.250586827992e-03,4.191206002764e-01,1.120302972832e-01,1.571947028352e-01,9.053381729473e-02,7.645489745677e-02,6.398306561012e-02,5.209291054933e-02,5.194550237071e-02
4.289945266506e-03,4.197655557014e-01,1.122001640727e-01,1.576792874397e-01,9.081084005488e-02,7.676950736960e-02,6.424477345305e-02,5.233421662767e-02,5.218475632465e-02
4.329668145682e-03,4.204115093651e-01,1.123702664631e-01,1.581653741136e-01,9.108869600314e-02,7.708541908738e-02,6.450754306648e-02,5.257664682598e-02,5.242510583024e-02
4.369758840071e-03,4.210584628736e-01,1.125406045402e-01,1.586529676140e-01,9.136738746516e-02,7.740263809253e-02,6.477137864093e-02,5.282020646860e-02,5.266655581411e-02
4.410220755469e-03,4.217064178367e-01,1.127111783870e-01,1.591420727141e-01,9.164691677080e-02,7.772116989182e-02,6.503628438190e-02,5.306490090630e-02,5.290911122378e-02
4.451057329208e-03,4.223553758671e-01,1.128819880835e-01,1.596326942036e-01,9.192728625408e-02,7.804102001649e-02,6.530226450984e-02,5.331073551639e-02,5.315277702771e-02
4.492272030448e-03,4.230053385808e-01,1.130530337068e-01,1.601248368885e-01,9.220849825320e-02,7.836219402240e-02,6.556932326020e-02,5.355771570293e-02,5.339755821541e-02
4.533868360473e-03,4.236563075970e-01,1.132243153310e-01,1.606185055914e-01,9.249055511046e-02,7.868469749011e-02,6.583746488349e-02,5.380584689683e-02,5.364345979746e-02
4.575849852985e-03,4.243082845385e-01,1.133958330272e-01,1.611137051515e-01,9.277345917228e-02,7.900853602507e-02,6.610669364526e-02,5.405513455600e-02,5.389048680563e-02
4.618220074410e-03,4.249612710310e-01,1.135675868636e-01,1.616104404247e-01,9.305721278917e-02,7.933371525768e-02,6.637701382616e-02,5.430558416556e-02,5.413864429289e-02
4.660982624193e-03,4.256152687036e-01,1.137395769051e-01,1.621087162833e-01,9.334181831567e-02,7.966024084347e-02,6.664842972198e-02,5.455720123791e-02,5.438793733355e-02
4.704141135111e-03,4.262702791890e-01,1.139118032135e-01,1.626085376168e-01,9.362727811035e-02,7.998811846321e-02,6.692094564363e-02,5.480999131294e-02,5.463837102328e-02
4.747699273579e-03,4.269263041227e-01,1.140842658476e-01,1.631099093313e-01,9.391359453578e-02,8.031735382304e-02,6.719456591723e-02,5.506395995817e-02,5.488995047920e-02
4.791660739961e-03,4.275833451441e-01,1.142569648627e-01,1.636128363500e-01,9.420076995850e-02,8.064795265461e-02,6.746929488409e-02,5.531911276890e-02,5.514268083993e-02
4.836029268882e-03,4.282414038956e-01,1.144299003112e-01,1.641173236129e-01,9.448880674900e-02,8.097992071519e-02,6.774513690078e-02,5.557545536838e-02,5.539656726569e-02
4.880808629552e-03,4.289004820231e-01,1.146030722419e-01,1.646233760774e-01,9.477770728165e-02,8.131326378783e-02,6.802209633911e-02,5.583299340795e-02,5.565161493834e-02
4.926002626079e-03,4.295605811757e-01,1.147764807005e-01,1.651309987177e-01,9.506747393473e-02,8.164798768148e-02,6.830017758619e-02,5.609173256721e-02,5.590782906147e-02
4.971615097796e-03,4.302217030063e-01,1.149501257292e-01,1.656401965255e-01,9.535810909035e-02,8.198409823113e-02,6.857938504445e-02,5.635167855418e-02,5.616521486048e-02
5.017649919588e-03,4.308838491707e-01,1.151240073668e-01,1.661509745098e-01,9.564961513444e-02,8.232160129794e-02,6.885972313169e-02,5.661283710545e-02,5.642377758259e-02
5.064111002218e-03,4.315470213286e-01,1.152981256486e-01,1.666633376969e-01,9.594199445674e-02,8.266050276938e-02,6.914119628103e-02,5.687521398638e-02,5.668352249698e-02
5.111002292662e-03,4.322112211427e-01,1.154724806065e-01,1.671772911306e-01,9.623524945072e-02,8.300080855937e-02,6.942380894103e-02,5.713881499121e-02,5.694445489483e-02
5.158327774441e-03,4.328764502796e-01,1.156470722689e-01,1.676928398723e-01,9.652938251356e-02,8.334252460843e-02,6.970756557567e-02,5.740364594325e-02,5.720658008937e-02
5.206091467963e-03,4.335427104090e-01,1.158219006603e-01,1.682099890010e-01,9.682439604616e-02,8.368565688378e-02,6.999247066435e-02,5.766971269507e-02,5.746990341598e-02
5.254297430864e-03,4.342100032042e-01,1.159969658019e-01,1.687287436133e-01,9.712029245305e-02,8.403021137953e-02,7.027852870197e-02,5.793702112862e-02,5.773443023225e-02
5.302949758350e-03,4.348783303421e-01,1.161722677110e-01,1.692491088237e-01,9.741707414237e-02,8.437619411680e-02,7.056574419892e-02,5.820557715544e-02,5.800016591801e-02
5.352052583548e-03,4.355476935030e-01,1.163478064014e-01,1.697710897647e-01,9.771474352586e-02,8.472361114383e-02,7.085412168110e-02,5.847538671680e-02,5.826711587548e-02
5.401610077855e-03,4.362180943708e-01,1.165235818829e-01,1.702946915864e-01,9.801330301879e-02,8.507246853620e-02,7.114366568997e-02,5.874645578389e-02,5.853528552925e-02
5.451626451293e-03,4.368895346328e-01,1.166995941615e-01,1.708199194573e-01,9.831275503994e-02,8.542277239689e-02,7.143438078255e-02,5.901879035800e-02,5.880468032640e-02
5.502105952869e-03,4.375620159800e-01,1.168758432396e-01,1.713467785637e-01,9.861310201157e-02,8.577452885651e-02,7.172627153143e-02,5.929239647065e-02,5.907530573656e-02
5.553052870931e-03,4.382355401069e-01,1.170523291152e-01,1.718752741103e-01,9.891434635935e-02,8.612774407335e-02,7.201934252485e-02,5.956728018381e-02,5.934716725197e-02
5.604471533536e-03,4.389101087117e-01,1.172290517828e-01,1.724054113200e-01,9.921649051235e-02,8.648242423364e-02,7.231359836664e-02,5.984344759007e-02,5.962027038755e-02
5.656366308817e-03,4.395857234961e-01,1.174060112327e-01,1.729371954340e-01,9.951953690299e-02,8.683857555158e-02,7.260904367630e-02,6.012090481278e-02,5.989462068095e-02
5.708741605355e-03,4.402623861653e-01,1.175832074510e-01,1.734706317121e-01,9.982348796700e-02,8.719620426959e-02,7.290568308902e-02,6.039965800628e-02,6.017022369265e-02
5.761601872550e-03,4.409400984285e-01,1.177606404199e-01,1.740057254325e-01,1.001283461434e-01,8.755531665841e-02,7.320352125567e-02,6.067971335606e-02,6.044708500600e-02
5.814951601003e-03,4.416188619980e-01,1.179383101174e-01,1.745424818920e-01,1.004341138743e-01,8.791591901725e-02,7.350256284281e-02,6.096107707890e-02,6.072521022730e-02
5.868795322895e-03,4.422986785904e-01,1.181162165171e-01,1.750809064063e-01,1.007407936053e-01,8.827801767397e-02,7.380281253277e-02,6.124375542314e-02,6.100460498587e-02
5.923137612374e-03,4.429795499254e-01,1.182943595886e-01,1.756210043096e-01,1.010483877847e-01,8.864161898522e-02,7.410427502360e-02,6.152775466878e-02,6.128527493408e-02
5.977983085942e-03,4.436614777268e-01,1.184727392970e-01,1.761627809552e-01,1.013568988643e-01,8.900672933659e-02,7.440695502913e-02,6.181308112771e-02,6.156722574747e-02
6.033336402847e-03,4.443444637220e-01,1.186513556030e-01,1.767062417152e-01,1.016663292987e-01,8.937335514277e-02,7.471085727897e-02,6.209974114389e-02,6.185046312478e-02
6.089202265480e-03,4.450285096420e-01,1.188302084630e-01,1.772513919808e-01,1.019766815456e-01,8.974150284770e-02,7.501598651854e-02,6.238774109352e-02,6.213499278801e-02
6.145585419774e-03,4.457136172217e-01,1.190092978289e-01,1.777982371625e-01,1.022879580657e-01,9.011117892477e-02,7.532234750906e-02,6.267708738526e-02,6.242082048251e-02
6.202490655606e-03,4.463997881997e-01,1.191886236480e-01,1.783467826898e-01,1.026001613224e-01,9.048238987691e-02,7.562994502759e-02,6.296778646040e-02,6.270795197703e-02
6.259922807207e-03,4.470870243184e-01,1.193681858629e-01,1.788970340116e-01,1.029132937821e-01,9.085514223682e-02,7.593878386705e-02,6.325984479305e-02,6.299639306378e-02
6.317886753569e-03,4.477753273239e-01,1.195479844118e-01,1.794489965962e-01,1.032273579140e-01,9.122944256707e-02,7.624886883620e-02,6.355326889035e-02,6.328614955849e-02
6.376387418863e-03,4.484646989664e-01,1.197280192280e-01,1.800026759315e-01,1.035423561900e-01,9.160529746032e-02,7.656020475969e-02,6.384806529265e-02,6.357722730051e-02
6.435429772853e-03,4.491551409996e-01,1.199082902403e-01,1.805580775248e-01,1.038582910849e-01,9.198271353946e-02,7.687279647804e-02,6.414424057372e-02,6.386963215283e-02
6.495018831322e-03,4.498466551812e-01,1.200887973722e-01,1.811152069033e-01,1.041751650758e-01,9.236169745776e-02,7.718664884769e-02,6.444180134095e-02,6.416337000213e-02
6.555159656497e-03,4.505392432727e-01,1.202695405428e-01,1.816740696138e-01,1.044929806427e-01,9.274225589905e-02,7.750176674097e-02,6.474075423552e-02,6.445844675892e-02
6.615857357480e-03,4.512329070396e-01,1.204505196661e-01,1.822346712231e-01,1.048117402680e-01,9.312439557792e-02,7.781815504615e-02,6.504110593264e-02,6.475486835752e-02
6.677117090678e-03,4.519276482512e-01,1.206317346509e-01,1.827970173179e-01,1.051314464366e-01,9.350812323983e-02,7.813581866742e-02,6.534286314172e-02,6.505264075616e-02
6.738944060246e-03,4.526234686807e-01,1.208131854013e-01,1.833611135050e-01,1.054521016357e-01,9.389344566131e-02,7.845476252492e-02,6.564603260662e-02,6.535176993702e-02
6.801343518526e-03,4.533203701054e-01,1.209948718160e-01,1.839269654113e-01,1.057737083552e-01,9.428036965016e-02,7.877499155473e-02,6.595062110580e-02,6.565226190633e-02
6.864320766496e-03,4.540183543063e-01,1.211767937886e-01,1.844945786841e-01,1.060962690871e-01,9.466890204558e-02,7.909651070890e-02,6.625663545256e-02,6.595412269440e-02
6.927881154215e-03,4.547174230687e-01,1.213589512075e-01,1.850639589909e-01,1.064197863255e-01,9.505904971836e-02,7.941932495543e-02,6.656408249525e-02,6.625735835566e-02
6.992030081286e-03,4.554175781815e-01,1.215413439557e-01,1.856351120196e-01,1.067442625670e-01,9.545081957106e-02,7.974343927830e-02,6.687296911748e-02,6.656197496876e-02
7.056772997305e-03,4.561188214379e-01,1.217239719110e-01,1.862080434789e-01,1.070697003102e-01,9.584421853818e-02,8.006885867747e-02,6.718330223831e-02,6.686797863662e-02
7.122115402332e-03,4.568211546351e-01,1.219068349456e-01,1.867827590980e-01,1.073961020556e-01,9.623925358636e-02,8.039558816888e-02,6.749508881250e-02,6.717537548647e-02
7.188062847354e-03,4.575245795742e-01,1.220899329262e-01,1.873592646269e-01,1.077234703060e-01,9.663593171453e-02,8.072363278445e-02,6.780833583069e-02,6.748417166992e-02
7.254620934756e-03,4.582290980604e-01,1.222732657140e-01,1.879375658363e-01,1.080518075659e-01,9.703425995411e-02,8.105299757210e-02,6.812305031966e-02,6.779437336302e-02
7.321795318800e-03,4.589347119032e-01,1.224568331646e-01,1.885176685181e-01,1.083811163418e-01,9.743424536917e-02,8.138368759573e-02,6.843923934251e-02,6.810598676630e-02
7.389591706105e-03,4.596414229160e-01,1.226406351278e-01,1.890995784850e-01,1.087113991420e-01,9.783589505666e-02,8.171570793523e-02,6.875690999888e-02,6.841901810485e-02
7.458015856128e-03,4.603492329163e-01,1.228246714476e-01,1.896833015712e-01,1.090426584764e-01,9.823921614655e-02,8.204906368651e-02,6.907606942522e-02,6.873347362836e-02
7.527073581657e-03,4.610581437258e-01,1.230089419624e-01,1.902688436318e-01,1.093748968569e-01,9.864421580205e-02,8.238375996144e-02,6.939672479496e-02,6.904935961118e-02
7.596770749304e-03,4.617681571704e-01,1.231934465044e-01,1.908562105435e-01,1.097081167965e-01,9.905090121976e-02,8.271980188791e-02,6.971888331877e-02,6.936668235239e-02
7.667113280003e-03,4.624792750802e-01,1.233781849000e-01,1.914454082045e-01,1.100423208101e-01,9.945927962990e-02,8.305719460978e-02,7.004255224478e-02,6.968544817579e-02
7.738107149513e-03,4.631914992895e-01,1.235631569694e-01,1.920364425344e-01,1.103775114140e-01,9.986935829648e-02,8.339594328691e-02,7.036773885879e-02,7.000566343006e-02
7.809758388925e-03,4.639048316366e-01,1.237483625268e-01,1.926293194746e-01,1.107136911258e-01,1.002811445175e-01,8.373605309513e-02,7.069445048454e-02,7.032733448872e-02
7.882073085176e-03,4.646192739643e-01,1.239338013803e-01,1.932240449883e-01,1.110508624644e-01,1.006946456251e-01,8.407752922627e-02,7.102269448392e-02,7.065046775022e-02
7.955057381565e-03,4.653348281196e-01,1.241194733314e-01,1.938206250607e-01,1.113890279500e-01,1.011098689859e-01,8.442037688811e-02,7.135247825720e-02,7.097506963799e-02
8.028717478274e-03,4.660514959538e-01,1.243053781756e-01,1.944190656989e-01,1.117281901038e-01,1.015268220010e-01,8.476460130441e-02,7.168380924328e-02,7.130114660048e-02
8.103059632898e-03,4.667692793224e-01,1.244915157017e-01,1.950193729321e-01,1.120683514483e-01,1.019455121063e-01,8.511020771488e-02,7.201669491992e-02,7.162870511124e-02
8.178090160973e-03,4.674881800854e-01,1.246778856922e-01,1.956215528119e-01,1.124095145067e-01,1.023659467727e-01,8.545720137518e-02,7.235114280400e-02,7.195775166893e-02
8.253815436513e-03,4.682082001069e-01,1.248644879230e-01,1.962256114121e-01,1.127516818035e-01,1.027881335062e-01,8.580558755692e-02,7.268716045174e-02,7.228829279739e-02
8.330241892554e-03,4.689293412556e-01,1.250513221633e-01,1.968315548290e-01,1.130948558636e-01,1.032120798483e-01,8.615537154762e-02,7.302475545895e-02,7.262033504567e-02
8.407376021699e-03,4.696516054044e-01,1.252383881755e-01,1.974393891816e-01,1.134390392130e-01,1.036377933760e-01,8.650655865073e-02,7.336393546130e-02,7.295388498812e-02
8.485224376667e-03,4.703749944308e-01,1.254256857153e-01,1.980491206114e-01,1.137842343780e-01,1.040652817021e-01,8.685915418559e-02,7.370470813454e-02,7.328894922439e-02
8.563793570855e-03,4.710995102167e-01,1.256132145315e-01,1.986607552829e-01,1.141304438859e-01,1.044945524753e-01,8.721316348744e-02,7.404708119475e-02,7.362553437950e-02
8.643090278895e-03,4.718251546482e-01,1.258009743659e-01,1.992742993835e-01,1.144776702640e-01,1.049256133809e-01,8.756859190738e-02,7.439106239863e-02,7.396364710385e-02
8.723121237225e-03,4.725519296162e-01,1.259889649532e-01,1.998897591235e-01,1.148259160404e-01,1.053584721400e-01,8.792544481238e-02,7.473665954371e-02,7.430329407334e-02
8.803893244657e-03,4.732798370160e-01,1.261771860210e-01,2.005071407365e-01,1.151751837433e-01,1.057931365110e-01,8.828372758523e-02,7.508388046865e-02,7.464448198933e-02
8.885413162957e-03,4.740088787472e-01,1.263656372898e-01,2.011264504794e-01,1.155254759010e-01,1.062296142886e-01,8.864344562455e-02,7.543273305347e-02,7.498721757873e-02
8.967687917430e-03,4.747390567142e-01,1.265543184725e-01,2.017476946325e-01,1.158767950423e-01,1.066679133048e-01,8.900460434476e-02,7.578322521980e-02,7.533150759402e-02
9.050724497505e-03,4.754703728260e-01,1.267432292749e-01,2.023708794995e-01,1.162291436956e-01,1.071080414291e-01,8.936720917606e-02,7.613536493119e-02,7.567735881331e-02
9.134529957328e-03,4.762028289960e-01,1.269323693951e-01,2.029960114080e-01,1.165825243894e-01,1.075500065680e-01,8.973126556437e-02,7.648916019335e-02,7.602477804036e-02
9.219111416364e-03,4.769364271422e-01,1.271217385239e-01,2.036230967090e-01,1.169369396521e-01,1.079938166663e-01,9.009677897139e-02,7.684461905439e-02,7.637377210463e-02
9.304476060003e-03,4.776711691873e-01,1.273113363441e-01,2.042521417778e-01,1.172923920117e-01,1.084394797062e-01,9.046375487449e-02,7.720174960515e-02,7.672434786132e-02
9.390631140167e-03,4.784070570589e-01,1.275011625310e-01,2.048831530135e-01,1.176488839958e-01,1.088870037085e-01,9.083219876673e-02,7.756055997942e-02,7.707651219139e-02
9.477583975925e-03,4.791440926888e-01,1.276912167520e-01,2.055161368394e-01,1.180064181316e-01,1.093363967323e-01,9.120211615680e-02,7.792105835425e-02,7.743027200162e-02
9.565341954121e-03,4.798822780139e-01,1.278814986665e-01,2.061510997030e-01,1.183649969457e-01,1.097876668752e-01,9.157351256904e-02,7.828325295022e-02,7.778563422462e-02
9.653912529996e-03,4.806216149756e-01,1.280720079260e-01,2.067880480764e-01,1.187246229639e-01,1.102408222738e-01,9.194639354336e-02,7.864715203168e-02,7.814260581888e-02
9.743303227822e-03,4.813621055201e-01,1.282627441738e-01,2.074269884561e-01,1.190852987114e-01,1.106958711037e-01,9.232076463521e-02,7.901276390710e-02,7.850119376880e-02
9.833521641544e-03,4.821037515985e-01,1.284537070449e-01,2.080679273632e-01,1.194470267124e-01,1.111528215799e-01,9.269663141560e-02,7.938009692931e-02,7.886140508471e-02
9.924575435423e-03,4.828465551666e-01,1.286448961662e-01,2.087108713438e-01,1.198098094899e-01,1.116116819570e-01,9.307399947100e-02,7.974915949578e-02,7.922324680293e-02
1.001647234469e-02,4.835905181850e-01,1.288363111560e-01,2.093558269688e-01,1.201736495660e-01,1.120724605294e-01,9.345287440332e-02,8.011996004895e-02,7.958672598576e-02
1.010922017619e-02,4.843356426191e-01,1.290279516243e-01,2.100028008340e-01,1.205385494615e-01,1.125351656314e-01,9.383326182991e-02,8.049250707649e-02,7.995184972153e-02
1.020282680906e-02,4.850819304393e-01,1.292198171723e-01,2.106517995608e-01,1.209045116958e-01,1.129998056379e-01,9.421516738348e-02,8.086680911159e-02,8.031862512462e-02
1.029730019542e-02,4.858293836209e-01,1.294119073925e-01,2.113028297956e-01,1.212715387866e-01,1.134663889640e-01,9.459859671205e-02,8.124287473328e-02,8.068705933550e-02
1.039264836097e-02,4.865780041440e-01,1.296042218688e-01,2.119558982104e-01,1.216396332505e-01,1.139349240659e-01,9.498355547895e-02,8.162071256672e-02,8.105715952073e-02
1.048887940578e-02,4.873277939938e-01,1.297967601760e-01,2.126110115027e-01,1.220087976018e-01,1.144054194405e-01,9.537004936274e-02,8.200033128348e-02,8.142893287302e-02
1.058600150489e-02,4.880787551602e-01,1.299895218800e-01,2.132681763960e-01,1.223790343533e-01,1.148778836263e-01,9.575808405718e-02,8.238173960189e-02,8.180238661119e-02
1.068402290904e-02,4.888308896385e-01,1.301825065374e-01,2.139273996394e-01,1.227503460159e-01,1.153523252032e-01,9.614766527118e-02,8.276494628730e-02,8.217752798025e-02
1.078295194537e-02,4.895841994286e-01,1.303757136959e-01,2.145886880081e-01,1.231227350980e-01,1.158287527928e-01,9.653879872873e-02,8.314996015241e-02,8.255436425142e-02
1.088279701813e-02,4.903386865358e-01,1.305691428935e-01,2.152520483036e-01,1.234962041060e-01,1.163071750589e-01,9.693149016888e-02,8.353679005761e-02,8.293290272208e-02
1.098356660940e-02,4.910943529704e-01,1.307627936590e-01,2.159174873536e-01,1.238707555441e-01,1.167876007076e-01,9.732574534567e-02,8.392544491123e-02,8.331315071586e-02
1.108526927977e-02,4.918512007476e-01,1.309566655116e-01,2.165850120123e-01,1.242463919137e-01,1.172700384876e-01,9.772157002807e-02,8.431593366992e-02,8.369511558262e-02
1.118791366912e-02,4.926092318879e-01,1.311507579609e-01,2.172546291605e-01,1.246231157137e-01,1.177544971902e-01,9.811896999994e-02,8.470826533893e-02,8.407880469847e-02
1.129150849733e-02,4.933684484170e-01,1.313450705065e-01,2.179263457057e-01,1.250009294402e-01,1.182409856501e-01,9.851795105994e-02,8.510244897246e-02,8.446422546578e-02
1.139606256502e-02,4.941288523656e-01,1.315396026384e-01,2.186001685823e-01,1.253798355864e-01,1.187295127452e-01,9.891851902152e-02,8.549849367397e-02,8.485138531320e-02
1.150158475429e-02,4.948904457698e-01,1.317343538365e-01,2.192761047518e-01,1.257598366424e-01,1.192200873971e-01,9.932067971280e-02,8.589640859651e-02,8.524029169565e-02
1.160808402949e-02,4.956532306708e-01,1.319293235705e-01,2.199541612029e-01,1.261409350951e-01,1.197127185714e-01,9.972443897653e-02,8.629620294306e-02,8.563095209435e-02
1.171556943798e-02,4.964172091152e-01,1.321245112999e-01,2.206343449517e-01,1.265231334282e-01,1.202074152776e-01,1.001298026701e-01,8.669788596686e-02,8.602337401681e-02
1.182405011089e-02,4.971823831548e-01,1.323199164740e-01,2.213166630415e-01,1.269064341217e-01,1.207041865700e-01,1.005367766652e-01,8.710146697174e-02,8.641756499683e-02
1.193353526391e-02,4.979487548466e-01,1.325155385314e-01,2.220011225437e-01,1.272908396521e-01,1.212030415475e-01,1.009453668482e-01,8.750695531249e-02,8.681353259451e-02
1.204403419804e-02,4.987163262533e-01,1.327113769002e-01,2.226877305572e-01,1.276763524920e-01,1.217039893540e-01,1.013555791197e-01,8.791436039514e-02,8.721128439628e-02
1.215555630043e-02,4.994850994426e-01,1.329074309980e-01,2.233764942090e-01,1.280629751101e-01,1.222070391788e-01,1.017674193945e-01,8.832369167739e-02,8.761082801484e-02
1.226811104512e-02,5.002550764878e-01,1.331037002312e-01,2.240674206542e-01,1.284507099710e-01,1.227122002567e-01,1.021808936017e-01,8.873495866890e-02,8.801217108919e-02
1.238170799392e-02,5.010262594676e-01,1.333001839954e-01,2.247605170760e-01,1.288395595350e-01,1.232194818685e-01,1.025960076845e-01,8.914817093166e-02,8.841532128465e-02
1.249635679713e-02,5.017986504662e-01,1.334968816752e-01,2.254557906864e-01,1.292295262579e-01,1.237288933411e-01,1.030127676002e-01,8.956333808035e-02,8.882028629278e-02
1.261206719443e-02,5.025722515733e-01,1.336937926440e-01,2.261532487258e-01,1.296206125912e-01,1.242404440479e-01,1.034311793200e-01,8.998046978269e-02,8.922707383147e-02
1.272884901569e-02,5.033470648839e-01,1.338909162635e-01,2.268528984633e-01,1.300128209811e-01,1.247541434091e-01,1.038512488289e-01,9.039957575981e-02,8.963569164485e-02
1.284671218179e-02,5.041230924988e-01,1.340882518844e-01,2.275547471971e-01,1.304061538694e-01,1.252700008919e-01,1.042729821257e-01,9.082066578663e-02,9.004614750330e-02
1.296566670548e-02,5.049003365244e-01,1.342857988455e-01,2.282588022544e-01,1.308006136926e-01,1.257880260111e-01,1.046963852231e-01,9.124374969217e-02,9.045844920346e-02
1.308572269221e-02,5.056787990725e-01,1.344835564740e-01,2.289650709916e-01,1.311962028817e-01,1.263082283288e-01,1.051214641471e-01,9.166883736002e-02,9.087260456818e-02
1.320689034101e-02,5.064584822606e-01,1.346815240850e-01,2.296735607947e-01,1.315929238627e-01,1.268306174554e-01,1.055482249373e-01,9.209593872861e-02,9.128862144654e-02
1.332917994536e-02,5.072393882120e-01,1.348797009820e-01,2.303842790793e-01,1.319907790555e-01,1.273552030495e-01,1.059766736469e-01,9.252506379167e-02,9.170650771378e-02
1.345260189403e-02,5.080215190556e-01,1.350780864558e-01,2.310972332906e-01,1.323897708745e-01,1.278819948183e-01,1.064068163421e-01,9.295622259856e-02,9.212627127133e-02
1.357716667201e-02,5.088048769260e-01,1.352766797854e-01,2.318124309039e-01,1.327899017279e-01,1.284110025180e-01,1.068386591025e-01,9.338942525470e-02,9.254792004674e-02
1.370288486134e-02,5.095894639637e-01,1.354754802371e-01,2.325298794246e-01,1.331911740179e-01,1.289422359539e-01,1.072722080208e-01,9.382468192192e-02,9.297146199367e-02
1.382976714210e-02,5.103752823147e-01,1.356744870648e-01,2.332495863883e-01,1.335935901402e-01,1.294757049811e-01,1.077074692024e-01,9.426200281886e-02,9.339690509190e-02
1.395782429320e-02,5.111623341312e-01,1.358736995094e-01,2.339715593612e-01,1.339971524840e-01,1.300114195043e-01,1.081444487660e-01,9.470139822138e-02,9.382425734722e-02
1.408706719341e-02,5.119506215710e-01,1.360731167992e-01,2.346958059401e-01,1.344018634315e-01,1.305493894786e-01,1.085831528428e-01,9.514287846297e-02,9.425352679147e-02
1.421750682219e-02,5.127401467978e-01,1.362727381495e-01,2.354223337526e-01,1.348077253583e-01,1.310896249096e-01,1.090235875766e-01,9.558645393513e-02,9.468472148246e-02
1.434915426070e-02,5.135309119814e-01,1.364725627622e-01,2.361511504575e-01,1.352147406326e-01,1.316321358539e-01,1.094657591238e-01,9.603213508777e-02,9.511784950394e-02
1.448202069269e-02,5.143229192972e-01,1.366725898260e-01,2.368822637444e-01,1.356229116153e-01,1.321769324191e-01,1.099096736534e-01,9.647993242965e-02,9.555291896557e-02
1.461611740546e-02,5.151161709269e-01,1.368728185163e-01,2.376156813348e-01,1.360322406597e-01,1.327240247645e-01,1.103553373463e-01,9.692985652878e-02,9.598993800287e-02
1.475145579084e-02,5.159106690581e-01,1.370732479947e-01,2.383514109813e-01,1.364427301113e-01,1.332734231013e-01,1.108027563958e-01,9.738191801283e-02,9.642891477718e-02
1.488804734613e-02,5.167064158844e-01,1.372738774090e-01,2.390894604686e-01,1.368543823075e-01,1.338251376928e-01,1.112519370071e-01,9.783612756957e-02,9.686985747559e-02
1.502590367509e-02,5.175034136055e-01,1.374747058932e-01,2.398298376131e-01,1.372671995778e-01,1.343791788552e-01,1.117028853974e-01,9.829249594730e-02,9.731277431092e-02
1.516503648895e-02,5.183016644273e-01,1.376757325671e-01,2.405725502635e-01,1.376811842430e-01,1.349355569572e-01,1.121556077955e-01,9.875103395523e-02,9.775767352164e-02
1.530545760734e-02,5.191011705617e-01,1.378769565363e-01,2.413176063007e-01,1.380963386152e-01,1.354942824211e-01,1.126101104419e-01,9.921175246399e-02,9.820456337182e-02
1.544717895936e-02,5.199019342268e-01,1.380783768920e-01,2.420650136383e-01,1.385126649979e-01,1.360553657228e-01,1.130663995886e-01,9.967466240600e-02,9.865345215109e-02
1.559021258457e-02,5.207039576471e-01,1.382799927108e-01,2.428147802224e-01,1.389301656851e-01,1.366188173922e-01,1.135244814986e-01,1.001397747760e-01,9.910434817455e-02
1.573457063400e-02,5.215072430529e-01,1.384818030545e-01,2.435669140323e-01,1.393488429617e-01,1.371846480136e-01,1.139843624466e-01,1.006071006313e-01,9.955725978271e-02
1.588026537120e-02,5.223117926814e-01,1.386838069702e-01,2.443214230800e-01,1.397686991031e-01,1.377528682259e-01,1.144460487177e-01,1.010766510926e-01,1.000121953414e-01
1.602730917326e-02,5.231176087755e-01,1.388860034895e-01,2.450783154112e-01,1.401897363746e-01,1.383234887232e-01,1.149095466084e-01,1.015484373439e-01,1.004691632419e-01
1.617571453190e-02,5.239246935847e-01,1.390883916292e-01,2.458375991049e-01,1.406119570317e-01,1.388965202551e-01,1.153748624255e-01,1.020224706337e-01,1.009281719003e-01
1.632549405449e-02,5.247330493650e-01,1.392909703903e-01,2.465992822740e-01,1.410353633195e-01,1.394719736272e-01,1.158420024866e-01,1.024987622745e-01,1.013892297583e-01
1.647666046514e-02,5.255426783787e-01,1.394937387585e-01,2.473633730650e-01,1.414599574724e-01,1.400498597010e-01,1.163109731193e-01,1.029773236443e-01,1.018523452823e-01
1.662922660578e-02,5.263535828944e-01,1.396966957036e-01,2.481298796589e-01,1.418857417142e-01,1.406301893949e-01,1.167817806617e-01,1.034581661863e-01,1.023175269638e-01
1.678320543726e-02,5.271657651874e-01,1.398998401792e-01,2.488988102709e-01,1.423127182576e-01,1.412129736842e-01,1.172544314619e-01,1.039413014097e-01,1.027847833191e-01
1.693861004044e-02,5.279792275394e-01,1.401031711231e-01,2.496701731506e-01,1.427408893038e-01,1.417982236017e-01,1.177289318776e-01,1.044267408902e-01,1.032541228894e-01
1.709545361728e-02,5.287939722386e-01,1.403066874567e-01,2.504439765826e-01,1.431702570426e-01,1.423859502379e-01,1.182052882764e-01,1.049144962703e-01,1.037255542404e-01
1.725374949201e-02,5.296100015799e-01,1.405103880847e-01,2.512202288864e-01,1.436008236519e-01,1.429761647414e-01,1.186835070352e-01,1.054045792600e-01,1.041990859626e-01
1.741351111222e-02,5.304273178647e-01,1.407142718952e-01,2.519989384165e-01,1.440325912974e-01,1.435688783197e-01,1.191635945402e-01,1.058970016372e-01,1.046747266708e-01
1.757475205004e-02,5.312459234012e-01,1.409183377596e-01,2.527801135632e-01,1.444655621325e-01,1.441641022389e-01,1.196455571867e-01,1.063917752481e-01,1.051524850043e-01
1.773748600324e-02,5.320658205042e-01,1.411225845318e-01,2.535637627521e-01,1.448997382978e-01,1.447618478249e-01,1.201294013789e-01,1.068889120080e-01,1.056323696267e-01
1.790172679645e-02,5.328870114951e-01,1.413270110488e-01,2.543498944447e-01,1.453351219209e-01,1.453621264631e-01,1.206151335296e-01,1.073884239014e-01,1.061143892256e-01
1.806748838230e-02,5.337094987024e-01,1.415316161299e-01,2.551385171388e-01,1.457717151165e-01,1.459649495993e-01,1.211027600601e-01,1.078903229828e-01,1.065985525129e-01
1.823478484262e-02,5.345332844610e-01,1.417363985769e-01,2.559296393682e-01,1.462095199853e-01,1.465703287400e-01,1.215922874000e-01,1.083946213773e-01,1.070848682242e-01
1.840363038962e-02,5.353583711129e-01,1.419413571736e-01,2.567232697035e-01,1.466485386144e-01,1.471782754526e-01,1.220837219869e-01,1.089013312808e-01,1.075733451190e-01
1.857403936711e-02,5.361847610068e-01,1.421464906857e-01,2.575194167518e-01,1.470887730767e-01,1.477888013662e-01,1.225770702663e-01,1.094104649607e-01,1.080639919804e-01
1.874602625174e-02,5.370124564985e-01,1.423517978607e-01,2.583180891574e-01,1.475302254308e-01,1.484019181716e-01,1.230723386911e-01,1.099220347565e-01,1.085568176153e-01
1.891960565417e-02,5.378414599505e-01,1.425572774276e-01,2.591192956016e-01,1.479728977203e-01,1.490176376223e-01,1.235695337217e-01,1.104360530802e-01,1.090518308536e-01
1.909479232038e-02,5.386717737325e-01,1.427629280967e-01,2.599230448035e-01,1.484167919740e-01,1.496359715343e-01,1.240686618258e-01,1.109525324171e-01,1.095490405489e-01
1.927160113288e-02,5.395034002211e-01,1.429687485593e-01,2.607293455196e-01,1.488619102050e-01,1.502569317870e-01,1.245697294776e-01,1.114714853258e-01,1.100484555777e-01
1.945004711197e-02,5.403363417999e-01,1.431747374876e-01,2.615382065444e-01,1.493082544111e-01,1.508805303236e-01,1.250727431583e-01,1.119929244394e-01,1.105500848393e-01
1.963014541706e-02,5.411706008597e-01,1.433808935346e-01,2.623496367105e-01,1.497558265738e-01,1.515067791511e-01,1.255777093553e-01,1.125168624658e-01,1.110539372562e-01
1.981191134790e-02,5.420061797984e-01,1.435872153337e-01,2.631636448892e-01,1.502046286583e-01,1.521356903416e-01,1.260846345624e-01,1.130433121882e-01,1.115600217734e-01
1.999536034592e-02,5.428430810210e-01,1.437937014982e-01,2.639802399901e-01,1.506546626132e-01,1.527672760320e-01,1.265935252789e-01,1.135722864655e-01,1.120683473583e-01
2.018050799555e-02,5.436813069399e-01,1.440003506218e-01,2.647994309620e-01,1.511059303700e-01,1.534015484246e-01,1.271043880102e-01,1.141037982333e-01,1.125789230008e-01
2.036737002549e-02,5.445208599743e-01,1.442071612779e-01,2.656212267925e-01,1.515584338427e-01,1.540385197879e-01,1.276172292667e-01,1.146378605043e-01,1.130917577129e-01
2.055596231010e-02,5.453617425512e-01,1.444141320191e-01,2.664456365091e-01,1.520121749279e-01,1.546782024570e-01,1.281320555641e-01,1.151744863688e-01,1.136068605286e-01
2.074630087072e-02,5.462039571046e-01,1.446212613778e-01,2.672726691785e-01,1.524671555039e-01,1.553206088336e-01,1.286488734227e-01,1.157136889952e-01,1.141242405036e-01
2.093840187707e-02,5.470475060758e-01,1.448285478650e-01,2.681023339076e-01,1.529233774306e-01,1.559657513871e-01,1.291676893677e-01,1.162554816310e-01,1.146439067154e-01
2.113228164854e-02,5.478923919138e-01,1.450359899708e-01,2.689346398433e-01,1.533808425492e-01,1.566136426548e-01,1.296885099281e-01,1.167998776030e-01,1.151658682629e-01
2.132795665568e-02,5.487386170748e-01,1.452435861639e-01,2.697695961730e-01,1.538395526816e-01,1.572642952423e-01,1.302113416372e-01,1.173468903181e-01,1.156901342661e-01
2.152544352152e-02,5.495861840224e-01,1.454513348913e-01,2.706072121249e-01,1.542995096302e-01,1.579177218242e-01,1.307361910318e-01,1.178965332638e-01,1.162167138662e-01
2.172475902303e-02,5.504350952278e-01,1.456592345781e-01,2.714474969679e-01,1.547607151775e-01,1.585739351444e-01,1.312630646521e-01,1.184488200091e-01,1.167456162251e-01
2.192592009250e-02,5.512853531699e-01,1.458672836272e-01,2.722904600124e-01,1.552231710858e-01,1.592329480168e-01,1.317919690412e-01,1.190037642048e-01,1.172768505254e-01
2.212894381905e-02,5.521369603350e-01,1.460754804192e-01,2.731361106101e-01,1.556868790966e-01,1.598947733259e-01,1.323229107451e-01,1.195613795842e-01,1.178104259700e-01
2.233384744998e-02,5.529899192169e-01,1.462838233120e-01,2.739844581545e-01,1.561518409303e-01,1.605594240267e-01,1.328558963120e-01,1.201216799638e-01,1.183463517821e-01
2.254064839235e-02,5.538442323173e-01,1.464923106407e-01,2.748355120812e-01,1.566180582860e-01,1.612269131459e-01,1.333909322924e-01,1.206846792443e-01,1.188846372047e-01
2.274936421435e-02,5.546999021456e-01,1.467009407171e-01,2.756892818681e-01,1.570855328406e-01,1.618972537824e-01,1.339280252384e-01,1.212503914104e-01,1.194252915007e-01
2.296001264688e-02,5.555569312187e-01,1.469097118297e-01,2.765457770356e-01,1.575542662489e-01,1.625704591072e-01,1.344671817034e-01,1.218188305322e-01,1.199683239522e-01
2.317261158500e-02,5.564153220614e-01,1.471186222433e-01,2.774050071470e-01,1.580242601430e-01,1.632465423646e-01,1.350084082420e-01,1.223900107658e-01,1.205137438608e-01
2.338717908948e-02,5.572750772064e-01,1.473276701985e-01,2.782669818087e-01,1.584955161318e-01,1.639255168723e-01,1.355517114093e-01,1.229639463535e-01,1.210615605469e-01
2.360373338832e-02,5.581361991942e-01,1.475368539121e-01,2.791317106707e-01,1.589680358006e-01,1.646073960223e-01,1.360970977610e-01,1.235406516250e-01,1.216117833496e-01
2.382229287831e-02,5.589986905731e-01,1.477461715762e-01,2.799992034265e-01,1.594418207107e-01,1.652921932812e-01,1.366445738524e-01,1.241201409978e-01,1.221644216265e-01
2.404287612656e-02,5.598625538995e-01,1.479556213580e-01,2.808694698138e-01,1.599168723992e-01,1.659799221909e-01,1.371941462387e-01,1.247024289778e-01,1.227194847535e-01
2.426550187213e-02,5.607277917375e-01,1.481652013999e-01,2.817425196145e-01,1.603931923778e-01,1.666705963688e-01,1.377458214742e-01,1.252875301605e-01,1.232769821240e-01
2.449018902760e-02,5.615944066595e-01,1.483749098188e-01,2.826183626551e-01,1.608707821333e-01,1.673642295089e-01,1.382996061120e-01,1.258754592312e-01,1.238369231495e-01
2.471695668064e-02,5.624624012457e-01,1.485847447059e-01,2.834970088069e-01,1.613496431266e-01,1.680608353822e-01,1.388555067035e-01,1.264662309657e-01,1.243993172584e-01
2.494582409568e-02,5.633317780847e-01,1.487947041268e-01,2.843784679865e-01,1.618297767922e-01,1.687604278370e-01,1.394135297983e-01,1.270598602314e-01,1.249641738963e-01
2.517681071555e-02,5.642025397728e-01,1.490047861207e-01,2.852627501560e-01,1.623111845378e-01,1.694630207997e-01,1.399736819435e-01,1.276563619879e-01,1.255315025256e-01
2.540993616307e-02,5.650746889148e-01,1.492149887002e-01,2.861498653231e-01,1.627938677442e-01,1.701686282754e-01,1.405359696834e-01,1.282557512876e-01,1.261013126248e-01
2.564522024279e-02,5.659482281237e-01,1.494253098513e-01,2.870398235419e-01,1.632778277643e-01,1.708772643484e-01,1.411003995592e-01,1.288580432763e-01,1.266736136889e-01
2.588268294263e-02,5.668231600204e-01,1.496357475328e-01,2.879326349127e-01,1.637630659226e-01,1.715889431830e-01,1.416669781083e-01,1.294632531945e-01,1.272484152282e-01
2.612234443559e-02,5.676994872345e-01,1.498462996762e-01,2.888283095825e-01,1.642495835152e-01,1.723036790237e-01,1.422357118639e-01,1.300713963776e-01,1.278257267687e-01
2.636422508147e-02,5.685772124036e-01,1.500569641852e-01,2.897268577454e-01,1.647373818090e-01,1.730214861964e-01,1.428066073550e-01,1.306824882570e-01,1.284055578515e-01
2.660834542856e-02,5.694563381738e-01,1.502677389355e-01,2.906282896427e-01,1.652264620409e-01,1.737423791082e-01,1.433796711051e-01,1.312965443606e-01,1.289879180321e-01
2.685472621547e-02,5.703368671997e-01,1.504786217744e-01,2.915326155637e-01,1.657168254179e-01,1.744663722490e-01,1.439549096327e-01,1.319135803138e-01,1.295728168807e-01
2.710338837280e-02,5.712188021441e-01,1.506896105207e-01,2.924398458453e-01,1.662084731159e-01,1.751934801913e-01,1.445323294500e-01,1.325336118403e-01,1.301602639814e-01
2.735435302496e-02,5.721021456785e-01,1.509007029641e-01,2.933499908729e-01,1.667014062798e-01,1.759237175911e-01,1.451119370630e-01,1.331566547627e-01,1.307502689318e-01
2.760764149198e-02,5.729869004826e-01,1.511118968650e-01,2.942630610805e-01,1.671956260225e-01,1.766570991889e-01,1.456937389708e-01,1.337827250036e-01,1.313428413429e-01
2.786327529130e-02,5.738730692450e-01,1.513231899542e-01,2.951790669511e-01,1.676911334246e-01,1.773936398098e-01,1.462777416648e-01,1.344118385860e-01,1.319379908384e-01
2.812127613958e-02,5.747606546627e-01,1.515345799326e-01,2.960980190168e-01,1.681879295337e-01,1.781333543643e-01,1.468639516289e-01,1.350440116345e-01,1.325357270546e-01
2.838166595460e-02,5.756496594414e-01,1.517460644707e-01,2.970199278596e-01,1.686860153638e-01,1.788762578493e-01,1.474523753383e-01,1.356792603759e-01,1.331360596397e-01
2.864446685706e-02,5.765400862954e-01,1.519576412082e-01,2.979448041112e-01,1.691853918950e-01,1.796223653484e-01,1.480430192593e-01,1.363176011402e-01,1.337389982536e-01
2.890970117250e-02,5.774319379476e-01,1.521693077543e-01,2.988726584539e-01,1.696860600726e-01,1.803716920324e-01,1.486358898488e-01,1.369590503614e-01,1.343445525673e-01
2.917739143318e-02,5.783252171299e-01,1.523810616863e-01,2.998035016204e-01,1.701880208067e-01,1.811242531606e-01,1.492309935535e-01,1.376036245780e-01,1.349527322628e-01
2.944756038001e-02,5.792199265828e-01,1.525929005501e-01,3.007373443944e-01,1.706912749717e-01,1.818800640810e-01,1.498283368097e-01,1.382513404347e-01,1.355635470321e-01
2.972023096444e-02,5.801160690556e-01,1.528048218595e-01,3.016741976110e-01,1.711958234052e-01,1.826391402311e-01,1.504279260425e-01,1.389022146823e-01,1.361770065773e-01
2.999542635048e-02,5.810136473065e-01,1.530168230960e-01,3.026140721571e-01,1.717016669082e-01,1.834014971385e-01,1.510297676652e-01,1.395562641791e-01,1.367931206098e-01
3.027316991660e-02,5.819126641027e-01,1.532289017082e-01,3.035569789714e-01,1.722088062436e-01,1.841671504219e-01,1.516338680790e-01,1.402135058920e-01,1.374118988498e-01
3.055348525774e-02,5.828131222201e-01,1.534410551115e-01,3.045029290451e-01,1.727172421362e-01,1.849361157915e-01,1.522402336722e-01,1.408739568967e-01,1.380333510263e-01
3.083639618735e-02,5.837150244436e-01,1.536532806880e-01,3.054519334223e-01,1.732269752718e-01,1.857084090497e-01,1.528488708193e-01,1.415376343794e-01,1.386574868758e-01
3.112192673935e-02,5.846183735672e-01,1.538655757857e-01,3.064040031999e-01,1.737380062967e-01,1.864840460921e-01,1.534597858811e-01,1.422045556370e-01,1.392843161427e-01
3.141010117021e-02,5.855231723940e-01,1.540779377184e-01,3.073591495286e-01,1.742503358169e-01,1.872630429082e-01,1.540729852035e-01,1.428747380787e-01,1.399138485779e-01
3.170094396102e-02,5.864294237359e-01,1.542903637653e-01,3.083173836127e-01,1.747639643973e-01,1.880454155817e-01,1.546884751170e-01,1.435481992261e-01,1.405460939390e-01
3.199447981952e-02,5.873371304141e-01,1.545028511705e-01,3.092787167108e-01,1.752788925614e-01,1.888311802917e-01,1.553062619364e-01,1.442249567152e-01,1.411810619893e-01
3.229073368227e-02,5.882462952589e-01,1.547153971427e-01,3.102431601362e-01,1.757951207906e-01,1.896203533133e-01,1.559263519595e-01,1.449050282964e-01,1.418187624976e-01
3.258973071671e-02,5.891569211097e-01,1.549279988547e-01,3.112107252569e-01,1.763126495229e-01,1.904129510184e-01,1.565487514671e-01,1.455884318359e-01,1.424592052373e-01
3.289149632331e-02,5.900690108152e-01,1.551406534431e-01,3.121814234966e-01,1.768314791530e-01,1.912089898762e-01,1.571734667217e-01,1.462751853168e-01,1.431023999861e-01
3.319605613777e-02,5.909825672332e-01,1.553533580080e-01,3.131552663343e-01,1.773516100311e-01,1.920084864544e-01,1.578005039674e-01,1.469653068397e-01,1.437483565253e-01
3.350343603312e-02,5.918975932310e-01,1.555661096121e-01,3.141322653054e-01,1.778730424623e-01,1.928114574197e-01,1.584298694288e-01,1.476588146240e-01,1.443970846391e-01
3.381366212200e-02,5.928140916850e-01,1.557789052809e-01,3.151124320018e-01,1.783957767058e-01,1.936179195386e-01,1.590615693105e-01,1.483557270087e-01,1.450485941143e-01
3.412676075883e-02,5.937320654810e-01,1.559917420020e-01,3.160957780721e-01,1.789198129744e-01,1.944278896783e-01,1.596956097962e-01,1.490560624535e-01,1.457028947394e-01
3.444275854203e-02,5.946515175141e-01,1.562046167246e-01,3.170823152223e-01,1.794451514335e-01,1.952413848072e-01,1.603319970482e-01,1.497598395401e-01,1.463599963041e-01
3.476168231637e-02,5.955724506889e-01,1.564175263590e-01,3.180720552159e-01,1.799717922004e-01,1.960584219963e-01,1.609707372063e-01,1.504670769725e-01,1.470199085988e-01
3.508355917512e-02,5.964948679194e-01,1.566304677767e-01,3.190650098748e-01,1.804997353435e-01,1.968790184194e-01,1.616118363875e-01,1.511777935789e-01,1.476826414134e-01
3.540841646248e-02,5.974187721290e-01,1.568434378093e-01,3.200611910790e-01,1.810289808816e-01,1.977031913542e-01,1.622553006848e-01,1.518920083121e-01,1.483482045374e-01
3.573628177581e-02,5.983441662507e-01,1.570564332483e-01,3.210606107677e-01,1.815595287833e-01,1.985309581831e-01,1.629011361666e-01,1.526097402510e-01,1.490166077586e-01
3.606718296802e-02,5.992710532268e-01,1.572694508448e-01,3.220632809391e-01,1.820913789656e-01,1.993623363942e-01,1.635493488761e-01,1.533310086012e-01,1.496878608628e-01
3.640114814992e-02,6.001994360095e-01,1.574824873090e-01,3.230692136512e-01,1.826245312938e-01,2.001973435817e-01,1.641999448300e-01,1.540558326968e-01,1.503619736328e-01
3.673820569262e-02,6.011293175602e-01,1.576955393094e-01,3.240784210221e-01,1.831589855799e-01,2.010359974473e-01,1.648529300181e-01,1.547842320007e-01,1.510389558479e-01
3.707838422993e-02,6.020607008501e-01,1.579086034729e-01,3.250909152305e-01,1.836947415827e-01,2.018783158006e-01,1.655083104024e-01,1.555162261062e-01,1.517188172830e-01
3.742171266079e-02,6.029935888600e-01,1.581216763839e-01,3.261067085159e-01,1.842317990061e-01,2.027243165603e-01,1.661660919159e-01,1.562518347381e-01,1.524015677082e-01
3.776822015174e-02,6.039279845804e-01,1.583347545839e-01,3.271258131793e-01,1.847701574987e-01,2.035740177548e-01,1.668262804624e-01,1.569910777536e-01,1.530872168873e-01
3.811793613938e-02,6.048638910114e-01,1.585478345712e-01,3.281482415833e-01,1.853098166528e-01,2.044274375234e-01,1.674888819147e-01,1.577339751435e-01,1.537757745780e-01
3.847089033288e-02,6.058013111627e-01,1.587609128002e-01,3.291740061529e-01,1.858507760035e-01,2.052845941168e-01,1.681539021147e-01,1.584805470337e-01,1.544672505302e-01
3.882711271652e-02,6.067402480540e-01,1.589739856810e-01,3.302031193756e-01,1.863930350279e-01,2.061455058984e-01,1.688213468717e-01,1.592308136857e-01,1.551616544859e-01
3.918663355219e-02,6.076807047146e-01,1.591870495789e-01,3.312355938021e-01,1.869365931441e-01,2.070101913450e-01,1.694912219619e-01,1.599847954984e-01,1.558589961778e-01
3.954948338202e-02,6.086226841835e-01,1.594001008141e-01,3.322714420466e-01,1.874814497102e-01,2.078786690476e-01,1.701635331272e-01,1.607425130091e-01,1.565592853290e-01
3.991569303093e-02,6.095661895095e-01,1.596131356606e-01,3.333106767870e-01,1.880276040237e-01,2.087509577126e-01,1.708382860746e-01,1.615039868944e-01,1.572625316516e-01
4.028529360926e-02,6.105112237514e-01,1.598261503466e-01,3.343533107660e-01,1.885750553201e-01,2.096270761627e-01,1.715154864749e-01,1.622692379719e-01,1.579687448462e-01
4.065831651543e-02,6.114577899777e-01,1.600391410529e-01,3.353993567909e-01,1.891238027722e-01,2.105070433375e-01,1.721951399616e-01,1.630382872010e-01,1.586779346011e-01
4.103479343859e-02,6.124058912666e-01,1.602521039133e-01,3.364488277343e-01,1.896738454894e-01,2.113908782949e-01,1.728772521305e-01,1.638111556843e-01,1.593901105910e-01
4.141475636132e-02,6.133555307065e-01,1.604650350137e-01,3.375017365346e-01,1.902251825159e-01,2.122786002117e-01,1.735618285379e-01,1.645878646692e-01,1.601052824764e-01
4.179823756233e-02,6.143067113954e-01,1.606779303913e-01,3.385580961963e-01,1.907778128306e-01,2.131702283850e-01,1.742488747002e-01,1.653684355483e-01,1.608234599024e-01
4.218526961923e-02,6.152594364413e-01,1.608907860347e-01,3.396179197907e-01,1.913317353455e-01,2.140657822326e-01,1.749383960925e-01,1.661528898615e-01,1.615446524981e-01
4.257588541127e-02,6.162137089621e-01,1.611035978827e-01,3.406812204561e-01,1.918869489051e-01,2.149652812946e-01,1.756303981476e-01,1.669412492971e-01,1.622688698753e-01
4.297011812217e-02,6.171695320857e-01,1.613163618240e-01,3.417480113985e-01,1.924434522849e-01,2.158687452337e-01,1.763248862550e-01,1.677335356927e-01,1.629961216275e-01
4.336800124289e-02,6.181269089498e-01,1.615290736970e-01,3.428183058917e-01,1.930012441907e-01,2.167761938371e-01,1.770218657595e-01,1.685297710369e-01,1.637264173293e-01
4.376956857452e-02,6.190858427021e-01,1.617417292884e-01,3.438921172783e-01,1.935603232574e-01,2.176876470165e-01,1.777213419605e-01,1.693299774705e-01,1.644597665349e-01
4.417485423112e-02,6.200463365004e-01,1.619543243335e-01,3.449694589697e-01,1.941206880478e-01,2.186031248101e-01,1.784233201106e-01,1.701341772879e-01,1.651961787773e-01
4.458389264262e-02,6.210083935122e-01,1.621668545152e-01,3.460503444469e-01,1.946823370518e-01,2.195226473830e-01,1.791278054144e-01,1.709423929385e-01,1.659356635671e-01
4.499671855779e-02,6.219720169152e-01,1.623793154632e-01,3.471347872607e-01,1.952452686852e-01,2.204462350282e-01,1.798348030274e-01,1.717546470277e-01,1.666782303915e-01
4.541336704712e-02,6.229372098970e-01,1.625917027539e-01,3.482228010324e-01,1.958094812882e-01,2.213739081682e-01,1.805443180549e-01,1.725709623187e-01,1.674238887132e-01
4.583387350586e-02,6.239039756550e-01,1.628040119096e-01,3.493143994541e-01,1.963749731247e-01,2.223056873556e-01,1.812563555505e-01,1.733913617339e-01,1.681726479691e-01
4.625827365700e-02,6.248723173969e-01,1.630162383976e-01,3.504095962894e-01,1.969417423810e-01,2.232415932742e-01,1.819709205150e-01,1.742158683559e-01,1.689245175696e-01
4.668660355429e-02,6.258422383402e-01,1.632283776300e-01,3.515084053739e-01,1.975097871648e-01,2.241816467403e-01,1.826880178955e-01,1.750445054292e-01,1.696795068968e-01
4.711889958534e-02,6.268137417123e-01,1.634404249630e-01,3.526108406152e-01,1.980791055034e-01,2.251258687038e-01,1.834076525833e-01,1.758772963617e-01,1.704376253037e-01
4.755519847469e-02,6.277868307508e-01,1.636523756960e-01,3.537169159941e-01,1.986496953432e-01,2.260742802489e-01,1.841298294134e-01,1.767142647261e-01,1.711988821130e-01
4.799553728693e-02,6.287615087032e-01,1.638642250713e-01,3.548266455646e-01,1.992215545481e-01,2.270269025956e-01,1.848545531628e-01,1.775554342611e-01,1.719632866157e-01
4.843995342985e-02,6.297377788268e-01,1.640759682733e-01,3.559400434547e-01,1.997946808985e-01,2.279837571008e-01,1.855818285490e-01,1.784008288732e-01,1.727308480699e-01
4.888848465761e-02,6.307156443890e-01,1.642876004278e-01,3.570571238666e-01,2.003690720898e-01,2.289448652591e-01,1.863116602290e-01,1.792504726382e-01,1.735015756996e-01
4.934116907397e-02,6.316951086673e-01,1.644991166015e-01,3.581779010774e-01,2.009447257311e-01,2.299102487046e-01,1.870440527978e-01,1.801043898024e-01,1.742754786932e-01
4.979804513550e-02,6.326761749488e-01,1.647105118012e-01,3.593023894398e-01,2.015216393442e-01,2.308799292111e-01,1.877790107867e-01,1.809626047844e-01,1.750525662024e-01
5.025915165487e-02,6.336588465309e-01,1.649217809733e-01,3.604306033820e-01,2.020998103620e-01,2.318539286941e-01,1.885165386624e-01,1.818251421766e-01,1.758328473407e-01
5.072452780414e-02,6.346431267205e-01,1.651329190028e-01,3.615625574090e-01,2.026792361274e-01,2.328322692116e-01,1.892566408250e-01,1.826920267465e-01,1.766163311820e-01
5.119421311807e-02,6.356290188349e-01,1.653439207130e-01,3.626982661025e-01,2.032599138918e-01,2.338149729653e-01,1.899993216067e-01,1.835632834387e-01,1.774030267594e-01
5.166824749751e-02,6.366165262007e-01,1.655547808645e-01,3.638377441216e-01,2.038418408138e-01,2.348020623018e-01,1.907445852705e-01,1.844389373760e-01,1.781929430636e-01
5.214667121275e-02,6.376056521549e-01,1.657654941547e-01,3.649810062036e-01,2.044250139578e-01,2.357935597140e-01,1.914924360086e-01,1.853190138614e-01,1.789860890412e-01
5.262952490700e-02,6.385964000439e-01,1.659760552171e-01,3.661280671640e-01,2.050094302925e-01,2.367894878419e-01,1.922428779404e-01,1.862035383796e-01,1.797824735940e-01
5.311684959977e-02,6.395887732242e-01,1.661864586203e-01,3.672789418975e-01,2.055950866897e-01,2.377898694741e-01,1.929959151117e-01,1.870925365985e-01,1.805821055764e-01
5.360868669041e-02,6.405827750619e-01,1.663966988676e-01,3.684336453784e-01,2.061819799227e-01,2.387947275492e-01,1.937515514923e-01,1.879860343707e-01,1.813849937949e-01
5.410507796161e-02,6.415784089330e-01,1.666067703963e-01,3.695921926607e-01,2.067701066650e-01,2.398040851566e-01,1.945097909750e-01,1.888840577359e-01,1.821911470060e-01
5.460606558294e-02,6.425756782231e-01,1.668166675765e-01,3.707545988795e-01,2.073594634885e-01,2.408179655379e-01,1.952706373735e-01,1.897866329215e-01,1.830005739145e-01
5.511169211444e-02,6.435745863274e-01,1.670263847108e-01,3.719208792507e-01,2.079500468623e-01,2.418363920887e-01,1.960340944210e-01,1.906937863453e-01,1.838132831723e-01
5.562200051026e-02,6.445751366509e-01,1.672359160336e-01,3.730910490719e-01,2.085418531511e-01,2.428593883588e-01,1.968001657684e-01,1.916055446165e-01,1.846292833764e-01
5.613703412224e-02,6.455773326082e-01,1.674452557098e-01,3.742651237231e-01,2.091348786137e-01,2.438869780547e-01,1.975688549825e-01,1.925219345377e-01,1.854485830674e-01
5.665683670368e-02,6.465811776234e-01,1.676543978345e-01,3.754431186668e-01,2.097291194012e-01,2.449191850399e-01,1.983401655441e-01,1.934429831067e-01,1.862711907278e-01
5.718145241299e-02,6.475866751299e-01,1.678633364322e-01,3.766250494491e-01,2.103245715558e-01,2.459560333367e-01,1.991141008468e-01,1.943687175182e-01,1.870971147802e-01
5.771092581748e-02,6.485938285709e-01,1.680720654558e-01,3.778109316997e-01,2.109212310089e-01,2.469975471276e-01,1.998906641944e-01,1.952991651655e-01,1.879263635855e-01
5.824530189713e-02,6.496026413989e-01,1.682805787858e-01,3.790007811327e-01,2.115190935794e-01,2.480437507561e-01,2.006698587995e-01,1.962343536424e-01,1.887589454412e-01
5.878462604840e-02,6.506131170756e-01,1.684888702298e-01,3.801946135474e-01,2.121181549727e-01,2.490946687288e-01,2.014516877816e-01,1.971743107448e-01,1.895948685794e-01
5.932894408812e-02,6.516252590722e-01,1.686969335213e-01,3.813924448283e-01,2.127184107780e-01,2.501503257160e-01,2.022361541650e-01,1.981190644729e-01,1.904341411652e-01
5.987830225734e-02,6.526390708689e-01,1.689047623190e-01,3.825942909460e-01,2.133198564675e-01,2.512107465537e-01,2.030232608770e-01,1.990686430327e-01,1.912767712946e-01
6.043274722531e-02,6.536545559552e-01,1.691123502062e-01,3.838001679578e-01,2.139224873943e-01,2.522759562443e-01,2.038130107458e-01,2.000230748380e-01,1.921227669926e-01
6.099232609338e-02,6.546717178298e-01,1.693196906897e-01,3.850100920082e-01,2.145262987905e-01,2.533459799587e-01,2.046054064989e-01,2.009823885123e-01,1.929721362114e-01
6.155708639907e-02,6.556905600002e-01,1.695267771988e-01,3.862240793291e-01,2.151312857659e-01,2.544208430372e-01,2.054004507604e-01,2.019466128906e-01,1.938248868280e-01
6.212707612005e-02,6.567110859829e-01,1.697336030848e-01,3.874421462411e-01,2.157374433057e-01,2.555005709911e-01,2.061981460494e-01,2.029157770214e-01,1.946810266427e-01
6.270234367826e-02,6.577332993033e-01,1.699401616201e-01,3.886643091532e-01,2.163447662692e-01,2.565851895040e-01,2.069984947777e-01,2.038899101687e-01,1.955405633766e-01
6.328293794398e-02,6.587572034956e-01,1.701464459970e-01,3.898905845642e-01,2.169532493874e-01,2.576747244333e-01,2.078014992479e-01,2.048690418135e-01,1.964035046698e-01
6.386890824004e-02,6.597828021028e-01,1.703524493271e-01,3.911209890625e-01,2.175628872618e-01,2.587692018117e-01,2.086071616510e-01,2.058532016566e-01,1.972698580789e-01
6.446030434595e-02,6.608100986761e-01,1.705581646401e-01,3.923555393272e-01,2.181736743617e-01,2.598686478485e-01,2.094154840640e-01,2.068424196197e-01,1.981396310752e-01
6.505717650215e-02,6.618390967757e-01,1.707635848833e-01,3.935942521285e-01,2.187856050230e-01,2.609730889312e-01,2.102264684483e-01,2.078367258481e-01,1.990128310424e-01
6.565957541431e-02,6.628697999699e-01,1.709687029204e-01,3.948371443280e-01,2.193986734461e-01,2.620825516269e-01,2.110401166467e-01,2.088361507122e-01,1.998894652739e-01
6.626755225758e-02,6.639022118353e-01,1.711735115305e-01,3.960842328799e-01,2.200128736936e-01,2.631970626838e-01,2.118564303817e-01,2.098407248097e-01,2.007695409712e-01
6.688115868100e-02,6.649363359569e-01,1.713780034074e-01,3.973355348307e-01,2.206281996886e-01,2.643166490327e-01,2.126754112528e-01,2.108504789681e-01,2.016530652411e-01
6.750044681184e-02,6.659721759276e-01,1.715821711586e-01,3.985910673207e-01,2.212446452126e-01,2.654413377883e-01,2.134970607339e-01,2.118654442460e-01,2.025400450935e-01
6.812546926002e-02,6.670097353482e-01,1.717860073041e-01,3.998508475837e-01,2.218622039036e-01,2.665711562513e-01,2.143213801717e-01,2.128856519358e-01,2.034304874388e-01
6.875627912265e-02,6.680490178275e-01,1.719895042755e-01,4.011148929483e-01,2.224808692537e-01,2.677061319092e-01,2.151483707821e-01,2.139111335655e-01,2.043243990856e-01
6.939292998847e-02,6.690900269820e-01,1.721926544155e-01,4.023832208378e-01,2.231006346073e-01,2.688462924383e-01,2.159780336486e-01,2.149419209010e-01,2.052217867384e-01
7.003547594241e-02,6.701327664356e-01,1.723954499760e-01,4.036558487715e-01,2.237214931589e-01,2.699916657050e-01,2.168103697196e-01,2.159780459481e-01,2.061226569944e-01
7.068397157023e-02,6.711772398198e-01,1.725978831180e-01,4.049327943644e-01,2.243434379506e-01,2.711422797677e-01,2.176453798054e-01,2.170195409549e-01,2.070270163416e-01
7.133847196312e-02,6.722234507734e-01,1.727999459100e-01,4.062140753287e-01,2.249664618707e-01,2.722981628779e-01,2.184830645759e-01,2.180664384137e-01,2.079348711557e-01
7.199903272238e-02,6.732714029422e-01,1.730016303271e-01,4.074997094735e-01,2.255905576505e-01,2.734593434822e-01,2.193234245579e-01,2.191187710634e-01,2.088462276979e-01
7.266570996416e-02,6.743210999791e-01,1.732029282502e-01,4.087897147059e-01,2.262157178627e-01,2.746258502236e-01,2.201664601323e-01,2.201765718917e-01,2.097610921115e-01
7.333856032421e-02,6.753725455438e-01,1.734038314645e-01,4.100841090316e-01,2.268419349191e-01,2.757977119434e-01,2.210121715316e-01,2.212398741374e-01,2.106794704196e-01
7.401764096272e-02,6.764257433027e-01,1.736043316589e-01,4.113829105549e-01,2.274692010678e-01,2.769749576825e-01,2.218605588367e-01,2.223087112924e-01,2.116013685223e-01
7.470300956913e-02,6.774806969286e-01,1.738044204246e-01,4.126861374800e-01,2.280975083916e-01,2.781576166832e-01,2.227116219744e-01,2.233831171043e-01,2.125267921936e-01
7.539472436708e-02,6.785374101006e-01,1.740040892542e-01,4.139938081111e-01,2.287268488048e-01,2.793457183908e-01,2.235653607144e-01,2.244631255786e-01,2.134557470785e-01
7.609284411932e-02,6.795958865041e-01,1.742033295404e-01,4.153059408529e-01,2.293572140514e-01,2.805392924551e-01,2.244217746663e-01,2.255487709810e-01,2.143882386901e-01
7.679742813272e-02,6.806561298303e-01,1.744021325753e-01,4.166225542115e-01,2.299885957026e-01,2.817383687325e-01,2.252808632767e-01,2.266400878397e-01,2.153242724066e-01
7.750853626331e-02,6.817181437761e-01,1.746004895486e-01,4.179436667946e-01,2.306209851538e-01,2.829429772871e-01,2.261426258262e-01,2.277371109478e-01,2.162638534683e-01
7.822622892134e-02,6.827819320440e-01,1.747983915471e-01,4.192692973125e-01,2.312543736227e-01,2.841531483929e-01,2.270070614263e-01,2.288398753659e-01,2.172069869740e-01
7.895056707645e-02,6.838474983418e-01,1.749958295533e-01,4.205994645780e-01,2.318887521467e-01,2.853689125349e-01,2.278741690163e-01,2.299484164239e-01,2.181536778785e-01
7.968161226283e-02,6.849148463824e-01,1.751927944442e-01,4.219341875076e-01,2.325241115797e-01,2.865903004114e-01,2.287439473599e-01,2.310627697242e-01,2.191039309889e-01
8.041942658443e-02,6.859839798836e-01,1.753892769902e-01,4.232734851217e-01,2.331604425903e-01,2.878173429353e-01,2.296163950424e-01,2.321829711437e-01,2.200577509614e-01
8.116407272027e-02,6.870549025678e-01,1.755852678538e-01,4.246173765450e-01,2.337977356586e-01,2.890500712361e-01,2.304915104673e-01,2.333090568361e-01,2.210151422980e-01
8.191561392973e-02,6.881276181619e-01,1.757807575886e-01,4.259658810076e-01,2.344359810739e-01,2.902885166614e-01,2.313692918525e-01,2.344410632349e-01,2.219761093430e-01
8.267411405798e-02,6.892021303967e-01,1.759757366379e-01,4.273190178448e-01,2.350751689315e-01,2.915327107786e-01,2.322497372277e-01,2.355790270554e-01,2.229406562796e-01
8.343963754131e-02,6.902784430071e-01,1.761701953336e-01,4.286768064981e-01,2.357152891303e-01,2.927826853770e-01,2.331328444305e-01,2.367229852975e-01,2.239087871264e-01
8.421224941272e-02,6.913565597317e-01,1.763641238948e-01,4.300392665159e-01,2.363563313701e-01,2.940384724691e-01,2.340186111027e-01,2.378729752481e-01,2.248805057338e-01
8.499201530734e-02,6.924364843122e-01,1.765575124269e-01,4.314064175534e-01,2.369982851483e-01,2.953001042929e-01,2.349070346876e-01,2.390290344840e-01,2.258558157802e-01
8.577900146807e-02,6.935182204936e-01,1.767503509198e-01,4.327782793736e-01,2.376411397575e-01,2.965676133130e-01,2.357981124253e-01,2.401912008738e-01,2.268347207685e-01
8.657327475118e-02,6.946017720234e-01,1.769426292471e-01,4.341548718477e-01,2.382848842824e-01,2.978410322230e-01,2.366918413502e-01,2.413595125812e-01,2.278172240221e-01
8.737490263200e-02,6.956871426519e-01,1.771343371644e-01,4.355362149554e-01,2.389295075967e-01,2.991203939470e-01,2.375882182862e-01,2.425340080672e-01,2.288033286813e-01
8.818395321067e-02,6.967743361314e-01,1.773254643086e-01,4.369223287860e-01,2.395749983603e-01,3.004057316414e-01,2.384872398437e-01,2.437147260930e-01,2.297930376992e-01
8.900049521787e-02,6.978633562159e-01,1.775160001957e-01,4.383132335379e-01,2.402213450162e-01,3.016970786968e-01,2.393889024156e-01,2.449017057223e-01,2.307863538377e-01
8.982459802072e-02,6.989542066613e-01,1.777059342204e-01,4.397089495202e-01,2.408685357876e-01,3.029944687398e-01,2.402932021731e-01,2.460949863245e-01,2.317832796638e-01
9.065633162863e-02,7.000468912242e-01,1.778952556540e-01,4.411094971523e-01,2.415165586744e-01,3.042979356347e-01,2.412001350623e-01,2.472946075768e-01,2.327838175449e-01
9.149576669927e-02,7.011414136625e-01,1.780839536434e-01,4.425148969648e-01,2.421654014503e-01,3.056075134856e-01,2.421096967995e-01,2.485006094674e-01,2.337879696452e-01
9.234297454459e-02,7.022377777341e-01,1.782720172097e-01,4.439251696001e-01,2.428150516597e-01,3.069232366380e-01,2.430218828677e-01,2.497130322979e-01,2.347957379210e-01
9.319802713681e-02,7.033359871975e-01,1.784594352468e-01,4.453403358123e-01,2.434654966141e-01,3.082451396807e-01,2.439366885124e-01,2.509319166864e-01,2.358071241167e-01
9.406099711462e-02,7.044360458103e-01,1.786461965198e-01,4.467604164683e-01,2.441167233892e-01,3.095732574478e-01,2.448541087371e-01,2.521573035700e-01,2.368221297602e-01
9.493195778929e-02,7.055379573301e-01,1.788322896638e-01,4.481854325478e-01,2.447687188212e-01,3.109076250203e-01,2.457741382992e-01,2.533892342075e-01,2.378407561584e-01
9.581098315092e-02,7.066417255128e-01,1.790177031825e-01,4.496154051440e-01,2.454214695037e-01,3.122482777283e-01,2.466967717056e-01,2.546277501825e-01,2.388630043929e-01
9.669814787472e-02,7.077473541131e-01,1.792024254465e-01,4.510503554637e-01,2.460749617843e-01,3.135952511525e-01,2.476220032086e-01,2.558728934063e-01,2.398888753150e-01
9.759352732737e-02,7.088548468839e-01,1.793864446919e-01,4.524903048282e-01,2.467291817607e-01,3.149485811266e-01,2.485498268009e-01,2.571247061202e-01,2.409183695413e-01
9.849719757340e-02,7.099642075754e-01,1.795697490190e-01,4.539352746732e-01,2.473841152778e-01,3.163083037385e-01,2.494802362115e-01,2.583832308990e-01,2.419514874487e-01
9.940923538166e-02,7.110754399351e-01,1.797523263905e-01,4.553852865496e-01,2.480397479235e-01,3.176744553328e-01,2.504132249009e-01,2.596485106533e-01,2.429882291696e-01
1.003297182319e-01,7.121885477074e-01,1.799341646305e-01,4.568403621238e-01,2.486960650256e-01,3.190470725124e-01,2.513487860564e-01,2.609205886332e-01,2.440285945871e-01
1.012587243211e-01,7.133035346326e-01,1.801152514222e-01,4.583005231777e-01,2.493530516478e-01,3.204261921406e-01,2.522869125873e-01,2.621995084301e-01,2.450725833297e-01
1.021963325706e-01,7.144204044469e-01,1.802955743069e-01,4.597657916095e-01,2.500106925862e-01,3.218118513427e-01,2.532275971203e-01,2.634853139807e-01,2.461201947662e-01
1.031426226323e-01,7.155391608818e-01,1.804751206825e-01,4.612361894341e-01,2.506689723653e-01,3.232040875082e-01,2.541708319943e-01,2.647780495695e-01,2.471714280008e-01
1.040976748957e-01,7.166598076633e-01,1.806538778014e-01,4.627117387831e-01,2.513278752346e-01,3.246029382926e-01,2.551166092555e-01,2.660777598315e-01,2.482262818673e-01
1.050615704948e-01,7.177823485118e-01,1.808318327694e-01,4.641924619051e-01,2.519873851640e-01,3.260084416193e-01,2.560649206524e-01,2.673844897557e-01,2.492847549242e-01
1.060343913145e-01,7.189067871411e-01,1.810089725439e-01,4.656783811664e-01,2.526474858408e-01,3.274206356816e-01,2.570157576307e-01,2.686982846877e-01,2.503468454488e-01
1.070162199984e-01,7.200331272583e-01,1.811852839321e-01,4.671695190511e-01,2.533081606648e-01,3.288395589445e-01,2.579691113279e-01,2.700191903332e-01,2.514125514320e-01
1.080071399549e-01,7.211613725626e-01,1.813607535897e-01,4.686658981612e-01,2.539693927451e-01,3.302652501468e-01,2.589249725680e-01,2.713472527604e-01,2.524818705724e-01
1.090072353650e-01,7.222915267454e-01,1.815353680188e-01,4.701675412173e-01,2.546311648955e-01,3.316977483028e-01,2.598833318561e-01,2.726825184035e-01,2.535548002704e-01
1.100165911891e-01,7.234235934893e-01,1.817091135668e-01,4.716744710582e-01,2.552934596302e-01,3.331370927045e-01,2.608441793733e-01,2.740250340656e-01,2.546313376226e-01
1.110352931742e-01,7.245575764674e-01,1.818819764239e-01,4.731867106419e-01,2.559562591604e-01,3.345833229233e-01,2.618075049706e-01,2.753748469220e-01,2.557114794158e-01
1.120634278615e-01,7.256934793428e-01,1.820539426223e-01,4.747042830452e-01,2.566195453892e-01,3.360364788121e-01,2.627732981634e-01,2.767320045229e-01,2.567952221209e-01
1.131010825933e-01,7.268313057680e-01,1.822249980335e-01,4.762272114641e-01,2.572832999077e-01,3.374966005069e-01,2.637415481260e-01,2.780965547968e-01,2.578825618865e-01
1.141483455208e-01,7.279710593842e-01,1.823951283675e-01,4.777555192142e-01,2.579475039905e-01,3.389637284293e-01,2.647122436855e-01,2.794685460536e-01,2.589734945330e-01
1.152053056114e-01,7.291127438203e-01,1.825643191701e-01,4.792892297305e-01,2.586121385915e-01,3.404379032879e-01,2.656853733160e-01,2.808480269875e-01,2.600680155460e-01
1.162720526561e-01,7.302563626925e-01,1.827325558219e-01,4.808283665678e-01,2.592771843390e-01,3.419191660804e-01,2.666609251324e-01,2.822350466807e-01,2.611661200698e-01
1.173486772777e-01,7.314019196037e-01,1.828998235360e-01,4.823729534006e-01,2.599426215317e-01,3.434075580955e-01,2.676388868847e-01,2.836296546058e-01,2.622678029008e-01
1.184352709379e-01,7.325494181422e-01,1.830661073562e-01,4.839230140234e-01,2.606084301335e-01,3.449031209150e-01,2.686192459513e-01,2.850319006296e-01,2.633730584809e-01
1.195319259452e-01,7.336988618813e-01,1.832313921556e-01,4.854785723508e-01,2.612745897692e-01,3.464058964155e-01,2.696019893330e-01,2.864418350158e-01,2.644818808908e-01
1.206387354631e-01,7.348502543786e-01,1.833956626339e-01,4.870396524174e-01,2.619410797197e-01,3.479159267702e-01,2.705871036466e-01,2.878595084288e-01,2.655942638426e-01
1.217557935175e-01,7.360035991749e-01,1.835589033165e-01,4.886062783776e-01,2.626078789172e-01,3.494332544511e-01,2.715745751182e-01,2.892849719362e-01,2.667102006731e-01
1.228831950050e-01,7.371588997935e-01,1.837210985518e-01,4.901784745063e-01,2.632749659402e-01,3.509579222307e-01,2.725643895768e-01,2.907182770124e-01,2.678296843366e-01
1.240210357011e-01,7.383161597393e-01,1.838822325095e-01,4.917562651983e-01,2.639423190087e-01,3.524899731839e-01,2.735565324474e-01,2.921594755420e-01,2.689527073975e-01
1.251694122678e-01,7.394753824979e-01,1.840422891791e-01,4.933396749682e-01,2.646099159792e-01,3.540294506900e-01,2.745509887443e-01,2.936086198226e-01,2.700792620229e-01
1.263284222623e-01,7.406365715349e-01,1.842012523671e-01,4.949287284508e-01,2.652777343397e-01,3.555763984342e-01,2.755477430642e-01,2.950657625682e-01,2.712093399751e-01
1.274981641454e-01,7.417997302945e-01,1.843591056957e-01,4.965234504007e-01,2.659457512043e-01,3.571308604101e-01,2.765467795792e-01,2.965309569125e-01,2.723429326038e-01
1.286787372891e-01,7.429648621992e-01,1.845158326007e-01,4.981238656920e-01,2.666139433084e-01,3.586928809208e-01,2.775480820295e-01,2.980042564122e-01,2.734800308387e-01
1.298702419858e-01,7.441319706481e-01,1.846714163290e-01,4.997299993186e-01,2.672822870029e-01,3.602625045814e-01,2.785516337162e-01,2.994857150501e-01,2.746206251809e-01
1.310727794567e-01,7.453010590166e-01,1.848258399372e-01,5.013418763935e-01,2.679507582495e-01,3.618397763202e-01,2.795574174941e-01,3.009753872384e-01,2.757647056953e-01
1.322864518600e-01,7.464721306547e-01,1.849790862890e-01,5.029595221489e-01,2.686193326148e-01,3.634247413810e-01,2.805654157640e-01,3.024733278221e-01,2.769122620025e-01
1.335113623000e-01,7.476451888864e-01,1.851311380535e-01,5.045829619359e-01,2.692879852649e-01,3.650174453246e-01,2.815756104654e-01,3.039795920819e-01,2.780632832700e-01
1.347476148356e-01,7.488202370088e-01,1.852819777030e-01,5.062122212242e-01,2.699566909600e-01,3.666179340309e-01,2.825879830682e-01,3.054942357380e-01,2.792177582040e-01
1.359953144893e-01,7.499972782901e-01,1.854315875104e-01,5.078473256014e-01,2.706254240487e-01,3.682262537001e-01,2.836025145657e-01,3.070173149528e-01,2.803756750409e-01
1.372545672561e-01,7.511763159696e-01,1.855799495480e-01,5.094883007733e-01,2.712941584622e-01,3.698424508550e-01,2.846191854659e-01,3.085488863347e-01,2.815370215382e-01
1.385254801123e-01,7.523573532555e-01,1.857270456845e-01,5.111351725631e-01,2.719628677085e-01,3.714665723423e-01,2.856379757839e-01,3.100890069408e-01,2.827017849658e-01
1.398081610248e-01,7.535403933247e-01,1.858728575830e-01,5.127879669109e-01,2.726315248669e-01,3.730986653345e-01,2.866588650333e-01,3.116377342806e-01,2.838699520970e-01
1.411027189605e-01,7.547254393206e-01,1.860173666991e-01,5.144467098734e-01,2.733001025815e-01,3.747387773318e-01,2.876818322183e-01,3.131951263192e-01,2.850415091989e-01
1.424092638949e-01,7.559124943526e-01,1.861605542783e-01,5.161114276231e-01,2.739685730556e-01,3.763869561631e-01,2.887068558248e-01,3.147612414802e-01,2.862164420237e-01
1.437279068220e-01,7.571015614944e-01,1.863024013541e-01,5.177821464483e-01,2.746369080453e-01,3.780432499883e-01,2.897339138123e-01,3.163361386494e-01,2.873947357983e-01
1.450587597635e-01,7.582926437829e-01,1.864428887454e-01,5.194588927519e-01,2.753050788538e-01,3.797077072995e-01,2.907629836047e-01,3.179198771776e-01,2.885763752153e-01
1.464019357785e-01,7.594857442166e-01,1.865819970543e-01,5.211416930509e-01,2.759730563245e-01,3.813803769227e-01,2.917940420816e-01,3.195125168843e-01,2.897613444231e-01
1.477575489728e-01,7.606808657546e-01,1.867197066637e-01,5.228305739758e-01,2.766408108351e-01,3.830613080193e-01,2.928270655693e-01,3.211141180606e-01,2.909496270154e-01
1.491257145089e-01,7.618780113149e-01,1.868559977354e-01,5.245255622700e-01,2.773083122911e-01,3.847505500876e-01,2.938620298320e-01,3.227247414723e-01,2.921412060213e-01
1.505065486155e-01,7.630771837728e-01,1.869908502072e-01,5.262266847886e-01,2.779755301191e-01,3.864481529644e-01,2.948989100617e-01,3.243444483634e-01,2.933360638953e-01
1.519001685977e-01,7.642783859600e-01,1.871242437907e-01,5.279339684979e-01,2.786424332605e-01,3.881541668264e-01,2.959376808697e-01,3.259733004591e-01,2.945341825060e-01
1.533066928467e-01,7.654816206623e-01,1.872561579690e-01,5.296474404741e-01,2.793089901644e-01,3.898686421913e-01,2.969783162764e-01,3.276113599690e-01,2.957355431262e-01
1.547262408499e-01,7.666868906188e-01,1.873865719940e-01,5.313671279029e-01,2.799751687814e-01,3.915916299197e-01,2.980207897018e-01,3.292586895903e-01,2.969401264213e-01
1.561589332011e-01,7.678941985198e-01,1.875154648846e-01,5.330930580779e-01,2.806409365560e-01,3.933231812161e-01,2.990650739557e-01,3.309153525106e-01,2.981479124389e-01
1.576048916110e-01,7.691035470053e-01,1.876428154232e-01,5.348252584001e-01,2.813062604205e-01,3.950633476301e-01,3.001111412273e-01,3.325814124116e-01,2.993588805970e-01
1.590642389169e-01,7.703149386634e-01,1.877686021541e-01,5.365637563762e-01,2.819711067871e-01,3.968121810580e-01,3.011589630757e-01,3.342569334717e-01,3.005730096728e-01
1.605370990937e-01,7.715283760285e-01,1.878928033806e-01,5.383085796179e-01,2.826354415415e-01,3.985697337437e-01,3.022085104189e-01,3.359419803689e-01,3.017902777911e-01
1.620235972643e-01,7.727438615796e-01,1.880153971626e-01,5.400597558402e-01,2.832992300352e-01,4.003360582798e-01,3.032597535237e-01,3.376366182846e-01,3.030106624126e-01
1.635238597101e-01,7.739613977384e-01,1.881363613138e-01,5.418173128605e-01,2.839624370782e-01,4.021112076092e-01,3.043126619948e-01,3.393409129058e-01,3.042341403213e-01
1.650380138818e-01,7.751809868676e-01,1.882556733993e-01,5.435812785969e-01,2.846250269319e-01,4.038952350256e-01,3.053672047642e-01,3.410549304285e-01,3.054606876132e-01
1.665661884103e-01,7.764026312691e-01,1.883733107331e-01,5.453516810669e-01,2.852869633013e-01,4.056881941746e-01,3.064233500801e-01,3.427787375603e-01,3.066902796830e-01
1.681085131175e-01,7.776263331817e-01,1.884892503751e-01,5.471285483859e-01,2.859482093275e-01,4.074901390550e-01,3.074810654957e-01,3.445124015238e-01,3.079228912120e-01
1.696651190275e-01,7.788520947795e-01,1.886034691290e-01,5.489119087654e-01,2.866087275798e-01,4.093011240193e-01,3.085403178581e-01,3.462559900590e-01,3.091584961553e-01
1.712361383773e-01,7.800799181696e-01,1.887159435389e-01,5.507017905117e-01,2.872684800483e-01,4.111212037748e-01,3.096010732963e-01,3.480095714263e-01,3.103970677281e-01
1.728217046288e-01,7.813098053904e-01,1.888266498874e-01,5.524982220236e-01,2.879274281355e-01,4.129504333840e-01,3.106632972101e-01,3.497732144093e-01,3.116385783934e-01
1.744219524795e-01,7.825417584089e-01,1.889355641924e-01,5.543012317913e-01,2.885855326488e-01,4.147888682657e-01,3.117269542580e-01,3.515469883175e-01,3.128829998477e-01
1.760370178739e-01,7.837757791193e-01,1.890426622042e-01,5.561108483937e-01,2.892427537918e-01,4.166365641956e-01,3.127920083452e-01,3.533309629888e-01,3.141303030078e-01
1.776670380157e-01,7.850118693400e-01,1.891479194032e-01,5.579271004970e-01,2.898990511565e-01,4.184935773064e-01,3.138584226110e-01,3.551252087927e-01,3.153804579965e-01
1.793121513788e-01,7.862500308120e-01,1.892513109971e-01,5.597500168525e-01,2.905543837150e-01,4.203599640889e-01,3.149261594172e-01,3.569297966322e-01,3.166334341289e-01
1.809724977193e-01,7.874902651960e-01,1.893528119174e-01,5.615796262941e-01,2.912087098107e-01,4.222357813919e-01,3.159951803348e-01,3.587447979466e-01,3.178891998973e-01
1.826482180874e-01,7.887325740706e-01,1.894523968174e-01,5.634159577367e-01,2.918619871501e-01,4.241210864229e-01,3.170654461315e-01,3.605702847143e-01,3.191477229575e-01
1.843394548394e-01,7.899769589294e-01,1.895500400690e-01,5.652590401730e-01,2.925141727942e-01,4.260159367482e-01,3.181369167585e-01,3.624063294547e-01,3.204089701130e-01
1.860463516498e-01,7.912234211786e-01,1.896457157598e-01,5.671089026718e-01,2.931652231492e-01,4.279203902930e-01,3.192095513378e-01,3.642530052308e-01,3.216729073004e-01
1.877690535233e-01,7.924719621347e-01,1.897393976900e-01,5.689655743752e-01,2.938150939585e-01,4.298345053414e-01,3.202833081484e-01,3.661103856512e-01,3.229394995741e-01
1.895077068074e-01,7.937225830217e-01,1.898310593701e-01,5.708290844958e-01,2.944637402927e-01,4.317583405369e-01,3.213581446128e-01,3.679785448730e-01,3.242087110903e-01
1.912624592046e-01,7.949752849686e-01,1.899206740174e-01,5.726994623142e-01,2.951111165416e-01,4.336919548816e-01,3.224340172832e-01,3.698575576031e-01,3.254805050913e-01
1.930334597853e-01,7.962300690062e-01,1.900082145530e-01,5.745767371758e-01,2.957571764041e-01,4.356354077363e-01,3.235108818276e-01,3.717474991006e-01,3.267548438898e-01
1.948208589999e-01,7.974869360649e-01,1.900936535994e-01,5.764609384885e-01,2.964018728794e-01,4.375887588203e-01,3.245886930157e-01,3.736484451791e-01,3.280316888515e-01
1.966248086921e-01,7.987458869718e-01,1.901769634768e-01,5.783520957189e-01,2.970451582571e-01,4.395520682107e-01,3.256674047042e-01,3.755604722078e-01,3.293110003796e-01
1.984454621116e-01,8.000069224472e-01,1.902581162006e-01,5.802502383894e-01,2.976869841084e-01,4.415253963423e-01,3.267469698223e-01,3.774836571141e-01,3.305927378969e-01
2.002829739270e-01,8.012700431024e-01,1.903370834781e-01,5.821553960751e-01,2.983273012755e-01,4.435088040064e-01,3.278273403569e-01,3.794180773848e-01,3.318768598291e-01
2.021375002391e-01,8.025352494359e-01,1.904138367053e-01,5.840675984001e-01,2.989660598627e-01,4.455023523503e-01,3.289084673374e-01,3.813638110680e-01,3.331633235873e-01
2.040091985943e-01,8.038025418308e-01,1.904883469643e-01,5.859868750339e-01,2.996032092258e-01,4.475061028767e-01,3.299903008205e-01,3.833209367741e-01,3.344520855499e-01
2.058982279975e-01,8.050719205517e-01,1.905605850195e-01,5.879132556881e-01,3.002386979625e-01,4.495201174423e-01,3.310727898748e-01,3.852895336780e-01,3.357431010450e-01
2.078047489261e-01,8.063433857408e-01,1.906305213151e-01,5.898467701121e-01,3.008724739020e-01,4.515444582566e-01,3.321558825646e-01,3.872696815196e-01,3.370363243316e-01
2.097289233435e-01,8.076169374152e-01,1.906981259717e-01,5.917874480896e-01,3.015044840947e-01,4.535791878810e-01,3.332395259343e-01,3.892614606054e-01,3.383317085810e-01
2.116709147127e-01,8.088925754631e-01,1.907633687829e-01,5.937353194341e-01,3.021346748022e-01,4.556243692271e-01,3.343236659922e-01,3.912649518093e-01,3.396292058584e-01
2.136308880103e-01,8.101702996406e-01,1.908262192126e-01,5.956904139851e-01,3.027629914863e-01,4.576800655554e-01,3.354082476936e-01,3.932802365739e-01,3.409287671026e-01
2.156090097404e-01,8.114501095679e-01,1.908866463913e-01,5.976527616032e-01,3.033893787986e-01,4.597463404730e-01,3.364932149246e-01,3.953073969108e-01,3.422303421077e-01
2.176054479491e-01,8.127320047257e-01,1.909446191132e-01,5.996223921662e-01,3.040137805697e-01,4.618232579325e-01,3.375785104848e-01,3.973465154016e-01,3.435338795019e-01
2.196203722384e-01,8.140159844517e-01,1.910001058329e-01,6.015993355639e-01,3.046361397982e-01,4.639108822296e-01,3.386640760700e-01,3.993976751984e-01,3.448393267284e-01
2.216539537806e-01,8.153020479364e-01,1.910530746619e-01,6.035836216935e-01,3.052563986396e-01,4.660092780008e-01,3.397498522553e-01,4.014609600237e-01,3.461466300241e-01
2.237063653332e-01,8.165901942194e-01,1.911034933657e-01,6.055752804545e-01,3.058744983955e-01,4.681185102211e-01,3.408357784766e-01,4.035364541713e-01,3.474557343993e-01
2.257777812532e-01,8.178804221857e-01,1.911513293603e-01,6.075743417436e-01,3.064903795020e-01,4.702386442018e-01,3.419217930132e-01,4.056242425061e-01,3.487665836158e-01
2.278683775122e-01,8.191727305609e-01,1.911965497088e-01,6.095808354495e-01,3.071039815182e-01,4.723697455872e-01,3.430078329693e-01,4.077244104635e-01,3.500791201663e-01
2.299783317111e-01,8.204671179079e-01,1.912391211181e-01,6.115947914471e-01,3.077152431149e-01,4.745118803524e-01,3.440938342557e-01,4.098370440499e-01,3.513932852518e-01
2.321078230953e-01,8.217635826220e-01,1.912790099359e-01,6.136162395919e-01,3.083241020628e-01,4.766651147993e-01,3.451797315706e-01,4.119622298418e-01,3.527090187594e-01
2.342570325700e-01,8.230621229268e-01,1.913161821468e-01,6.156452097144e-01,3.089304952206e-01,4.788295155542e-01,3.462654583811e-01,4.141000549850e-01,3.540262592404e-01
2.364261427155e-01,8.243627368699e-01,1.913506033693e-01,6.176817316135e-01,3.095343585230e-01,4.810051495639e-01,3.473509469034e-01,4.162506071941e-01,3.553449438864e-01
2.386153378026e-01,8.256654223179e-01,1.913822388524e-01,6.197258350507e-01,3.101356269690e-01,4.831920840917e-01,3.484361280834e-01,4.184139747516e-01,3.566650085068e-01
2.408248038084e-01,8.269701769523e-01,1.914110534718e-01,6.217775497436e-01,3.107342346091e-01,4.853903867141e-01,3.495209315768e-01,4.205902465060e-01,3.579863875048e-01
2.430547284321e-01,8.282769982645e-01,1.914370117272e-01,6.238369053589e-01,3.113301145332e-01,4.876001253160e-01,3.506052857292e-01,4.227795118709e-01,3.593090138532e-01
2.453053011110e-01,8.295858835507e-01,1.914600777381e-01,6.259039315059e-01,3.119231988582e-01,4.898213680867e-01,3.516891175551e-01,4.249818608232e-01,3.606328190704e-01
2.475767130364e-01,8.308968299074e-01,1.914802152409e-01,6.279786577293e-01,3.125134187153e-01,4.920541835153e-01,3.527723527174e-01,4.271973839013e-01,3.619577331953e-01
2.498691571698e-01,8.322098342262e-01,1.914973875854e-01,6.300611135016e-01,3.131007042370e-01,4.942986403855e-01,3.538549155065e-01,4.294261722025e-01,3.632836847622e-01
2.521828282596e-01,8.335248931885e-01,1.915115577310e-01,6.321513282161e-01,3.136849845444e-01,4.965548077706e-01,3.549367288189e-01,4.316683173811e-01,3.646106007752e-01
2.545179228576e-01,8.348420032601e-01,1.915226882436e-01,6.342493311787e-01,3.142661877341e-01,4.988227550282e-01,3.560177141353e-01,4.339239116458e-01,3.659384066823e-01
2.568746393353e-01,8.361611606862e-01,1.915307412920e-01,6.363551516002e-01,3.148442408651e-01,5.011025517944e-01,3.570977914991e-01,4.361930477562e-01,3.672670263490e-01
2.592531779011e-01,8.374823614856e-01,1.915356786445e-01,6.384688185878e-01,3.154190699450e-01,5.033942679780e-01,3.581768794938e-01,4.384758190204e-01,3.685963820314e-01
2.616537406175e-01,8.388056014450e-01,1.915374616652e-01,6.405903611367e-01,3.159905999171e-01,5.056979737540e-01,3.592548952204e-01,4.407723192908e-01,3.699263943491e-01
2.640765314176e-01,8.401308761137e-01,1.915360513107e-01,6.427198081215e-01,3.165587546465e-01,5.080137395573e-01,3.603317542748e-01,4.430826429611e-01,3.712569822578e-01
2.665217561231e-01,8.414581807969e-01,1.915314081266e-01,6.448571882869e-01,3.171234569063e-01,5.103416360757e-01,3.614073707246e-01,4.454068849615e-01,3.725880630208e-01
2.689896224614e-01,8.427875105506e-01,1.915234922441e-01,6.470025302387e-01,3.176846283638e-01,5.126817342427e-01,3.624816570852e-01,4.477451407549e-01,3.739195521809e-01
2.714803400834e-01,8.441188601748e-01,1.915122633761e-01,6.491558624340e-01,3.182421895664e-01,5.150341052302e-01,3.635545242965e-01,4.500975063320e-01,3.752513635312e-01
2.739941205813e-01,8.454522242075e-01,1.914976808142e-01,6.513172131717e-01,3.187960599275e-01,5.173988204407e-01,3.646258816981e-01,4.524640782064e-01,3.765834090863e-01
2.765311775064e-01,8.467875969183e-01,1.914797034251e-01,6.534866105819e-01,3.193461577119e-01,5.197759514986e-01,3.656956370057e-01,4.548449534090e-01,3.779155990518e-01
2.790917263876e-01,8.481249723018e-01,1.914582896468e-01,6.556640826160e-01,3.198924000216e-01,5.221655702424e-01,3.667636962853e-01,4.572402294824e-01,3.792478417945e-01
2.816759847494e-01,8.494643440710e-01,1.914333974854e-01,6.578496570354e-01,3.204347027813e-01,5.245677487154e-01,3.678299639288e-01,4.596500044751e-01,3.805800438119e-01
2.842841721303e-01,8.508057056503e-01,1.914049845117e-01,6.600433614012e-01,3.209729807232e-01,5.269825591565e-01,3.688943426281e-01,4.620743769346e-01,3.819121097003e-01
2.869165101020e-01,8.521490501688e-01,1.913730078574e-01,6.622452230620e-01,3.215071473724e-01,5.294100739906e-01,3.699567333494e-01,4.645134459008e-01,3.832439421241e-01
2.895732222875e-01,8.534943704529e-01,1.913374242120e-01,6.644552691429e-01,3.220371150322e-01,5.318503658183e-01,3.710170353072e-01,4.669673108987e-01,3.845754417831e-01
2.922545343805e-01,8.548416590192e-01,1.912981898189e-01,6.666735265332e-01,3.225627947680e-01,5.343035074059e-01,3.720751459373e-01,4.694360719309e-01,3.859065073801e-01
2.949606741648e-01,8.561909080673e-01,1.912552604727e-01,6.689000218740e-01,3.230840963931e-01,5.367695716742e-01,3.731309608705e-01,4.719198294689e-01,3.872370355880e-01
2.976918715330e-01,8.575421094717e-01,1.912085915148e-01,6.711347815456e-01,3.236009284524e-01,5.392486316872e-01,3.741843739051e-01,4.744186844456e-01,3.885669210160e-01
3.004483585066e-01,8.588952547744e-01,1.911581378309e-01,6.733778316546e-01,3.241131982073e-01,5.417407606403e-01,3.752352769793e-01,4.769327382451e-01,3.898960561760e-01
3.032303692556e-01,8.602503351770e-01,1.911038538471e-01,6.756291980199e-01,3.246208116198e-01,5.442460318484e-01,3.762835601435e-01,4.794620926941e-01,3.912243314474e-01
3.060381401180e-01,8.616073415328e-01,1.910456935265e-01,6.778889061596e-01,3.251236733366e-01,5.467645187327e-01,3.773291115316e-01,4.820068500517e-01,3.925516350430e-01
3.088719096204e-01,8.629662643380e-01,1.909836103662e-01,6.801569812763e-01,3.256216866734e-01,5.492962948078e-01,3.783718173329e-01,4.845671129988e-01,3.938778529728e-01
3.117319184980e-01,8.643270937241e-01,1.909175573936e-01,6.824334482427e-01,3.261147535985e-01,5.518414336683e-01,3.794115617627e-01,4.871429846270e-01,3.952028690080e-01
3.146184097152e-01,8.656898194486e-01,1.908474871635e-01,6.847183315867e-01,3.266027747165e-01,5.544000089739e-01,3.804482270333e-01,4.897345684277e-01,3.965265646449e-01
3.175316284860e-01,8.670544308867e-01,1.907733517543e-01,6.870116554757e-01,3.270856492524e-01,5.569720944354e-01,3.814816933237e-01,4.923419682792e-01,3.978488190675e-01
3.204718222948e-01,8.684209170222e-01,1.906951027653e-01,6.893134437012e-01,3.275632750346e-01,5.595577637989e-01,3.825118387502e-01,4.949652884346e-01,3.991695091098e-01
3.234392409181e-01,8.697892664384e-01,1.906126913131e-01,6.916237196621e-01,3.280355484784e-01,5.621570908302e-01,3.835385393354e-01,4.976046335085e-01,4.004885092180e-01
3.264341364447e-01,8.711594673089e-01,1.905260680288e-01,6.939425063482e-01,3.285023645696e-01,5.647701492985e-01,3.845616689776e-01,5.002601084631e-01,4.018056914118e-01
3.294567632978e-01,8.725315073880e-01,1.904351830544e-01,6.962698263232e-01,3.289636168470e-01,5.673970129594e-01,3.855810994197e-01,5.029318185936e-01,4.031209252450e-01
3.325073782566e-01,8.739053740009e-01,1.903399860400e-01,6.986057017067e-01,3.294191973861e-01,5.700377555369e-01,3.865967002174e-01,5.056198695134e-01,4.044340777660e-01
3.355862404777e-01,8.752810540341e-01,1.902404261409e-01,7.009501541564e-01,3.298689967817e-01,5.726924507057e-01,3.876083387074e-01,5.083243671381e-01,4.057450134771e-01
3.386936115176e-01,8.766585339252e-01,1.901364520143e-01,7.033032048496e-01,3.303129041304e-01,5.753611720721e-01,3.886158799751e-01,5.110454176692e-01,4.070535942945e-01
3.418297553545e-01,8.780377996525e-01,1.900280118164e-01,7.056648744636e-01,3.307508070138e-01,5.780439931547e-01,3.896191868217e-01,5.137831275769e-01,4.083596795060e-01
3.449949384110e-01,8.794188367246e-01,1.899150531997e-01,7.080351831568e-01,3.311825914810e-01,5.807409873636e-01,3.906181197313e-01,5.165376035822e-01,4.096631257297e-01
3.481894295766e-01,8.808016301696e-01,1.897975233100e-01,7.104141505479e-01,3.316081420307e-01,5.834522279805e-01,3.916125368377e-01,5.193089526384e-01,4.109637868712e-01
3.514135002308e-01,8.821861645244e-01,1.896753687835e-01,7.128017956959e-01,3.320273415938e-01,5.861777881361e-01,3.926022938900e-01,5.220972819117e-01,4.122615140807e-01
3.546674242656e-01,8.835724238233e-01,1.895485357445e-01,7.151981370784e-01,3.324400715160e-01,5.889177407885e-01,3.935872442189e-01,5.249026987610e-01,4.135561557093e-01
3.579514781093e-01,8.849603915868e-01,1.894169698024e-01,7.176031925701e-01,3.328462115394e-01,5.916721586999e-01,3.945672387020e-01,5.277253107167e-01,4.148475572646e-01
3.612659407499e-01,8.863500508097e-01,1.892806160491e-01,7.200169794205e-01,3.332456397852e-01,5.944411144125e-01,3.955421257286e-01,5.305652254595e-01,4.161355613665e-01
3.646110937585e-01,8.877413839497e-01,1.891394190568e-01,7.224395142309e-01,3.336382327353e-01,5.972246802242e-01,3.965117511651e-01,5.334225507971e-01,4.174200077013e-01
3.679872213135e-01,8.891343729152e-01,1.889933228754e-01,7.248708129310e-01,3.340238652143e-01,6.000229281630e-01,3.974759583182e-01,5.362973946410e-01,4.187007329758e-01
3.713946102247e-01,8.905289990528e-01,1.888422710300e-01,7.273108907546e-01,3.344024103718e-01,6.028359299608e-01,3.984345879001e-01,5.391898649818e-01,4.199775708713e-01
3.748335499576e-01,8.919252431350e-01,1.886862065189e-01,7.297597622150e-01,3.347737396637e-01,6.056637570262e-01,3.993874779912e-01,5.421000698640e-01,4.212503519961e-01
3.783043326579e-01,8.933230853470e-01,1.885250718116e-01,7.322174410799e-01,3.351377228343e-01,6.085064804162e-01,4.003344640034e-01,5.450281173597e-01,4.225189038378e-01
3.818072531766e-01,8.947225052744e-01,1.883588088462e-01,7.346839403449e-01,3.354942278977e-01,6.113641708078e-01,4.012753786436e-01,5.479741155407e-01,4.237830507153e-01
3.853426090948e-01,8.961234818891e-01,1.881873590278e-01,7.371592722069e-01,3.358431211198e-01,6.142368984679e-01,4.022100518753e-01,5.509381724510e-01,4.250426137300e-01
3.889107007490e-01,8.975259935362e-01,1.880106632268e-01,7.396434480373e-01,3.361842669998e-01,6.171247332222e-01,4.031383108815e-01,5.539203960765e-01,4.262974107161e-01
3.925118312569e-01,8.989300179202e-01,1.878286617768e-01,7.421364783530e-01,3.365175282516e-01,6.200277444239e-01,4.040599800261e-01,5.569208943150e-01,4.275472561907e-01
3.961463065426e-01,9.003355320905e-01,1.876412944733e-01,7.446383727885e-01,3.368427657856e-01,6.229460009208e-01,4.049748808154e-01,5.599397749445e-01,4.287919613034e-01
3.998144353633e-01,9.017425124276e-01,1.874485005718e-01,7.471491400659e-01,3.371598386902e-01,6.258795710212e-01,4.058828318590e-01,5.629771455902e-01,4.300313337851e-01
4.035165293347e-01,9.031509346279e-01,1.872502187870e-01,7.496687879648e-01,3.374686042132e-01,6.288285224593e-01,4.067836488312e-01,5.660331136911e-01,4.312651778961e-01
4.072529029583e-01,9.045607736893e-01,1.870463872910e-01,7.521973232914e-01,3.377689177435e-01,6.317929223592e-01,4.076771444305e-01,5.691077864640e-01,4.324932943738e-01
4.110238736476e-01,9.059720038955e-01,1.868369437127e-01,7.547347518465e-01,3.380606327925e-01,6.347728371980e-01,4.085631283405e-01,5.722012708682e-01,4.337154803799e-01
4.148297617550e-01,9.073845988011e-01,1.866218251365e-01,7.572810783931e-01,3.383436009758e-01,6.377683327672e-01,4.094414071894e-01,5.753136735667e-01,4.349315294469e-01
4.186708905997e-01,9.087985312150e-01,1.864009681017e-01,7.598363066230e-01,3.386176719946e-01,6.407794741339e-01,4.103117845090e-01,5.784451008883e-01,4.361412314242e-01
4.225475864941e-01,9.102137731852e-01,1.861743086017e-01,7.624004391227e-01,3.388826936174e-01,6.438063255997e-01,4.111740606947e-01,5.815956587865e-01,4.373443724230e-01
4.264601787725e-01,9.116302959816e-01,1.859417820837e-01,7.649734773380e-01,3.391385116620e-01,6.468489506595e-01,4.120280329638e-01,5.847654527983e-01,4.385407347617e-01
4.304089998186e-01,9.130480700800e-01,1.857033234485e-01,7.675554215388e-01,3.393849699766e-01,6.499074119580e-01,4.128734953139e-01,5.879545880008e-01,4.397300969097e-01
4.343943850937e-01,9.144670651447e-01,1.854588670501e-01,7.701462707813e-01,3.396219104222e-01,6.529817712456e-01,4.137102384819e-01,5.911631689668e-01,4.409122334316e-01
4.384166731655e-01,9.158872500110e-01,1.852083466959e-01,7.727460228714e-01,3.398491728539e-01,6.560720893329e-01,4.145380499012e-01,5.943912997185e-01,4.420869149298e-01
4.424762057365e-01,9.173085926680e-01,1.849516956473e-01,7.753546743254e-01,3.400665951037e-01,6.591784260434e-01,4.153567136599e-01,5.976390836805e-01,4.432539079875e-01
4.465733276733e-01,9.187310602405e-01,1.846888466195e-01,7.779722203306e-01,3.402740129616e-01,6.623008401654e-01,4.161660104585e-01,6.009066236297e-01,4.444129751107e-01
4.507083870357e-01,9.201546189705e-01,1.844197317829e-01,7.805986547052e-01,3.404712601587e-01,6.654393894022e-01,4.169657175664e-01,6.041940216454e-01,4.455638746696e-01
4.548817351066e-01,9.215792341985e-01,1.841442827637e-01,7.832339698562e-01,3.406581683492e-01,6.685941303207e-01,4.177556087798e-01,6.075013790562e-01,4.467063608400e-01
4.590937264213e-01,9.230048703451e-01,1.838624306451e-01,7.858781567377e-01,3.408345670927e-01,6.717651182988e-01,4.185354543779e-01,6.108287963862e-01,4.478401835434e-01
4.633447187982e-01,9.244314908910e-01,1.835741059685e-01,7.885312048067e-01,3.410002838371e-01,6.749524074714e-01,4.193050210800e-01,6.141763732988e-01,4.489650883874e-01
4.676350733688e-01,9.258590583577e-01,1.832792387355e-01,7.911931019792e-01,3.411551439019e-01,6.781560506740e-01,4.200640720014e-01,6.175442085393e-01,4.500808166050e-01
4.719651546086e-01,9.272875342874e-01,1.829777584096e-01,7.938638345844e-01,3.412989704602e-01,6.813760993858e-01,4.208123666104e-01,6.209323998749e-01,4.511871049939e-01
4.763353303678e-01,9.287168792225e-01,1.826695939184e-01,7.965433873180e-01,3.414315845233e-01,6.846126036705e-01,4.215496606838e-01,6.243410440337e-01,4.522836858550e-01
4.807459719029e-01,9.301470526853e-01,1.823546736560e-01,7.992317431948e-01,3.415528049232e-01,6.878656121157e-01,4.222757062631e-01,6.277702366408e-01,4.533702869306e-01
4.851974539079e-01,9.315780131563e-01,1.820329254860e-01,8.019288834996e-01,3.416624482969e-01,6.911351717702e-01,4.229902516107e-01,6.312200721535e-01,4.544466313422e-01
4.896901545465e-01,9.330097180530e-01,1.817042767440e-01,8.046347877371e-01,3.417603290706e-01,6.944213280800e-01,4.236930411652e-01,6.346906437931e-01,4.555124375278e-01
4.942244554838e-01,9.344421237084e-01,1.813686542416e-01,8.073494335814e-01,3.418462594435e-01,6.977241248223e-01,4.243838154975e-01,6.381820434761e-01,4.565674191789e-01
4.988007419191e-01,9.358751853480e-01,1.810259842697e-01,8.100727968228e-01,3.419200493732e-01,7.010436040378e-01,4.250623112663e-01,6.416943617420e-01,4.576112851770e-01
5.034194026184e-01,9.373088570679e-01,1.806761926026e-01,8.128048513153e-01,3.419815065605e-01,7.043798059608e-01,4.257282611741e-01,6.452276876794e-01,4.586437395301e-01
5.080808299474e-01,9.387430918117e-01,1.803192045024e-01,8.155455689208e-01,3.420304364345e-01,7.077327689475e-01,4.263813939224e-01,6.487821088503e-01,4.596644813081e-01
5.127854199051e-01,9.401778413465e-01,1.799549447237e-01,8.182949194540e-01,3.420666421391e-01,7.111025294028e-01,4.270214341675e-01,6.523577112110e-01,4.606732045790e-01
5.175335721572e-01,9.416130562401e-01,1.795833375186e-01,8.210528706246e-01,3.420899245185e-01,7.144891217042e-01,4.276481024767e-01,6.559545790316e-01,4.616695983435e-01
5.223256900700e-01,9.430486858360e-01,1.792043066426e-01,8.238193879790e-01,3.421000821045e-01,7.178925781245e-01,4.282611152835e-01,6.595727948127e-01,4.626533464709e-01
5.271621807449e-01,9.444846782293e-01,1.788177753598e-01,8.265944348404e-01,3.420969111035e-01,7.213129287520e-01,4.288601848439e-01,6.632124391996e-01,4.636241276331e-01
5.320434550529e-01,9.459209802415e-01,1.784236664500e-01,8.293779722473e-01,3.420802053839e-01,7.247502014082e-01,4.294450191926e-01,6.668735908937e-01,4.645816152397e-01
5.369699276694e-01,9.473575373951e-01,1.780219022148e-01,8.321699588914e-01,3.420497564648e-01,7.282044215642e-01,4.300153220989e-01,6.705563265618e-01,4.655254773724e-01
5.419420171095e-01,9.487942938881e-01,1.776124044852e-01,8.349703510531e-01,3.420053535043e-01,7.316756122539e-01,4.305707930235e-01,6.742607207425e-01,4.664553767191e-01
5.469601457636e-01,9.502311925674e-01,1.771950946290e-01,8.377791025365e-01,3.419467832892e-01,7.351637939855e-01,4.311111270751e-01,6.779868457494e-01,4.673709705085e-01
5.520247399332e-01,9.516681749024e-01,1.767698935590e-01,8.405961646025e-01,3.418738302250e-01,7.386689846506e-01,4.316360149675e-01,6.817347715724e-01,4.682719104436e-01
5.571362298671e-01,9.531051809577e-01,1.763367217417e-01,8.434214859002e-01,3.417862763263e-01,7.421911994305e-01,4.321451429767e-01,6.855045657753e-01,4.691578426366e-01
5.622950497981e-01,9.545421493662e-01,1.758954992064e-01,8.462550123976e-01,3.416839012085e-01,7.457304507004e-01,4.326381928989e-01,6.892962933907e-01,4.700284075425e-01
5.675016379798e-01,9.559790173003e-01,1.754461455547e-01,8.490966873098e-01,3.415664820796e-01,7.492867479313e-01,4.331148420088e-01,6.931100168124e-01,4.708832398933e-01
5.727564367237e-01,9.574157204445e-01,1.749885799711e-01,8.519464510267e-01,3.414337937334e-01,7.528600975887e-01,4.335747630175e-01,6.969457956835e-01,4.717219686327e-01
5.780598924370e-01,9.588521929659e-01,1.745227212332e-01,8.548042410380e-01,3.412856085431e-01,7.564505030290e-01,4.340176240322e-01,7.008036867828e-01,4.725442168499e-01
5.834124556605e-01,9.602883674855e-01,1.740484877236e-01,8.576699918578e-01,3.411216964558e-01,7.600579643938e-01,4.344430885158e-01,7.046837439068e-01,4.733496017149e-01
5.888145811065e-01,9.617241750481e-01,1.735657974415e-01,8.605436349464e-01,3.409418249877e-01,7.636824785004e-01,4.348508152467e-01,7.085860177490e-01,4.741377344128e-01
5.942667276980e-01,9.631595450929e-01,1.730745680155e-01,8.634250986317e-01,3.407457592212e-01,7.673240387304e-01,4.352404582804e-01,7.125105557758e-01,4.749082200794e-01
5.997693586074e-01,9.645944054222e-01,1.725747167167e-01,8.663143080279e-01,3.405332618017e-01,7.709826349152e-01,4.356116669104e-01,7.164574020985e-01,4.756606577365e-01
6.053229412957e-01,9.660286821711e-01,1.720661604724e-01,8.692111849530e-01,3.403040929363e-01,7.746582532181e-01,4.359640856312e-01,7.204265973423e-01,4.763946402279e-01
6.109279475524e-01,9.674622997758e-01,1.715488158812e-01,8.721156478445e-01,3.400580103930e-01,7.783508760146e-01,4.362973541013e-01,7.244181785113e-01,4.771097541559e-01
6.165848535357e-01,9.688951809418e-01,1.710225992278e-01,8.750276116735e-01,3.397947695021e-01,7.820604817686e-01,4.366111071072e-01,7.284321788501e-01,4.778055798182e-01
6.222941398127e-01,9.703272466120e-01,1.704874264992e-01,8.779469878566e-01,3.395141231570e-01,7.857870449058e-01,4.369049745288e-01,7.324686277012e-01,4.784816911457e-01
6.280562914003e-01,9.717584159332e-01,1.699432134013e-01,8.808736841669e-01,3.392158218182e-01,7.895305356847e-01,4.371785813054e-01,7.365275503592e-01,4.791376556406e-01
6.338717978064e-01,9.731886062240e-01,1.693898753768e-01,8.838076046418e-01,3.388996135172e-01,7.932909200633e-01,4.374315474029e-01,7.406089679201e-01,4.797730343153e-01
6.397411530716e-01,9.746177329403e-01,1.688273276230e-01,8.867486494908e-01,3.385652438625e-01,7.970681595632e-01,4.376634877824e-01,7.447128971278e-01,4.803873816329e-01
6.456648558112e-01,9.760457096420e-01,1.682554851117e-01,8.896967149994e-01,3.382124560465e-01,8.008622111307e-01,4.378740123699e-01,7.488393502152e-01,4.809802454473e-01
6.516434092571e-01,9.774724479581e-01,1.676742626083e-01,8.926516934330e-01,3.378409908545e-01,8.046730269935e-01,4.380627260269e-01,7.529883347421e-01,4.815511669457e-01
6.576773213012e-01,9.788978575521e-01,1.670835746935e-01,8.956134729377e-01,3.374505866744e-01,8.085005545151e-01,4.382292285235e-01,7.571598534283e-01,4.820996805910e-01
6.637671045381e-01,9.803218460866e-01,1.664833357848e-01,8.985819374395e-01,3.370409795091e-01,8.123447360452e-01,4.383731145122e-01,7.613539039824e-01,4.826253140661e-01
6.699132763088e-01,9.817443191876e-01,1.658734601590e-01,9.015569665416e-01,3.366119029895e-01,8.162055087661e-01,4.384939735031e-01,7.655704789262e-01,4.831275882197e-01
6.761163587447e-01,9.831651804085e-01,1.652538619764e-01,9.045384354201e-01,3.361630883897e-01,8.200828045367e-01,4.385913898417e-01,7.698095654148e-01,4.836060170126e-01
6.823768788118e-01,9.845843311933e-01,1.646244553050e-01,9.075262147168e-01,3.356942646447e-01,8.239765497314e-01,4.386649426877e-01,7.740711450512e-01,4.840601074660e-01
6.886953683556e-01,9.860016708399e-01,1.639851541464e-01,9.105201704310e-01,3.352051583684e-01,8.278866650764e-01,4.387142059961e-01,7.783551936974e-01,4.844893596121e-01
6.950723641462e-01,9.874170964626e-01,1.633358724630e-01,9.135201638085e-01,3.346954938752e-01,8.318130654815e-01,4.387387485000e-01,7.826616812796e-01,4.848932664451e-01
7.015084079241e-01,9.888305029545e-01,1.626765242048e-01,9.165260512294e-01,3.341649932027e-01,8.357556598686e-01,4.387381336961e-01,7.869905715890e-01,4.852713138747e-01
7.080040464458e-01,9.902417829493e-01,1.620070233394e-01,9.195376840926e-01,3.336133761369e-01,8.397143509958e-01,4.387119198316e-01,7.913418220774e-01,4.856229806821e-01
7.145598315308e-01,9.916508267826e-01,1.613272838817e-01,9.225549086996e-01,3.330403602393e-01,8.436890352776e-01,4.386596598942e-01,7.957153836480e-01,4.859477384772e-01
7.211763201079e-01,9.930575224533e-01,1.606372199249e-01,9.255775661352e-01,3.324456608767e-01,8.476796026014e-01,4.385809016042e-01,8.001112004407e-01,4.862450516585e-01
7.278540742630e-01,9.944617555844e-01,1.599367456735e-01,9.286054921467e-01,3.318289912535e-01,8.516859361395e-01,4.384751874089e-01,8.045292096121e-01,4.865143773750e-01
7.345936612866e-01,9.958634093830e-01,1.592257754767e-01,9.316385170206e-01,3.311900624454e-01,8.557079121574e-01,4.383420544809e-01,8.089693411100e-01,4.867551654915e-01
7.413956537220e-01,9.972623646009e-01,1.585042238636e-01,9.346764654574e-01,3.305285834373e-01,8.597453998170e-01,4.381810347174e-01,8.134315174433e-01,4.869668585557e-01
7.482606294140e-01,9.986584994939e-01,1.577720055795e-01,9.377191564441e-01,3.298442611628e-01,8.637982609767e-01,4.379916547445e-01,8.179156534447e-01,4.871488917683e-01
7.551891715581e-01,1.000051689781e+00,1.570290356236e-01,9.407664031249e-01,3.291368005466e-01,8.678663499865e-01,4.377734359231e-01,8.224216560293e-01,4.873006929563e-01
7.621818687497e-01,1.001441808606e+00,1.562752292881e-01,9.438180126692e-01,3.284059045502e-01,8.719495134782e-01,4.375258943591e-01,8.269494239469e-01,4.874216825496e-01
7.692393150344e-01,1.002828726491e+00,1.555105021988e-01,9.468737861378e-01,3.276512742202e-01,8.760475901527e-01,4.372485409164e-01,8.314988475276e-01,4.875112735608e-01
7.763621099585e-01,1.004212311302e+00,1.547347703569e-01,9.499335183469e-01,3.268726087398e-01,8.801604105608e-01,4.369408812339e-01,8.360698084231e-01,4.875688715680e-01
7.835508586197e-01,1.005592428199e+00,1.539479501831e-01,9.529969977303e-01,3.260696054837e-01,8.842877968812e-01,4.366024157465e-01,8.406621793404e-01,4.875938747023e-01
7.908061717186e-01,1.006968939605e+00,1.531499585618e-01,9.560640061981e-01,3.252419600765e-01,8.884295626931e-01,4.362326397092e-01,8.452758237703e-01,4.875856736387e-01
7.981286656106e-01,1.008341705151e+00,1.523407128887e-01,9.591343189951e-01,3.243893664535e-01,8.925855127438e-01,4.358310432265e-01,8.499105957094e-01,4.875436515910e-01
8.055189623584e-01,1.009710581645e+00,1.515201311184e-01,9.622077045559e-01,3.235115169266e-01,8.967554427125e-01,4.353971112849e-01,8.545663393756e-01,4.874671843113e-01
8.129776897846e-01,1.011075423023e+00,1.506881318149e-01,9.652839243576e-01,3.226081022528e-01,9.009391389683e-01,4.349303237915e-01,8.592428889178e-01,4.873556400940e-01
8.205054815251e-01,1.012436080309e+00,1.498446342031e-01,9.683627327715e-01,3.216788117071e-01,9.051363783248e-01,4.344301556154e-01,8.639400681182e-01,4.872083797846e-01
8.281029770831e-01,1.013792401570e+00,1.489895582223e-01,9.714438769116e-01,3.207233331589e-01,9.093469277883e-01,4.338960766356e-01,8.686576900890e-01,4.870247567937e-01
8.357708218832e-01,1.015144231879e+00,1.481228245818e-01,9.745270964814e-01,3.197413531533e-01,9.135705443021e-01,4.333275517936e-01,8.733955569615e-01,4.868041171155e-01
8.435096673263e-01,1.016491413263e+00,1.472443548176e-01,9.776121236190e-01,3.187325569954e-01,9.178069744860e-01,4.327240411508e-01,8.781534595697e-01,4.865457993534e-01
8.513201708451e-01,1.017833784669e+00,1.463540713519e-01,9.806986827392e-01,3.176966288405e-01,9.220559543701e-01,4.320849999520e-01,8.829311771255e-01,4.862491347494e-01
8.592029959596e-01,1.019171181916e+00,1.454518975543e-01,9.837864903744e-01,3.166332517877e-01,9.263172091243e-01,4.314098786949e-01,8.877284768888e-01,4.859134472215e-01
8.671588123340e-01,1.020503437653e+00,1.445377578045e-01,9.868752550131e-01,3.155421079784e-01,9.305904527826e-01,4.306981232053e-01,8.925451138289e-01,4.855380534060e-01
8.751882958331e-01,1.021830381320e+00,1.436115775575e-01,9.899646769367e-01,3.144228787006e-01,9.348753879622e-01,4.299491747184e-01,8.973808302804e-01,4.851222627072e-01
8.832921285797e-01,1.023151839098e+00,1.426732834110e-01,9.930544480535e-01,3.132752444966e-01,9.391717055782e-01,4.291624699673e-01,9.022353555910e-01,4.846653773542e-01
8.914709990131e-01,1.024467633874e+00,1.417228031749e-01,9.961442517323e-01,3.120988852772e-01,9.434790845524e-01,4.283374412780e-01,9.071084057628e-01,4.841666924640e-01
8.997256019470e-01,1.025777585196e+00,1.407600659428e-01,9.992337626324e-01,3.108934804409e-01,9.477971915176e-01,4.274735166711e-01,9.119996830857e-01,4.836254961133e-01
9.080566386288e-01,1.027081509230e+00,1.397850021658e-01,1.002322646533e+00,3.096587089981e-01,9.521256805169e-01,4.265701199716e-01,9.169088757647e-01,4.830410694176e-01
9.164648167991e-01,1.028379218718e+00,1.387975437288e-01,1.005410560162e+00,3.083942497020e-01,9.564641926977e-01,4.256266709259e-01,9.218356575384e-01,4.824126866190e-01
9.249508507519e-01,1.029670522939e+00,1.377976240291e-01,1.008497151018e+00,3.070997811843e-01,9.608123560008e-01,4.246425853269e-01,9.267796872917e-01,4.817396151817e-01
9.335154613952e-01,1.030955227668e+00,1.367851780576e-01,1.011582057197e+00,3.057749820976e-01,9.651697848444e-01,4.236172751474e-01,9.317406086601e-01,4.810211158979e-01
9.421593763122e-01,1.032233135134e+00,1.357601424817e-01,1.014664907215e+00,3.044195312642e-01,9.695360798034e-01,4.225501486816e-01,9.367180496271e-01,4.802564430018e-01
9.508833298233e-01,1.033504043978e+00,1.347224557322e-01,1.017745319828e+00,3.030331078307e-01,9.739108272832e-01,4.214406106967e-01,9.417116221140e-01,4.794448442941e-01
9.596880630483e-01,1.034767749220e+00,1.336720580912e-01,1.020822903850e+00,3.016153914298e-01,9.782935991892e-01,4.202880625920e-01,9.467209215622e-01,4.785855612763e-01
9.685743239695e-01,1.036024042214e+00,1.326088917835e-01,1.023897257975e+00,3.001660623488e-01,9.826839525911e-01,4.190919025693e-01,9.517455265087e-01,4.776778292958e-01
9.775428674949e-01,1.037272710614e+00,1.315329010709e-01,1.026967970591e+00,2.986848017050e-01,9.870814293822e-01,4.178515258122e-01,9.567849981535e-01,4.767208777020e-01
9.865944555230e-01,1.038513538334e+00,1.304440323487e-01,1.030034619595e+00,2.971712916287e-01,9.914855559342e-01,4.165663246754e-01,9.618388799195e-01,4.757139300138e-01
9.957298570068e-01,1.039746305512e+00,1.293422342452e-01,1.033096772212e+00,2.956252154530e-01,9.958958427476e-01,4.152356888861e-01,9.669066970061e-01,4.746562040987e-01
1.004949848019e+00,1.040970788478e+00,1.282274577242e-01,1.036153984804e+00,2.940462579122e-01,1.000311784097e+00,4.138590057548e-01,9.719879559340e-01,4.735469123650e-01
1.014255211821e+00,1.042186759715e+00,1.270996561905e-01,1.039205802688e+00,2.924341053475e-01,1.004732857671e+00,4.124356603983e-01,9.770821440840e-01,4.723852619662e-01
1.023646738922e+00,1.043393987828e+00,1.259587855978e-01,1.042251759944e+00,2.907884459209e-01,1.009158524211e+00,4.109650359747e-01,9.821887292279e-01,4.711704550189e-01
1.033125227155e+00,1.044592237509e+00,1.248048045607e-01,1.045291379230e+00,2.891089698378e-01,1.013588227141e+00,4.094465139302e-01,9.873071590520e-01,4.699016888349e-01
1.042691481739e+00,1.045781269512e+00,1.236376744688e-01,1.048324171594e+00,2.873953695777e-01,1.018021392198e+00,4.078794742585e-01,9.924368606744e-01,4.685781561671e-01
1.052346315350e+00,1.046960840617e+00,1.224573596044e-01,1.051349636284e+00,2.856473401343e-01,1.022457427054e+00,4.062632957740e-01,9.975772401543e-01,4.671990454711e-01
1.062090548187e+00,1.048130703604e+00,1.212638272634e-01,1.054367260559e+00,2.838645792642e-01,1.026895720938e+00,4.045973563973e-01,1.002727681995e+00,4.657635411814e-01
1.071925008046e+00,1.049290607230e+00,1.200570478794e-01,1.057376519505e+00,2.820467877452e-01,1.031335644251e+00,4.028810334558e-01,1.007887548642e+00,4.642708240044e-01
1.081850530387e+00,1.050440296197e+00,1.188369951516e-01,1.060376875842e+00,2.801936696441e-01,1.035776548179e+00,4.011137039980e-01,1.013056179967e+00,4.627200712274e-01
1.091867958404e+00,1.051579511136e+00,1.176036461748e-01,1.063367779739e+00,2.783049325944e-01,1.040217764305e+00,3.992947451233e-01,1.018232892758e+00,4.611104570456e-01
1.101978143102e+00,1.052707988580e+00,1.163569815745e-01,1.066348668629e+00,2.763802880841e-01,1.044658604213e+00,3.974235343262e-01,1.023416980193e+00,4.594411529059e-01
1.112181943364e+00,1.053825460949e+00,1.150969856442e-01,1.069318967023e+00,2.744194517535e-01,1.049098359092e+00,3.954994498576e-01,1.028607711309e+00,4.577113278703e-01
1.122480226025e+00,1.054931656529e+00,1.138236464871e-01,1.072278086322e+00,2.724221437041e-01,1.053536299339e+00,3.935218711013e-01,1.033804330469e+00,4.559201489976e-01
1.132873865950e+00,1.056026299463e+00,1.125369561604e-01,1.075225424643e+00,2.703880888182e-01,1.057971674156e+00,3.914901789682e-01,1.039006056823e+00,4.540667817447e-01
1.143363746101e+00,1.057109109730e+00,1.112369108248e-01,1.078160366627e+00,2.683170170893e-01,1.062403711148e+00,3.894037563074e-01,1.044212083758e+00,4.521503903898e-01
1.153950757617e+00,1.058179803145e+00,1.099235108958e-01,1.081082283273e+00,2.662086639645e-01,1.066831615916e+00,3.872619883353e-01,1.049421578349e+00,4.501701384746e-01
1.164635799890e+00,1.059238091342e+00,1.085967612002e-01,1.083990531750e+00,2.640627706980e-01,1.071254571653e+00,3.850642630834e-01,1.054633680804e+00,4.481251892699e-01
1.175419780638e+00,1.060283681777e+00,1.072566711360e-01,1.086884455232e+00,2.618790847169e-01,1.075671738735e+00,3.828099718648e-01,1.059847503904e+00,4.460147062636e-01
1.186303615985e+00,1.061316277724e+00,1.059032548354e-01,1.089763382723e+00,2.596573599992e-01,1.080082254314e+00,3.804985097603e-01,1.065062132437e+00,4.438378536710e-01
1.197288230538e+00,1.062335578276e+00,1.045365313330e-01,1.092626628892e+00,2.573973574639e-01,1.084485231910e+00,3.781292761248e-01,1.070276622629e+00,4.415937969702e-01
1.208374557464e+00,1.063341278352e+00,1.031565247366e-01,1.095473493910e+00,2.550988453745e-01,1.088879760999e+00,3.757016751142e-01,1.075490001578e+00,4.392817034618e-01
1.219563538573e+00,1.064333068703e+00,1.017632644028e-01,1.098303263289e+00,2.527615997552e-01,1.093264906613e+00,3.732151162336e-01,1.080701266675e+00,4.369007428544e-01
1.230856124394e+00,1.065310635927e+00,1.003567851159e-01,1.101115207729e+00,2.503854048200e-01,1.097639708925e+00,3.706690149076e-01,1.085909385030e+00,4.344500878763e-01
1.242253274259e+00,1.066273662484e+00,9.893712727180e-02,1.103908582966e+00,2.479700534162e-01,1.102003182851e+00,3.680627930725e-01,1.091113292895e+00,4.319289149140e-01
1.253755956381e+00,1.067221826717e+00,9.750433706468e-02,1.106682629634e+00,2.455153474812e-01,1.106354317645e+00,3.653958797922e-01,1.096311895083e+00,4.293364046799e-01
1.265365147939e+00,1.068154802875e+00,9.605846667865e-02,1.109436573118e+00,2.430210985135e-01,1.110692076498e+00,3.626677118975e-01,1.101504064390e+00,4.266717429075e-01
1.277081835160e+00,1.069072261143e+00,9.459957448307e-02,1.112169623428e+00,2.404871280584e-01,1.115015396146e+00,3.598777346496e-01,1.106688641013e+00,4.239341210769e-01
1.288907013405e+00,1.069973867677e+00,9.312772523198e-02,1.114880975074e+00,2.379132682079e-01,1.119323186470e+00,3.570254024285e-01,1.111864431975e+00,4.211227371711e-01
1.300841687249e+00,1.070859284641e+00,9.164299026771e-02,1.117569806945e+00,2.352993621157e-01,1.123614330118e+00,3.541101794471e-01,1.117030210544e+00,4.182367964627e-01
1.312886870569e+00,1.071728170249e+00,9.014544772847e-02,1.120235282201e+00,2.326452645278e-01,1.127887682117e+00,3.511315404915e-01,1.122184715659e+00,4.152755123344e-01
1.325043586633e+00,1.072580178821e+00,8.863518276007e-02,1.122876548172e+00,2.299508423276e-01,1.132142069498e+00,3.480889716877e-01,1.127326651358e+00,4.122381071310e-01
1.337312868179e+00,1.073414960830e+00,8.711228773175e-02,1.125492736265e+00,2.272159750974e-01,1.136376290928e+00,3.449819712962e-01,1.132454686212e+00,4.091238130469e-01
1.349695757513e+00,1.074232162966e+00,8.557686245597e-02,1.128082961884e+00,2.244405556960e-01,1.140589116350e+00,3.418100505343e-01,1.137567452756e+00,4.059318730476e-01
1.362193306589e+00,1.075031428204e+00,8.402901441234e-02,1.130646324354e+00,2.216244908513e-01,1.144779286629e+00,3.385727344274e-01,1.142663546937e+00,4.026615418274e-01
1.374806577102e+00,1.075812395877e+00,8.246885897547e-02,1.133181906864e+00,2.187677017705e-01,1.148945513210e+00,3.352695626891e-01,1.147741527560e+00,3.993120868043e-01
1.387536640579e+00,1.076574701752e+00,8.089651964688e-02,1.135688776416e+00,2.158701247664e-01,1.153086477790e+00,3.319000906318e-01,1.152799915746e+00,3.958827891519e-01
1.400384578467e+00,1.077317978123e+00,7.931212829078e-02,1.138165983787e+00,2.129317118998e-01,1.157200831991e+00,3.284638901075e-01,1.157837194399e+00,3.923729448704e-01
1.413351482228e+00,1.078041853902e+00,7.771582537371e-02,1.140612563510e+00,2.099524316403e-01,1.161287197060e+00,3.249605504803e-01,1.162851807680e+00,3.887818658971e-01
1.426438453430e+00,1.078745954719e+00,7.610776020806e-02,1.143027533861e+00,2.069322695427e-01,1.165344163571e+00,3.213896796295e-01,1.167842160497e+00,3.851088812576e-01
1.439646603842e+00,1.079429903034e+00,7.448809119927e-02,1.145409896864e+00,2.038712289417e-01,1.169370291151e+00,3.177509049865e-01,1.172806618006e+00,3.813533382578e-01
1.452977055526e+00,1.080093318256e+00,7.285698609674e-02,1.147758638318e+00,2.007693316636e-01,1.173364108214e+00,3.140438746040e-01,1.177743505123e+00,3.775146037187e-01
1.466430940934e+00,1.080735816866e+00,7.121462224825e-02,1.150072727826e+00,1.976266187555e-01,1.177324111719e+00,3.102682582585e-01,1.182651106058e+00,3.735920652548e-01
1.480009403005e+00,1.081357012554e+00,6.956118685788e-02,1.152351118862e+00,1.944431512326e-01,1.181248766947e+00,3.064237485873e-01,1.187527663862e+00,3.695851325960e-01
1.493713595260e+00,1.081956516362e+00,6.789687724729e-02,1.154592748834e+00,1.912190108425e-01,1.185136507294e+00,3.025100622600e-01,1.192371379993e+00,3.654932389545e-01
1.507544681901e+00,1.082533936841e+00,6.622190112019e-02,1.156796539185e+00,1.879543008481e-01,1.188985734088e+00,2.985269411856e-01,1.197180413902e+00,3.613158424386e-01
1.521503837912e+00,1.083088880211e+00,6.453647682989e-02,1.158961395505e+00,1.846491468276e-01,1.192794816432e+00,2.944741537542e-01,1.201952882649e+00,3.570524275121e-01
1.535592249154e+00,1.083620950535e+00,6.284083364979e-02,1.161086207665e+00,1.813036974931e-01,1.196562091070e+00,2.903514961160e-01,1.206686860530e+00,3.527025065021e-01
1.549811112470e+00,1.084129749908e+00,6.113521204658e-02,1.163169849980e+00,1.779181255260e-01,1.200285862278e+00,2.861587934964e-01,1.211380378741e+00,3.482656211552e-01
1.564161635785e+00,1.084614878647e+00,5.941986395607e-02,1.165211181385e+00,1.744926284317e-01,1.203964401786e+00,2.818959015480e-01,1.216031425066e+00,3.437413442425e-01
1.578645038209e+00,1.085075935500e+00,5.769505306126e-02,1.167209045648e+00,1.710274294103e-01,1.207595948732e+00,2.775627077401e-01,1.220637943595e+00,3.391292812152e-01
1.593262550139e+00,1.085512517867e+00,5.596105507273e-02,1.169162271600e+00,1.675227782460e-01,1.211178709642e+00,2.731591327861e-01,1.225197834478e+00,3.344290719107e-01
1.608015413368e+00,1.085924222026e+00,5.421815801073e-02,1.171069673398e+00,1.639789522139e-01,1.214710858450e+00,2.686851321089e-01,1.229708953710e+00,3.296403923102e-01
1.622904881184e+00,1.086310643383e+00,5.246666248904e-02,1.172930050812e+00,1.603962570033e-01,1.218190536554e+00,2.641406973440e-01,1.234169112954e+00,3.247629563482e-01
1.637932218482e+00,1.086671376720e+00,5.070688200017e-02,1.174742189546e+00,1.567750276588e-01,1.221615852906e+00,2.595258578824e-01,1.238576079409e+00,3.197965177752e-01
1.653098701869e+00,1.087006016473e+00,4.893914320160e-02,1.176504861592e+00,1.531156295378e-01,1.224984884147e+00,2.548406824507e-01,1.242927575712e+00,3.147408720733e-01
1.668405619772e+00,1.087314157009e+00,4.716378620278e-02,1.178216825606e+00,1.494184592845e-01,1.228295674784e+00,2.500852807312e-01,1.247221279890e+00,3.095958584259e-01
1.683854272548e+00,1.087595392930e+00,4.538116485255e-02,1.179876827335e+00,1.456839458196e-01,1.231546237407e+00,2.452598050200e-01,1.251454825367e+00,3.043613617410e-01
1.699445972596e+00,1.087849319380e+00,4.359164702657e-02,1.181483600064e+00,1.419125513460e-01,1.234734552966e+00,2.403644519242e-01,1.255625801006e+00,2.990373147302e-01
1.715182044467e+00,1.088075532377e+00,4.179561491440e-02,1.183035865111e+00,1.381047723697e-01,1.237858571080e+00,2.353994640980e-01,1.259731751221e+00,2.936237000416e-01
1.731063824976e+00,1.088273629154e+00,3.999346530584e-02,1.184532332351e+00,1.342611407347e-01,1.240916210420e+00,2.303651320167e-01,1.263770176136e+00,2.881205524480e-01
1.747092663317e+00,1.088443208519e+00,3.818560987602e-02,1.185971700793e+00,1.303822246722e-01,1.243905359127e+00,2.252617957896e-01,1.267738531813e+00,2.825279610912e-01
1.763269921175e+00,1.088583871230e+00,3.637247546877e-02,1.187352659188e+00,1.264686298632e-01,1.246823875303e+00,2.200898470104e-01,1.271634230537e+00,2.768460717804e-01
1.779596972847e+00,1.088695220391e+00,3.455450437790e-02,1.188673886684e+00,1.225210005134e-01,1.249669587560e+00,2.148497306452e-01,1.275454641172e+00,2.710750893466e-01
1.796075205352e+00,1.088776861858e+00,3.273215462568e-02,1.189934053527e+00,1.185400204397e-01,1.252440295625e+00,2.095419469577e-01,1.279197089589e+00,2.652152800519e-01
1.812706018554e+00,1.088828404669e+00,3.090590023803e-02,1.191131821810e+00,1.145264141679e-01,1.255133771023e+00,2.041670534695e-01,1.282858859170e+00,2.592669740537e-01
1.829490825278e+00,1.088849461493e+00,2.907623151587e-02,1.192265846268e+00,1.104809480394e-01,1.257747757825e+00,1.987256669577e-01,1.286437191386e+00,2.532305679228e-01
1.846431051433e+00,1.088839649088e+00,2.724365530195e-02,1.193334775126e+00,1.064044313277e-01,1.260279973469e+00,1.932184654857e-01,1.289929286468e+00,2.471065272160e-01
1.863528136130e+00,1.088798588793e+00,2.540869524246e-02,1.194337250999e+00,1.022977173611e-01,1.262728109661e+00,1.876461904677e-01,1.293332304154e+00,2.408953891013e-01
1.880783531804e+00,1.088725907027e+00,2.357189204283e-02,1.195271911845e+00,9.816170465306e-02,1.265089833353e+00,1.820096487664e-01,1.296643364537e+00,2.345977650356e-01
1.898198704341e+00,1.088621235816e+00,2.173380371685e-02,1.196137391972e+00,9.399733803648e-02,1.267362787808e+00,1.763097148212e-01,1.299859549006e+00,2.282143434937e-01
1.915775133200e+00,1.088484213333e+00,1.989500582844e-02,1.196932323113e+00,8.980560980164e-02,1.269544593747e+00,1.705473328060e-01,1.302977901286e+00,2.217458927472e-01
1.933514311538e+00,1.088314484470e+00,1.805609172514e-02,1.197655335546e+00,8.558756083617e-02,1.271632850596e+00,1.647235188152e-01,1.305995428587e+00,2.151932636923e-01
1.951417746340e+00,1.088111701416e+00,1.621767276262e-02,1.198305059289e+00,8.134428176493e-02,1.273625137820e+00,1.588393630760e-01,1.308909102863e+00,2.085573927248e-01
1.969486958544e+00,1.087875524275e+00,1.438037851912e-02,1.198880125352e+00,7.707691408831e-02,1.275519016355e+00,1.528960321845e-01,1.311715862182e+00,2.018393046599e-01
1.987723483169e+00,1.087605621688e+00,1.254485699901e-02,1.199379167056e+00,7.278665131680e-02,1.277312030151e+00,1.468947713646e-01,1.314412612225e+00,1.950401156962e-01
2.006128869451e+00,1.087301671490e+00,1.071177482444e-02,1.199800821420e+00,6.847474009986e-02,1.279001707812e+00,1.408369067458e-01,1.316996227901e+00,1.881610364197e-01
2.024704680969e+00,1.086963361387e+00,8.881817413965e-03,1.200143730620e+00,6.414248134684e-02,1.280585564351e+00,1.347238476583e-01,1.319463555102e+00,1.812033748478e-01
2.043452495781e+00,1.086590389649e+00,7.055689147254e-03,1.200406543514e+00,5.979123133750e-02,1.282061103060e+00,1.285570889429e-01,1.321811412587e+00,1.741685395076e-01
2.062373906557e+00,1.086182465838e+00,5.234113514483e-03,1.200587917249e+00,5.542240281977e-02,1.283425817498e+00,1.223382132710e-01,1.324036594016e+00,1.670580425482e-01
2.081470520713e+00,1.085739311553e+00,3.417833249450e-03,1.200686518936e+00,5.103746609189e-02,1.284677193598e+00,1.160688934735e-01,1.326135870122e+00,1.598735028814e-01
2.100743960551e+00,1.085260661195e+00,1.607610445064e-03,1.200701027409e+00,4.663795006626e-02,1.285812711910e+00,1.097508948735e-01,1.328105991047e+00,1.526166493496e-01
2.120195863394e+00,1.084746262766e+00,-1.957733500490e-04,1.200630135054e+00,4.222544331194e-02,1.286829849966e+00,1.033860776199e-01,1.329943688831e+00,1.452893239139e-01
2.139827881726e+00,1.084195878686e+00,-1.991517055177e-03,1.200472549737e+00,3.780159507252e-02,1.287726084785e+00,9.697639901653e-02,1.331645680066e+00,1.378934848607e-01
2.159641683330e+00,1.083609286633e+00,-3.778800002767e-03,1.200226996792e+00,3.336811625619e-02,1.288498895520e+00,9.052391584412e-02,1.333208668724e+00,1.304312100209e-01
2.179638951435e+00,1.082986280415e+00,-5.556781906750e-03,1.199892221115e+00,2.892678039437e-02,1.289145766247e+00,8.403078666915e-02,1.334629349164e+00,1.229046999973e-01
2.199821384855e+00,1.082326670857e+00,-7.324602855448e-03,1.199466989336e+00,2.447942456513e-02,1.289664188899e+00,7.749927413471e-02,1.335904409318e+00,1.153162813929e-01
2.220190698133e+00,1.081630286720e+00,-9.081383330616e-03,1.198950092074e+00,2.002795027756e-02,1.290051666362e+00,7.093174722835e-02,1.337030534069e+00,1.076684100377e-01
2.240748621690e+00,1.080896975642e+00,-1.082622425425e-02,1.198340346295e+00,1.557432431293e-02,1.290305715724e+00,6.433068352084e-02,1.338004408824e+00,9.996367420356e-02
2.261496901967e+00,1.080126605104e+00,-1.255820706482e-02,1.197636597751e+00,1.112057951827e-02,1.290423871678e+00,5.769867136993e-02,1.338822723293e+00,9.220479780431e-02
2.282437301580e+00,1.079319063418e+00,-1.427639382470e-02,1.196837723519e+00,6.668815547835e-03,1.290403690107e+00,5.103841208257e-02,1.339482175473e+00,8.439464357050e-02
2.303571599461e+00,1.078474260740e+00,-1.597982736050e-02,1.195942634632e+00,2.221199547737e-03,1.290242751824e+00,4.435272202863e-02,1.339979475843e+00,7.653621619356e-02
2.324901591020e+00,1.077592130114e+00,-1.766753143829e-02,1.194950278802e+00,-2.220033221365e-03,1.289938666494e+00,3.764453469909e-02,1.340311351789e+00,6.863266542974e-02
2.346429088286e+00,1.076672628525e+00,-1.933851097543e-02,1.193859643250e+00,-6.652578828629e-03,1.289489076733e+00,3.091690270066e-02,1.340474552249e+00,6.068728915567e-02
2.368155920070e+00,1.075715737987e+00,-2.099175229114e-02,1.192669757622e+00,-1.107406418999e-02,1.288891662386e+00,2.417299967907e-02,1.340465852589e+00,5.270353636594e-02
2.390083932117e+00,1.074721466651e+00,-2.262622339778e-02,1.191379697014e+00,-1.548204666334e-02,1.288144144995e+00,1.741612216216e-02,1.340282059729e+00,4.468501010308e-02
2.412214987261e+00,1.073689849929e+00,-2.424087433480e-02,1.189988585090e+00,-1.987401372799e-02,1.287244292454e+00,1.064969131394e-02,1.339920017498e+00,3.663547030919e-02
2.434550965586e+00,1.072620951647e+00,-2.583463754765e-02,1.188495597300e+00,-2.424738275444e-02,1.286189923852e+00,3.877254590016e-03,1.339376612251e+00,2.855883658834e-02
2.457093764584e+00,1.071514865212e+00,-2.740642831375e-02,1.186899964204e+00,-2.859950087101e-02,1.284978914520e+00,-2.897512715547e-03,1.338648778738e+00,2.045919086798e-02
2.479845299317e+00,1.070371714802e+00,-2.895514521770e-02,1.185200974885e+00,-3.292764493401e-02,1.283609201272e+00,-9.670806042459e-03,1.337733506233e+00,1.234077994685e-02
2.502807502581e+00,1.069191656571e+00,-3.047967067814e-02,1.183397980476e+00,-3.722902160832e-02,1.282078787842e+00,-1.643869026646e-02,1.336627844926e+00,4.208017916602e-03
2.525982325067e+00,1.067974879878e+00,-3.197887152842e-02,1.181490397774e+00,-4.150076756564e-02,1.280385750536e+00,-2.319709854312e-02,1.335328912595e+00,-3.934511556831e-03
2.549371735530e+00,1.066721608518e+00,-3.345159965356e-02,1.179477712957e+00,-4.573994980786e-02,1.278528244077e+00,-2.994183130525e-02,1.333833901539e+00,-1.208205310641e-02
2.572977720953e+00,1.065432101984e+00,-3.489669268593e-02,1.177359485400e+00,-4.994356612317e-02,1.276504507663e+00,-3.666855542647e-02,1.332140085804e+00,-2.022967770693e-02
2.596802286719e+00,1.064106656729e+00,-3.631297476191e-02,1.175135351586e+00,-5.410854568298e-02,1.274312871235e+00,-4.337280356397e-02,1.330244828678e+00,-2.837228090352e-02
2.620847456779e+00,1.062745607444e+00,-3.769925734228e-02,1.172805029107e+00,-5.823174978779e-02,1.271951761945e+00,-5.004997369426e-02,1.328145590480e+00,-3.650458124257e-02
2.645115273825e+00,1.061349328346e+00,-3.905434009854e-02,1.170368320765e+00,-6.230997277039e-02,1.269419710841e+00,-5.669532885604e-02,1.325839936636e+00,-4.462111892220e-02
2.669607799464e+00,1.059918234469e+00,-4.037701186795e-02,1.167825118752e+00,-6.633994306530e-02,1.266715359756e+00,-6.330399711498e-02,1.323325546036e+00,-5.271625468072e-02
2.694327114392e+00,1.058452782962e+00,-4.166605167961e-02,1.165175408928e+00,-7.031832445309e-02,1.263837468404e+00,-6.987097176577e-02,1.320600219697e+00,-6.078416894197e-02
2.719275318571e+00,1.056953474394e+00,-4.292022985433e-02,1.162419275172e+00,-7.424171748894e-02,1.260784921686e+00,-7.639111178727e-02,1.317661889702e+00,-6.881886123726e-02
2.744454531409e+00,1.055420854045e+00,-4.413830918062e-02,1.159556903814e+00,-7.810666112478e-02,1.257556737193e+00,-8.285914256733e-02,1.314508628439e+00,-7.681414992459e-02
2.769866891936e+00,1.053855513211e+00,-4.531904616957e-02,1.156588588149e+00,-8.190963453446e-02,1.254152072912e+00,-8.926965691424e-02,1.311138658130e+00,-8.476367222655e-02
2.795514558992e+00,1.052258090489e+00,-4.646119239096e-02,1.153514733006e+00,-8.564705915188e-02,1.250570235131e+00,-9.561711637230e-02,1.307550360648e+00,-9.266088460898e-02
2.821399711404e+00,1.050629273060e+00,-4.756349589322e-02,1.150335859397e+00,-8.931530093191e-02,1.246810686534e+00,-1.018958528598e-01,1.303742287615e+00,-1.004990635235e-01
2.847524548175e+00,1.048969797957e+00,-4.862470270971e-02,1.147052609206e+00,-9.291067284429e-02,1.242873054479e+00,-1.081000706476e-01,1.299713170789e+00,-1.082713065379e-01
2.873891288670e+00,1.047280453315e+00,-4.964355845367e-02,1.143665749946e+00,-9.642943761070e-02,1.238757139461e+00,-1.142238486984e-01,1.295461932721e+00,-1.159705338781e-01
2.900502172804e+00,1.045562079603e+00,-5.061881000430e-02,1.140176179545e+00,-9.986781069542e-02,1.234462923741e+00,-1.202611433851e-01,1.290987697692e+00,-1.235894904087e-01
2.927359461232e+00,1.043815570829e+00,-5.154920728630e-02,1.136584931171e+00,-1.032219635600e-01,1.229990580145e+00,-1.262057916087e-01,1.286289802899e+00,-1.311207480768e-01
2.954465435541e+00,1.042041875715e+00,-5.243350514495e-02,1.132893178088e+00,-1.064880271925e-01,1.225340481010e+00,-1.320515143378e-01,1.281367809907e+00,-1.385567088458e-01
2.981822398448e+00,1.040241998845e+00,-5.327046531898e-02,1.129102238517e+00,-1.096620959219e-01,1.220513207277e+00,-1.377919205875e-01,1.276221516343e+00,-1.458896081488e-01
3.009432673988e+00,1.038417001761e+00,-5.405885851332e-02,1.125213580509e+00,-1.127402315283e-01,1.215509557708e+00,-1.434205118624e-01,1.270850967814e+00,-1.531115188870e-01
3.037298607717e+00,1.036568004028e+00,-5.479746657338e-02,1.121228826810e+00,-1.157184676591e-01,1.210330558224e+00,-1.489306870831e-01,1.265256470053e+00,-1.602143560047e-01
3.065422566911e+00,1.034696184244e+00,-5.548508476281e-02,1.117149759706e+00,-1.185928145625e-01,1.204977471341e+00,-1.543157480186e-01,1.259438601258e+00,-1.671898816677e-01
3.093806940763e+00,1.032802780990e+00,-5.612052414630e-02,1.112978325833e+00,-1.213592641474e-01,1.199451805689e+00,-1.595689052473e-01,1.253398224630e+00,-1.740297110779e-01
3.122454140591e+00,1.030889093726e+00,-5.670261407862e-02,1.108716640943e+00,-1.240137953813e-01,1.193755325593e+00,-1.646832846684e-01,1.247136501057e+00,-1.807253189521e-01
3.151366600041e+00,1.028956483613e+00,-5.723020480141e-02,1.104366994609e+00,-1.265523800352e-01,1.187890060708e+00,-1.696519345862e-01,1.240654901966e+00,-1.872680466978e-01
3.180546775293e+00,1.027006374264e+00,-5.770217014831e-02,1.099931854843e+00,-1.289709887854e-01,1.181858315663e+00,-1.744678333900e-01,1.233955222272e+00,-1.936491103152e-01
3.209997145267e+00,1.025040252412e+00,-5.811741035947e-02,1.095413872625e+00,-1.312655976821e-01,1.175662679714e+00,-1.791238978509e-01,1.227039593446e+00,-1.998596090593e-01
3.239720211842e+00,1.023059668486e+00,-5.847485500559e-02,1.090815886314e+00,-1.334321949932e-01,1.169306036362e+00,-1.836129920597e-01,1.219910496625e+00,-2.058905348913e-01
3.269718500059e+00,1.021066237094e+00,-5.877346602175e-02,1.086140925923e+00,-1.354667884318e-01,1.162791572923e+00,-1.879279370257e-01,1.212570775779e+00,-2.117327827526e-01
3.299994558342e+00,1.019061637398e+00,-5.901224085085e-02,1.081392217237e+00,-1.373654127766e-01,1.156122790003e+00,-1.920615209596e-01,1.205023650866e+00,-2.173771616918e-01
3.330550958711e+00,1.017047613381e+00,-5.919021569595e-02,1.076573185756e+00,-1.391241378905e-01,1.149303510862e+00,-1.960065102607e-01,1.197272730955e+00,-2.228144068768e-01
3.361390297002e+00,1.015025973982e+00,-5.930646888062e-02,1.071687460432e+00,-1.407390771459e-01,1.142337890622e+00,-1.997556612295e-01,1.189322027282e+00,-2.280351925222e-01
3.392515193088e+00,1.012998593114e+00,-5.936012431594e-02,1.066738877182e+00,-1.422063962619e-01,1.135230425287e+00,-2.033017325254e-01,1.181175966174e+00,-2.330301457630e-01
3.423928291099e+00,1.010967409528e+00,-5.935035507221e-02,1.061731482144e+00,-1.435223225582e-01,1.127985960532e+00,-2.066374983879e-01,1.172839401828e+00,-2.377898615040e-01
3.455632259650e+00,1.008934426541e+00,-5.927638705311e-02,1.056669534660e+00,-1.446831546299e-01,1.120609700221e+00,-2.097557626402e-01,1.164317628862e+00,-2.423049182736e-01
3.487629792066e+00,1.006901711596e+00,-5.913750276935e-02,1.051557509944e+00,-1.456852724464e-01,1.113107214611e+00,-2.126493734911e-01,1.155616394618e+00,-2.465658951102e-01
3.519923606611e+00,1.004871395654e+00,-5.893304520849e-02,1.046400101413e+00,-1.465251478754e-01,1.105484448192e+00,-2.153112391506e-01,1.146741911128e+00,-2.505633895069e-01
3.552516446717e+00,1.002845672412e+00,-5.866242179679e-02,1.041202222650e+00,-1.471993556335e-01,1.097747727112e+00,-2.177343442731e-01,1.137700866717e+00,-2.542880364398e-01
3.585411081221e+00,1.000826797326e+00,-5.832510844847e-02,1.035969008964e+00,-1.477045846604e-01,1.089903766143e+00,-2.199117672401e-01,1.128500437150e+00,-2.577305285040e-01
3.618610304598e+00,9.988170864365e-01,-5.792065369697e-02,1.030705818509e+00,-1.480376499166e-01,1.081959675122e+00,-2.218366982924e-01,1.119148296282e+00,-2.608816371757e-01
3.652116937198e+00,9.968189149812e-01,-5.744868290220e-02,1.025418232941e+00,-1.481955045975e-01,1.073922964810e+00,-2.235024585189e-01,1.109652626116e+00,-2.637322352223e-01
3.685933825485e+00,9.948347157865e-01,-5.690890252687e-02,1.020112057559e+00,-1.481752527599e-01,1.065801552121e+00,-2.249025197084e-01,1.100022126214e+00,-2.662733202745e-01
3.720063842281e+00,9.928669774256e-01,-5.630110447425e-02,1.014793320905e+00,-1.479741623509e-01,1.057603764639e+00,-2.260305250647e-01,1.090266022373e+00,-2.684960395738e-01
3.754509887010e+00,9.909182421321e-01,-5.562517047892e-02,1.009468273778e+00,-1.475896786300e-01,1.049338344370e+00,-2.268803107871e-01,1.080394074486e+00,-2.703917159062e-01
3.789274885942e+00,9.889911034578e-01,-5.488107654101e-02,1.004143387626e+00,-1.470194379703e-01,1.041014450653e+00,-2.274459285103e-01,1.070416583495e+00,-2.719518747273e-01
3.824361792444e+00,9.870882036638e-01,-5.406889739369e-02,9.988253522746e-01,-1.462612820249e-01,1.032641662158e+00,-2.277216685969e-01,1.060344397361e+00,-2.731682724807e-01
3.859773587227e+00,9.852122308332e-01,-5.318881099259e-02,9.935210729435e-01,-1.453132722393e-01,1.024229977902e+00,-2.277020842712e-01,1.050188915937e+00,-2.740329261088e-01
3.895513278605e+00,9.833659156945e-01,-5.224110301473e-02,9.882376665218e-01,-1.441737046897e-01,1.015789817201e+00,-2.273820165786e-01,1.039962094661e+00,-2.745381437471e-01
3.931583902746e+00,9.815520281454e-01,-5.122617135369e-02,9.829824570454e-01,-1.428411252230e-01,1.007332018476e+00,-2.267566201497e-01,1.029676446959e+00,-2.746765565902e-01
3.967988523934e+00,9.797733734651e-01,-5.014453059647e-02,9.777629703405e-01,-1.413143448714e-01,9.988678368322e-01,-2.258213897453e-01,1.019345045252e+00,-2.744411519115e-01
4.004730234822e+00,9.780327882059e-01,-4.899681646632e-02,9.725869277857e-01,-1.395924555119e-01,9.904089403382e-01,-2.245721875495e-01,1.008981520464e+00,-2.738253072114e-01
4.041812156705e+00,9.763331357527e-01,-4.778379021490e-02,9.674622391488e-01,-1.376748457349e-01,9.819674048963e-01,-2.230052711778e-01,9.986000599071e-01,-2.728228254636e-01
4.079237439775e+00,9.746773015426e-01,-4.650634294553e-02,9.623969944527e-01,-1.355612168863e-01,9.735557076363e-01,-2.211173223544e-01,9.882154034388e-01,-2.714279714190e-01
4.117009263396e+00,9.730681879333e-01,-4.516549984842e-02,9.573994548264e-01,-1.332515992400e-01,9.651867187318e-01,-2.189054762133e-01,9.778428377617e-01,-2.696355089243e-01
4.155130836372e+00,9.715087087138e-01,-4.376242432719e-02,9.524780422961e-01,-1.307463682552e-01,9.568736915519e-01,-2.163673511659e-01,9.674981887522e-01,-2.674407391966e-01
4.193605397216e+00,9.700017832490e-01,-4.229842199492e-02,9.476413284718e-01,-1.280462608681e-01,9.486302510542e-01,-2.135010792718e-01,9.571978116878e-01,-2.648395399936e-01
4.232436214432e+00,9.685503302500e-01,-4.077494451641e-02,9.428980220872e-01,-1.251523917643e-01,9.404703803271e-01,-2.103053370445e-01,9.469585792495e-01,-2.618284056051e-01
4.271626586785e+00,9.671572611671e-01,-3.919359327229e-02,9.382569553500e-01,-1.220662695712e-01,9.324084051893e-01,-2.067793766115e-01,9.367978671701e-01,-2.584044875828e-01
4.311179843587e+00,9.658254731970e-01,-3.755612281894e-02,9.337270690618e-01,-1.187898129077e-01,9.244589767513e-01,-2.029230571431e-01,9.267335373991e-01,-2.545656361152e-01
4.351099344978e+00,9.645578419036e-01,-3.586444411710e-02,9.293173964690e-01,-1.153253662205e-01,9.166370518490e-01,-1.987368764533e-01,9.167839186552e-01,-2.503104419421e-01
4.391388482212e+00,9.633572134478e-01,-3.412062750049e-02,9.250370458067e-01,-1.116757153345e-01,9.089578712574e-01,-1.942220026690e-01,9.069677842361e-01,-2.456382786943e-01
4.432050677941e+00,9.622263964271e-01,-3.232690535465e-02,9.208951815029e-01,-1.078441026365e-01,9.014369355955e-01,-1.893803058511e-01,8.973043269572e-01,-2.405493455263e-01
4.473089386514e+00,9.611681533236e-01,-3.048567447452e-02,9.169010040088e-01,-1.038342418083e-01,8.940899788359e-01,-1.842143894450e-01,8.878131310915e-01,-2.350447099038e-01
4.514508094261e+00,9.601851915654e-01,-2.859949806853e-02,9.130637282299e-01,-9.965033201799e-02,8.869329393352e-01,-1.787276214242e-01,8.785141411852e-01,-2.291263503890e-01
4.556310319797e+00,9.592801542032e-01,-2.667110737514e-02,9.093925605307e-01,-9.529707147500e-02,8.799819283074e-01,-1.729241649812e-01,8.694276276288e-01,-2.227971992544e-01
4.598499614318e+00,9.584556102101e-01,-2.470340285697e-02,9.058966742954e-01,-9.077967024658e-02,8.732531956628e-01,-1.668090086110e-01,8.605741488642e-01,-2.160611847437e-01
4.641079561898e+00,9.577140444130e-01,-2.269945493644e-02,9.025851840277e-01,-8.610386222940e-02,8.667630931461e-01,-1.603879954181e-01,8.519745101165e-01,-2.089232727793e-01
4.684053779804e+00,9.570578470661e-01,-2.066250423563e-02,8.994671179806e-01,-8.127591616375e-02,8.605280347099e-01,-1.536678514675e-01,8.436497185456e-01,-2.013895079039e-01
4.727425918792e+00,9.564893030807e-01,-1.859596128234e-02,8.965513893129e-01,-7.630264557267e-02,8.545644540691e-01,-1.466562129916e-01,8.356209347172e-01,-1.934670532269e-01
4.771199663426e+00,9.560105809278e-01,-1.650340564335e-02,8.938467657749e-01,-7.119141750274e-02,8.488887593898e-01,-1.393616522478e-01,8.279094203064e-01,-1.851642291302e-01
4.815378732384e+00,9.556237212325e-01,-1.438858444511e-02,8.913618379343e-01,-6.595015993820e-02,8.435172850771e-01,-1.317937018153e-01,8.205364819543e-01,-1.764905504718e-01
4.859966878781e+00,9.553306250833e-01,-1.225541024166e-02,8.891049859597e-01,-6.058736775487e-02,8.384662406360e-01,-1.239628771041e-01,8.135234112112e-01,-1.674567620097e-01
4.904967890480e+00,9.551330420819e-01,-1.010795818918e-02,8.870843449898e-01,-5.511210707588e-02,8.337516565930e-01,-1.158806968398e-01,8.068914205136e-01,-1.580748717512e-01
4.950385590421e+00,9.550325581628e-01,-7.950462486019e-03,8.853077691251e-01,-4.953401788624e-02,8.293893274789e-01,-1.075597012757e-01,8.006615751572e-01,-1.483581819184e-01
4.996223836942e+00,9.550305832169e-01,-5.787312037558e-03,8.837827940871e-01,-4.386331475982e-02,8.253947518884e-01,-9.901346787197e-02,7.948547212453e-01,-1.383213172005e-01
5.042486524105e+00,9.551283385546e-01,-3.623045305070e-03,8.825165986050e-01,-3.811078554796e-02,8.217830696495e-01,-9.025662417282e-02,7.894914096125e-01,-1.279802499526e-01
5.089177582033e+00,9.553268442510e-01,-1.462344298382e-03,8.815159645979e-01,-3.228778787645e-02,8.185689961527e-01,-8.130485760041e-02,7.845918157410e-01,-1.173523219805e-01
5.136300977238e+00,9.556269064177e-01,6.899723271074e-04,8.807872362353e-01,-2.640624329451e-02,8.157667539102e-01,-7.217492187603e-02,7.801756557140e-01,-1.064562625391e-01
5.183860712959e+00,9.560291044513e-01,2.828957107453e-03,8.803362779700e-01,-2.047862891796e-02,8.133900014350e-01,-6.288463977001e-02,7.762620982737e-01,-9.531220215586e-02
5.231860829505e+00,9.565337783134e-01,4.949542578227e-03,8.801684316545e-01,-1.451796640738e-02,8.114517595565e-01,-5.345290187388e-02,7.728696730790e-01,-8.394168187868e-02
5.280305404596e+00,9.571410159001e-01,7.046551088845e-03,8.802884728635e-01,-8.537808121885e-03,8.099643353077e-01,-4.389966108205e-02,7.700161752872e-01,-7.236765753457e-02
5.329198553709e+00,9.578506405659e-01,9.114705656233e-03,8.807005665638e-01,-2.552220290108e-03,8.089392435513e-01,-3.424592246440e-02,7.677185666184e-01,-6.061449857472e-02
5.378544430428e+00,9.586621988696e-01,1.114864188832e-02,8.814082222862e-01,3.424236958664e-03,8.083871265349e-01,-2.451372820763e-02,7.659928730928e-01,-4.870798107259e-02
5.428347226801e+00,9.595749486173e-01,1.314292100484e-02,8.824142489743e-01,9.376532856848e-03,8.083176715990e-01,-1.472613730080e-02,7.648540796682e-01,-3.667527443383e-02
5.478611173686e+00,9.605878472800e-01,1.509204397937e-02,8.837207096999e-01,1.528919270406e-02,8.087395272887e-01,-4.907199640189e-03,7.643160220476e-01,-2.454492137160e-02
5.529340541123e+00,9.616995408695e-01,1.699046682257e-02,8.853288764544e-01,2.114632815962e-02,8.096602181570e-01,4.918075769894e-03,7.643912759623e-01,-1.234681069795e-02
5.580539638686e+00,9.629083533623e-01,1.883261702204e-02,8.872391852458e-01,2.693167125870e-02,8.110860585780e-01,1.472375883931e-02,7.650910442855e-01,-1.121424814118e-04
5.632212815856e+00,9.642122767639e-01,2.061291114899e-02,8.894511917459e-01,3.262861227998e-02,8.130220659260e-01,2.448304295010e-02,7.664250423739e-01,1.212661487615e-02
5.684364462388e+00,9.656089619127e-01,2.232577363633e-02,8.919635277573e-01,3.822024158188e-02,8.154718735145e-01,3.416829635326e-02,7.684013820841e-01,2.433577608440e-02
5.736999008684e+00,9.670957101264e-01,2.396565672644e-02,8.947738587865e-01,4.368939551209e-02,8.184376437248e-01,4.375112069520e-02,7.710264549614e-01,3.648049936243e-02
5.790120926168e+00,9.686694657980e-01,2.552706157980e-02,8.978788430284e-01,4.901870648034e-02,8.219199817964e-01,5.320241694848e-02,7.743048151495e-01,4.852485620701e-02
5.843734727668e+00,9.703268100545e-01,2.700456052819e-02,9.012740920923e-01,5.419065726772e-02,8.259178507888e-01,6.249245900246e-02,7.782390626264e-01,6.043191093077e-02
5.897844967801e+00,9.720639555916e-01,2.839282044773e-02,9.049541338139e-01,5.918763962691e-02,8.304284882689e-01,7.159097514588e-02,7.828297274224e-01,7.216381034620e-02
5.952456243354e+00,9.738767428063e-01,2.968662721817e-02,9.089123775201e-01,6.399201720611e-02,8.354473253149e-01,8.046723764600e-02,7.880751555380e-01,8.368188394407e-02
6.007573193681e+00,9.757606373469e-01,3.088091122500e-02,9.131410821336e-01,6.858619280585e-02,8.409679084756e-01,8.909016059720e-02,7.939713973341e-01,9.494675488035e-02
6.063200501092e+00,9.777107292070e-01,3.197077385064e-02,9.176313275190e-01,7.295267995102e-02,8.469818253587e-01,9.742840617520e-02,8.005120992247e-01,1.059184620465e-01
6.119342891254e+00,9.797217334885e-01,3.295151488989e-02,9.223729894926e-01,7.707417873165e-02,8.534786345681e-01,1.054504993916e-01,8.076883995630e-01,1.165565934518e-01
6.176005133593e+00,9.817879929620e-01,3.381866081297e-02,9.273547189320e-01,8.093365583381e-02,8.604458007473e-01,1.131249513971e-01,8.154888296664e-01,1.268204310940e-01
6.233192041694e+00,9.839034825514e-01,3.456799378698e-02,9.325639254376e-01,8.451442864722e-02,8.678686355260e-01,1.204203913289e-01,8.238992209864e-01,1.366691074342e-01
6.290908473717e+00,9.860618158716e-01,3.519558135365e-02,9.379867660090e-01,8.780025329886e-02,8.757302452027e-01,1.273057066411e-01,8.329026194812e-01,1.460617735251e-01
6.349159332804e+00,9.882562539431e-01,3.569780664729e-02,9.436081392113e-01,9.077541642084e-02,8.840114860316e-01,1.337501917930e-01,8.424792083053e-01,1.549577787666e-01
6.407949567500e+00,9.904797162067e-01,3.607139902273e-02,9.494116853130e-01,9.342483041803e-02,8.926909280129e-01,1.397237051006e-01,8.526062399782e-01,1.633168621812e-01
6.467284172168e+00,9.927247939588e-01,3.631346494799e-02,9.553797928831e-01,9.573413195419e-02,9.017448281125e-01,1.451968334813e-01,8.632579792436e-01,1.710993550074e-01
6.527168187421e+00,9.949837663189e-01,3.642151900142e-02,9.614936123355e-01,9.768978332671e-02,9.111471138625e-01,1.501410647414e-01,8.744056578700e-01,1.782663943136e-01
6.587606700541e+00,9.972486188369e-01,3.639351479705e-02,9.677330769090e-01,9.927917634826e-02,9.208693783095e-01,1.545289669659e-01,8.860174426812e-01,1.847801472243e-01
6.648604845918e+00,9.995110648396e-01,3.622787564621e-02,9.740769315620e-01,1.004907382994e-01,9.308808872928e-01,1.583343744803e-01,8.980584181375e-01,1.906040452356e-01
6.710167805485e+00,1.001762569604e+00,3.592352474720e-02,9.805027702529e-01,1.013140394600e-01,9.411486000370e-01,1.615325797507e-01,9.104905848061e-01,1.957030279690e-01
6.772300809156e+00,1.003994377436e+00,3.547991467872e-02,9.869870820613e-01,1.017399016681e-01,9.516372040451e-01,1.641005304861e-01,9.232728750782e-01,2.000437955841e-01
6.835009135271e+00,1.006197541714e+00,3.489705595664e-02,9.935053065812e-01,1.017605072947e-01,9.623091652648e-01,1.660170310950e-01,9.363611874907e-01,2.035950689232e-01
6.898298111047e+00,1.008362957952e+00,3.417554439788e-02,1.000031898995e+00,1.013695079622e-01,9.731247944837e-01,1.672629475337e-01,9.497084410033e-01,2.063278563156e-01
6.962173113026e+00,1.010481399906e+00,3.331658701997e-02,1.006540405200e+00,1.005621322681e-01,9.840423308743e-01,1.678214144624e-01,9.632646505645e-01,2.082157258096e-01
7.026639567536e+00,1.012543558735e+00,3.232202618963e-02,1.013003547317e+00,9.933529171612e-02,9.950180435748e-01,1.676780435031e-01,9.769770252627e-01,2.092350814401e-01
7.091702951150e+00,1.014540085212e+00,3.119436172054e-02,1.019393319871e+00,9.768768399021e-02,1.006006352130e+00,1.668211312640e-01,9.907900903119e-01,2.093654419648e-01
7.157368791151e+00,1.016461634939e+00,2.993677060687e-02,1.025681096867e+00,9.561989264534e-02,1.016959966558e+00,1.652418656675e-01,1.004645834055e+00,2.085897203333e-01
7.223642666003e+00,1.018298916512e+00,2.855312406836e-02,1.031837749936e+00,9.313448222693e-02,1.027830047712e+00,1.629345289881e-01,1.018483881086e+00,2.068945019702e-01
7.290530205822e+00,1.020042742537e+00,2.704800157216e-02,1.037833777633e+00,9.023608777121e-02,1.038566388537e+00,1.598966958746e-01,1.032241692479e+00,2.042703197751e-01
7.358037092858e+00,1.021684083386e+00,2.542670148953e-02,1.043639445904e+00,8.693149758220e-02,1.049117616666e+00,1.561294245022e-01,1.045854794012e+00,2.007119235595e-01
7.426169061976e+00,1.023214123522e+00,2.369524803873e-02,1.049224939657e+00,8.322972812785e-02,1.059431418716e+00,1.516374388743e-01,1.059257033093e+00,1.962185414593e-01
7.494931901143e+00,1.024624320215e+00,2.186039416329e-02,1.054560525238e+00,7.914208985022e-02,1.069454786460e+00,1.464293001693e-01,1.072380864957e+00,1.907941306843e-01
7.564331451918e+00,1.025906464414e+00,1.992961999355e-02,1.059616723547e+00,7.468224264253e-02,1.079134284906e+00,1.405175649142e-01,1.085157668485e+00,1.844476147910e-01
7.634373609952e+00,1.027052743499e+00,1.791112654313e-02,1.064364493381e+00,6.986623971106e-02,1.088416342116e+00,1.339189276560e-01,1.097518091803e+00,1.771931045020e-01
7.705064325487e+00,1.028055805618e+00,1.581382429781e-02,1.068775424476e+00,6.471255851360e-02,1.097247560395e+00,1.266543457069e-01,1.109392427534e+00,1.690500989382e-01
7.776409603861e+00,1.028908825238e+00,1.364731636540e-02,1.072821939586e+00,5.924211744968e-02,1.105575048274e+00,1.187491434549e-01,1.120711017348e+00,1.600436639883e-01
7.848415506019e+00,1.029605569519e+00,1.142187586963e-02,1.076477504780e+00,5.347827697232e-02,1.113346772421e+00,1.102330936599e-01,1.131404685110e+00,1.502045844158e-01
7.921088149026e+00,1.030140465071e+00,9.148417290903e-03,1.079716846994e+00,4.744682379847e-02,1.120511928415e+00,1.011404731068e-01,1.141405197635e+00,1.395694861987e-01
7.994433706590e+00,1.030508664589e+00,6.838461481469e-03,1.082516177729e+00,4.117593691667e-02,1.127021328967e+00,9.151008995793e-02,1.150645751686e+00,1.281809255145e-01
8.068458409583e+00,1.030706112848e+00,4.504094112619e-03,1.084853421569e+00,3.469613412774e-02,1.132827807931e+00,8.138528013741e-02,1.159061485453e+00,1.160874407337e-01
8.143168546574e+00,1.030729611456e+00,2.157917347538e-03,1.086708448089e+00,2.804019790855e-02,1.137886638087e+00,7.081387010748e-02,1.166590012389e+00,1.033435637593e-01
8.218570464359e+00,1.030576881748e+00,-1.870054245204e-04,1.088063305491e+00,2.124307946214e-02,1.142155960376e+00,5.984810344293e-02,1.173171974794e+00,9.000978707058e-02
8.294670568505e+00,1.030246625148e+00,-2.517211908654e-03,1.088902454148e+00,1.434177991110e-02,1.145597221896e+00,4.854452869924e-02,1.178751614119e+00,7.615248288268e-02
8.371475323888e+00,1.029738580275e+00,-4.818910340211e-03,1.089212998056e+00,7.375207706111e-03,1.148175619641e+00,3.696384619080e-02,1.183277354483e+00,6.184377093803e-02
8.448991255249e+00,1.029053576058e+00,-7.078056035273e-03,1.088984912016e+00,3.840114600840e-04,1.149860546565e+00,2.517071145893e-02,1.186702395390e+00,4.716133159756e-02
8.527224947743e+00,1.028193580050e+00,-9.280434986104e-03,1.088211262174e+00,-6.589612418831e-03,1.150626036228e+00,1.323349341540e-02,1.188985309157e+00,3.218816110791e-02
8.606183047501e+00,1.027161741148e+00,-1.141175435637e-02,1.086888417410e+00,-1.350213773394e-02,1.150451201864e+00,1.223985399983e-03,1.190090638025e+00,1.701226618796e-02
8.685872262194e+00,1.025962425856e+00,-1.345773964846e-02,1.085016248871e+00,-2.030895237005e-02,1.149320665393e+00,-1.078293230772e-02,1.189989485450e+00,1.726295409131e-03
8.766299361605e+00,1.024601247241e+00,-1.540423822596e-02,1.082598314811e+00,-2.696462800882e-02,1.147224971513e+00,-2.270967962811e-02,1.188660095526e+00,-1.357289475746e-02
8.847471178197e+00,1.023085085712e+00,-1.723732877894e-02,1.079642027787e+00,-3.342321540180e-02,1.144160981682e+00,-3.447641417146e-02,1.186088414028e+00,-2.878474088286e-02
8.929394607704e+00,1.021422100746e+00,-1.894343621766e-02,1.076158801092e+00,-3.963856461672e-02,1.140132242475e+00,-4.600151931269e-02,1.182268624065e+00,-4.380554162232e-02
9.012076609708e+00,1.019621732702e+00,-2.050945137353e-02,1.072164171278e+00,-4.556466934832e-02,1.135149322530e+00,-5.720214256603e-02,1.177203648897e+00,-5.852909534591e-02
9.095524208234e+00,1.017694693877e+00,-2.192285477388e-02,1.067677893521e+00,-5.115603403415e-02,1.129230112013e+00,-6.799478339689e-02,1.170905614062e+00,-7.284740614437e-02
9.179744492346e+00,1.015652947989e+00,-2.317184364109e-02,1.062724006550e+00,-5.636806213994e-02,1.122400078357e+00,-7.829592897399e-02,1.163396260581e+00,-8.665145721542e-02
9.264744616750e+00,1.013509677333e+00,-2.424546114808e-02,1.057330863882e+00,-6.115746357941e-02,1.114692471858e+00,-8.802273567445e-02,1.154707300725e+00,-9.983204977412e-02
9.350531802401e+00,1.011279236888e+00,-2.513372684110e-02,1.051531128150e+00,-6.548267881308e-02,1.106148474612e+00,-9.709375341079e-02,1.144880707595e+00,-1.122807046912e-01
9.437113337118e+00,1.008977094750e+00,-2.582776702015e-02,1.045361725380e+00,-6.930431673199e-02,1.096817286277e+00,-1.054296890548e-01,1.133968929596e+00,-1.238906230476e-01
9.524496576198e+00,1.006619758358e+00,-2.631994374770e-02,1.038863756243e+00,-7.258560297954e-02,1.086756140184e+00,-1.129542043933e-01,1.122035020890e+00,-1.345577007080e-01
9.612688943049e+00,1.004224686065e+00,-2.660398104004e-02,1.032082361496e+00,-7.529283490231e-02,1.076030243485e+00,-1.195947431714e-01,1.109152678905e+00,-1.441815908625e-01
9.701697929813e+00,1.001810183769e+00,-2.667508668422e-02,1.025066539071e+00,-7.739583885410e-02,1.064712635269e+00,-1.252833808682e-01,1.095406180242e+00,-1.526668072808e-01
9.791531098008e+00,9.993952864338e-01,-2.653006802010e-02,1.017868910606e+00,-7.886842511268e-02,1.052883956957e+00,-1.299576899134e-01,1.080890206580e+00,-1.599238597650e-01
9.882196079166e+00,9.969996245020e-01,-2.616743993305e-02,1.010545435592e+00,-7.968883521290e-02,1.040632129749e+00,-1.335616121080e-01,1.065709552714e+00,-1.658704120000e-01
9.973700575486e+00,9.946432754004e-01,-2.558752322158e-02,1.003155071763e+00,-7.984017606124e-02,1.028051934522e+00,-1.360463290660e-01,1.049978709471e+00,-1.704324506939e-01
1.006605236048e+01,9.923466005152e-01,-2.479253143850e-02,9.957593808968e-01,-7.931083478343e-02,1.015244490331e+00,-1.373711205591e-01,1.033821315090e+00,-1.735454535872e-01
1.015925927965e+01,9.901300682515e-01,-2.378664425676e-02,9.884220797821e-01,-7.809486787933e-02,1.002316628545e+00,-1.375041997491e-01,1.017369469670e+00,-1.751555426211e-01
1.025332925114e+01,9.880140640194e-01,-2.257606538488e-02,9.812085367949e-01,-7.619235792734e-02,9.893801606924e-01,-1.364235134388e-01,1.000762908481e+00,-1.752206073034e-01
1.034827026639e+01,9.860186882428e-01,-2.116906305598e-02,9.741852152750e-01,-7.360973080609e-02,9.765510393024e-01,-1.341174946888e-01,9.841480313860e-01,-1.737113821259e-01
1.044409039088e+01,9.841635437514e-01,-1.957599114066e-02,9.674190657155e-01,-7.036002619517e-02,9.639484123425e-01,-1.305857544579e-01,9.676767872136e-01,-1.706124607950e-01
1.054079776474e+01,9.824675141924e-01,-1.780928899184e-02,9.609768696655e-01,-6.646311399292e-02,9.516935733834e-01,-1.258396983447e-01,9.515054138081e-01,-1.659232290740e-01
1.063840060347e+01,9.809485353829e-01,-1.588345822152e-02,9.549245392026e-01,-6.194584925887e-02,9.399088112468e-01,-1.199030540706e-01,9.357930365023e-01,-1.596586972225e-01
1.073690719867e+01,9.796233618119e-01,-1.381501473866e-02,9.493263768356e-01,-5.684215836647e-02,9.287161646904e-01,-1.128122950697e-01,9.207001300491e-01,-1.518502124052e-01
1.083632591870e+01,9.785073307917e-01,-1.162241454645e-02,9.442443017530e-01,-5.119304924880e-02,9.182360895981e-01,-1.046169454699e-01,9.063868514975e-01,-1.425460310482e-01
1.093666520940e+01,9.776141270423e-01,-9.325952009078e-03,9.397370494179e-01,-4.504653895145e-02,9.085860481775e-01,-9.537975188585e-02,8.930112541430e-01,-1.318117310023e-01
1.103793359483e+01,9.769555507688e-01,-6.947629553928e-03,9.358593526195e-01,-3.845749218248e-02,8.998790317949e-01,-8.517670782727e-02,8.807273954865e-01,-1.197304435503e-01
1.114013967796e+01,9.765412925520e-01,-4.510998077557e-03,9.326611132012e-01,-3.148736518231e-02,8.922220312768e-01,-7.409691718462e-02,8.696833550739e-01,-1.064028858210e-01
1.124329214144e+01,9.763787186108e-01,-2.040967672626e-03,9.301865747819e-01,-2.420385003526e-02,8.857144707517e-01,-6.224228420644e-02,8.600191811227e-01,-9.194717507399e-02
1.134739974831e+01,9.764726702042e-01,4.364113109925e-04,9.284735078470e-01,-1.668041551886e-02,8.804466233556e-01,-4.972701866260e-02,8.518647879421e-01,-7.649840764025e-02
1.145247134274e+01,9.768252811138e-01,2.894196415512e-03,9.275524195866e-01,-8.995741741432e-03,8.764980293434e-01,-3.667694650632e-02,8.453378292574e-01,-6.020798707101e-02
1.155851585080e+01,9.774358172771e-01,5.304829492833e-03,9.274458017691e-01,-1.233047157970e-03,8.739359392964e-01,-2.322861832957e-02,8.405415756147e-01,-4.324268829391e-02
1.166554228123e+01,9.783005427158e-01,7.640439920158e-03,9.281674307396e-01,6.520691921921e-03,8.728138071280e-01,-9.528210259039e-03,8.375628269957e-01,-2.578344732332e-02
1.177355972616e+01,9.794126159202e-01,9.873172577713e-03,9.297217342848e-01,1.417562751497e-02,8.731698594325e-01,4.269785326349e-03,8.364698945519e-01,-8.023869339443e-03
1.188257736191e+01,9.807620207963e-01,1.197553795518e-02,9.321032405818e-01,2.164002813605e-02,8.750257693130e-01,1.800407876336e-02,8.373106878867e-01,9.831548253430e-03
1.199260444980e+01,9.823355361482e-01,1.392078113108e-02,9.352961247145e-01,2.882136322204e-02,8.783854641185e-01,3.150830777935e-02,8.401109464969e-01,2.756947685507e-02
1.210365033686e+01,9.841167474540e-01,1.568326573067e-02,9.392738682634e-01,3.562747588450e-02,8.832340974376e-01,4.461296005622e-02,8.448726557385e-01,4.497009600915e-02
1.221572445670e+01,9.860861043807e-01,1.723886832286e-02,9.439990472178e-01,4.196783376189e-02,8.895372161746e-01,5.714748169700e-02,8.515726889066e-01,6.180969994751e-02
1.232883633028e+01,9.882210270761e-01,1.856537807739e-02,9.494232628943e-01,4.775484534506e-02,8.972401535013e-01,6.894255515059e-02,8.601617176304e-01,7.786355444674e-02
1.244299556671e+01,9.904960637611e-01,1.964289588292e-02,9.554872296370e-01,5.290522669578e-02,9.062676778600e-01,7.983252545176e-02,8.705634326652e-01,9.290898092106e-02
1.255821186407e+01,9.928831015270e-01,2.045422654053e-02,9.621210317963e-01,5.734140101123e-02,9.165239269298e-01,8.965794875913e-02,8.826741162388e-01,1.067286381667e-01
1.267449501026e+01,9.953516315085e-01,2.098525711066e-02,9.692445608151e-01,6.099291105486e-02,9.278926534895e-01,9.826823219966e-02,8.963626052585e-01,1.191139654281e-01
1.279185488378e+01,9.978690687660e-01,2.122531402429e-02,9.767681411623e-01,6.379782213292e-02,9.402378073611e-01,1.055243290458e-01,9.114706818450e-01,1.298687435867e-01
1.291030145464e+01,1.000401126261e+00,2.116749118840e-02,9.845933513470e-01,6.570409110736e-02,9.534044740496e-01,1.113014483653e-01,9.278139237303e-01,1.388127244078e-01
1.302984478514e+01,1.002912241263e+00,2.080894104265e-02,9.926140433049e-01,6.667087496837e-02,9.672201862711e-01,1.154917336160e-01,9.451830419872e-01,1.457852710711e-01
1.315049503076e+01,1.005366051387e+00,2.015112037830e-02,1.000717560081e+00,6.666975081629e-02,9.814966192592e-01,1.180068603339e-01,9.633457272916e-01,1.506489468239e-01
1.327226244101e+01,1.007725916231e+00,1.919998273239e-02,1.008786147960e+00,6.568581780055e-02,9.960316745552e-01,1.187804992411e-01,9.820490184257e-01,1.532929827232e-01
1.339515736031e+01,1.009955479328e+00,1.796610934025e-02,1.016698555033e+00,6.371865071364e-02,1.010611949934e+00,1.177705879154e-01,1.001022198021e+00,1.536365502757e-01
1.351919022887e+01,1.012019263748e+00,1.646477098625e-02,1.024331803691e+00,6.078307462138e-02,1.025015585241e+00,1.149613518056e-01,1.019980210621e+00,1.516317605686e-01
1.364437158357e+01,1.013883293400e+00,1.471591365375e-02,1.031563119746e+00,5.690973020983e-02,1.039015465273e+00,1.103650139829e-01,1.038627587091e+00,1.472663084287e-01
1.377071205884e+01,1.015515730702e+00,1.274406165546e-02,1.038271995902e+00,5.214540052093e-02,1.052382751532e+00,1.040231327942e-01,1.056662847327e+00,1.405656785032e-01
1.389822238760e+01,1.016887519998e+00,1.057813293646e-02,1.044342362127e+00,4.655307150691e-02,1.064890704837e+00,9.600750766158e-02,1.073783340216e+00,1.315948301487e-01
1.402691340214e+01,1.017973024899e+00,8.251162492056e-03,1.049664830394e+00,4.021170142291e-02,1.076318750564e+00,8.642059584066e-02,1.089690466110e+00,1.204592798857e-01
1.415679603505e+01,1.018750646600e+00,5.799931333093e-03,1.054138976164e+00,3.321567754934e-02,1.086456727877e+00,7.539538713635e-02,1.104095212933e+00,1.073055041402e-01
1.428788132018e+01,1.019203409289e+00,3.264500160776e-03,1.057675614211e+00,2.567394313051e-02,1.095109253987e+00,6.309468951383e-02,1.116723922654e+00,9.232059125597e-02
1.442018039350e+01,1.019319498030e+00,6.876488699872e-04,1.060199021957e+00,1.770878275115e-02,1.102100124424e+00,4.970978632855e-02,1.127324190684e+00,7.573108048110e-02
1.455370449414e+01,1.019092734010e+00,-1.885774831762e-03,1.061649059656e+00,9.454260646465e-03,1.107276660929e+00,3.545843559822e-02,1.135670787070e+00,5.780093695012e-02
1.468846496525e+01,1.018522971847e+00,-4.409592049843e-03,1.061983133624e+00,1.054313623096e-03,1.110513910108e+00,2.058219337023e-02,1.141571475638e+00,3.882862566241e-02
1.482447325507e+01,1.017616403805e+00,-6.837106429607e-03,1.061177946528e+00,-7.339491698781e-03,1.111718588844e+00,5.343056773052e-03,1.144872595989e+00,1.914326412333e-02
1.496174091780e+01,1.016385756334e+00,-9.121984233754e-03,1.059230977666e+00,-1.557051882275e-02,1.110832667016e+00,-9.980562312161e-03,1.145464263877e+00,-9.001474012547e-04
1.510027961464e+01,1.014850365272e+00,-1.121918735868e-02,1.056161636346e+00,-2.347991057327e-02,1.107836474653e+00,-2.509850501453e-02,1.143285038660e+00,-2.092639730431e-02
1.524010111478e+01,1.013036117514e+00,-1.308594323122e-02,1.052012033157e+00,-3.090968975020e-02,1.102751219758e+00,-3.971412828541e-02,1.138325902632e+00,-4.054659102164e-02
1.538121729636e+01,1.010975248842e+00,-1.468273296601e-02,1.046847317224e+00,-3.770606329753e-02,1.095640804902e+00,-5.353009680592e-02,1.130633396754e+00,-5.936546578441e-02
1.552364014754e+01,1.008705990040e+00,-1.597427677094e-02,1.040755532603e+00,-4.372287189080e-02,1.086612835781e+00,-6.625461773008e-02,1.120311761046e+00,-7.698939382401e-02
1.566738176746e+01,1.006272056296e+00,-1.693049345401e-02,1.033846953877e+00,-4.882511696825e-02,1.075818723537e+00,-7.760801142976e-02,1.107523936228e+00,-9.303494793462e-02
1.581245436729e+01,1.003721978328e+00,-1.752740910558e-02,1.026252869959e+00,-5.289248794626e-02,1.063452794931e+00,-8.732949112198e-02,1.092491296462e+00,-1.071378749526e-01
1.595887027129e+01,1.001108277504e+00,-1.774798870583e-02,1.018123795864e+00,-5.582280402335e-02,1.049750340758e+00,-9.518400489639e-02,1.075492001616e+00,-1.189622950076e-01
1.610664191783e+01,9.984864914974e-01,-1.758286363985e-02,1.009627105014e+00,-5.753527796854e-02,1.034984553126e+00,-1.009689759277e-01,1.056857881520e+00,-1.282099182560e-01
1.625578186044e+01,9.959140616258e-01,-1.703092799309e-02,1.000944089184e+00,-5.797350400855e-02,1.019462326506e+00,-1.045207613234e-01,1.036969794350e+00,-1.346290472356e-01
1.640630276890e+01,9.934490978791e-01,-1.609977714159e-02,9.922664693516e-01,-5.710806877748e-02,1.003518925454e+00,-1.057206379336e-01,1.016251436357e+00,-1.380231130823e-01
1.655821743031e+01,9.911490426275e-01,-1.480596363109e-02,9.837923982753e-01,-5.493868367392e-02,9.875115534982e-01,-1.045001153756e-01,9.951616204335e-01,-1.382584787700e-01
1.671153875016e+01,9.890692590023e-01,-1.317504772740e-02,9.757220141440e-01,-5.149573926298e-02,9.718118921835e-01,-1.008453733407e-01,9.741850859608e-01,-1.352712334510e-01
1.686627975346e+01,9.872615747799e-01,-1.124142336979e-02,9.682526237310e-01,-4.684118790746e-02,9.567977161506e-01,-9.480062275756e-02,9.538219511814e-01,-1.290727000520e-01
1.702245358580e+01,9.857728171094e-01,-9.047904598160e-03,9.615736126124e-01,-4.106866989928e-02,9.428437284651e-01,-8.647019933312e-02,9.345759710476e-01,-1.197533846173e-01
1.718007351451e+01,9.846433774202e-01,-6.645062851345e-03,9.558611985256e-01,-3.430281120024e-02,9.303117991976e-01,-7.601921401461e-02,9.169418167799e-01,-1.074851114893e-01
1.733915292976e+01,9.839058491084e-01,-4.090311814230e-03,9.512731611821e-01,-2.669763760172e-02,9.195408282379e-01,-6.367260850402e-02,9.013916467069e-01,-9.252111409711e-02
1.749970534572e+01,9.835837829386e-01,-1.446743648755e-03,9.479436970243e-01,-1.843407067010e-02,9.108364891221e-01,-4.971249541743e-02,8.883612895276e-01,-7.519388750127e-02
1.766174440167e+01,9.836906062845e-01,1.218271637116e-03,9.459785597359e-01,-9.716495111353e-03,9.044611427109e-01,-3.447370207537e-02,8.782364089354e-01,-5.591065621639e-02
1.782528386321e+01,9.842287521792e-01,3.834703412581e-03,9.454506559301e-01,-7.684148606220e-04,9.006242362232e-01,-1.833748402468e-02,8.713390603211e-01,-3.514636917162e-02
1.799033762338e+01,9.851890424609e-01,6.331665067272e-03,9.463962695233e-01,8.172754201667e-03,8.994735226782e-01,-1.723428687659e-03,8.679150836977e-01,-1.343420250572e-02
1.815691970389e+01,9.865503659277e-01,8.639367872901e-03,9.488120870566e-01,1.686167415087e-02,9.010874464900e-01,1.492036988545e-02,8.681227996144e-01,8.646370699313e-03
1.832504425626e+01,9.882796872472e-01,1.069117700890e-02,9.526531889273e-01,2.505174252870e-02,9.054690411199e-01,3.112871860376e-02,8.720234842580e-01,3.048379811875e-02
1.849472556305e+01,9.903324153179e-01,1.242571436769e-02,9.578321575365e-01,3.250226785877e-02,9.125416727692e-01,4.643209981065e-02,8.795740938773e-01,5.145071505962e-02
1.866597803909e+01,9.926531508654e-01,1.378894532840e-02,9.642194323055e-01,3.898597985638e-02,9.221469387777e-01,6.037052707761e-02,8.906226850696e-01,7.092192608408e-02
1.883881623265e+01,9.951768223278e-01,1.473618056903e-02,9.716450131265e-01,4.429665960628e-02,9.340449896805e-01,7.250812789363e-02,9.049069346413e-01,8.829367040222e-02
1.901325482675e+01,9.978302067007e-01,1.523391959375e-02,9.799015781310e-01,4.825664739007e-02,9.479174891849e-01,8.244803407103e-02,9.220560995354e-01,1.030036467869e-01
1.918930864033e+01,1.000533818214e+00,1.526146039733e-02,9.887490389953e-01,5.072396370208e-02,9.633733566098e-01,8.984710316578e-02,9.415966731634e-01,1.145511879233e-01
1.936699262958e+01,1.003204132835e+00,1.481219996499e-02,9.979205080514e-01,5.159876396050e-02,9.799573521479e-01,9.442994726401e-02,9.629618896538e-01,1.225169002137e-01
1.954632188915e+01,1.005756101073e+00,1.389455346045e-02,1.007129597258e+00,5.082884113242e-02,9.971614679162e-01,9.600171256175e-02,9.855051032230e-01,1.265810278586e-01
1.972731165347e+01,1.008105885934e+00,1.253242627088e-02,1.016078911068e+00,4.841389446933e-02,1.014438979224e+00,9.445903766897e-02,1.008516928288e+00,1.265397643563e-01
1.990997729804e+01,1.010173747775e+00,1.076518274596e-02,1.024469535256e+00,4.440829812195e-02,1.031220893644e+00,8.979862370933e-02,1.031245870432e+00,1.223187250637e-01
2.009433434073e+01,1.011886983898e+00,8.647068564949e-03,1.032011263999e+00,3.892213159995e-02,1.046934414056e+00,8.212287788556e-02,1.052922013388e+00,1.139828154374e-01
2.028039844308e+01,1.013182818821e+00,6.246060127800e-03,1.038433250671e+00,3.212027550150e-02,1.061022910322e+00,7.164214646995e-02,1.072783158559e+00,1.017417846336e-01
2.046818541167e+01,1.014011132011e+00,3.642133969715e-03,1.043494716561e+00,2.421943079935e-02,1.072966777986e+00,5.867313459226e-02,1.090102647924e+00,8.595084596116e-02
2.065771119943e+01,1.014336904261e+00,9.249715385594e-04,1.046995309343e+00,1.548298778070e-02,1.082304457150e+00,4.363321914506e-02,1.104217946454e+00,6.710587564682e-02
2.084899190700e+01,1.014142262648e+00,-1.808860841823e-03,1.048784672670e+00,6.213750367751e-03,1.088652796974e+00,2.703049680096e-02,1.114558924729e+00,4.583286932418e-02
2.104204378413e+01,1.013428007672e+00,-4.459191163743e-03,1.048770772836e+00,-3.255388881249e-03,1.091725887454e+00,9.449569318457e-03,1.120674675546e+00,2.287153959952e-02
2.123688323101e+01,1.012214515480e+00,-6.925888218551e-03,1.046926531068e+00,-1.257263093292e-02,1.091351446968e+00,-8.466750763300e-03,1.122257629024e+00,-9.468261129928e-04
2.143352679969e+01,1.010541923174e+00,-9.112758086858e-03,1.043294333028e+00,-2.138001675249e-02,1.087483857385e+00,-2.603943468590e-02,1.119163707989e+00,-2.472686687923e-02
2.163199119551e+01,1.008469526395e+00,-1.093155002695e-02,1.037988032586e+00,-2.932734491991e-02,1.080212983798e+00,-4.257834841882e-02,1.111427297189e+00,-4.754134972810e-02
2.183229327845e+01,1.006074345465e+00,-1.230591133131e-02,1.031192135811e+00,-3.608677214395e-02,1.069768007012e+00,-5.740969200686e-02,1.099269892881e+00,-6.846712814105e-02
2.203445006465e+01,1.003448848797e+00,-1.317511586707e-02,1.023157943624e+00,-4.136752401352e-02,1.056515636245e+00,-6.990478569762e-02,1.083101458023e+00,-8.662363726658e-02
2.223847872778e+01,1.000697859437e+00,-1.349738257281e-02,1.014196546437e+00,-4.493007531314e-02,1.040952257233e+00,-7.950904928674e-02,1.063513734588e+00,-1.012124505799e-01
2.244439660055e+01,9.979347110675e-01,-1.325259949364e-02,1.004668698902e+00,-4.659911345389e-02,1.023689804832e+00,-8.576988280016e-02,1.041265057114e+00,-1.115562060578e-01
2.265222117615e+01,9.952767621649e-01,-1.244427714937e-02,9.949717536777e-01,-4.627458063649e-02,1.005435424037e+00,-8.836206405620e-02,1.017256565223e+00,-1.171350485565e-01
2.286197010975e+01,9.928404193020e-01,-1.110057300372e-02,9.855239943178e-01,-4.394010529188e-02,9.869652908964e-01,-8.710924346152e-02,9.925001182621e-01,-1.176186457027e-01
2.307366122001e+01,9.907358605688e-01,-9.274257001363e-03,9.767468721312e-01,-3.966818517944e-02,9.690932936519e-01,-8.200014901490e-02,9.680786585015e-01,-1.128918327954e-01
2.328731249056e+01,9.890616853469e-01,-7.041526536986e-03,9.690458117254e-01,-3.362157591511e-02,9.526356099504e-01,-7.319822327382e-02,9.451002323145e-01,-1.030720412096e-01
2.350294207158e+01,9.878997445857e-01,-4.499627212782e-03,9.627903956196e-01,-2.605047049651e-02,9.383725409096e-01,-6.104360439450e-02,9.246473389451e-01,-8.851687430908e-02
2.372056828129e+01,9.873104237174e-01,-1.763292078414e-03,9.582948595609e-01,-1.728522625280e-02,9.270092574140e-01,-4.604663688189e-02,9.077237078002e-01,-6.982051985561e-02
2.394020960753e+01,9.873286559797e-01,1.039925207087e-03,9.557999166385e-01,-7.724601728552e-03,9.191373571677e-01,-2.887245136282e-02,8.952009788933e-01,-4.779812729904e-02
2.416188470934e+01,9.879609350785e-01,3.775281326981e-03,9.554569698718e-01,2.180299254805e-03,9.151993010587e-01,-1.031657821326e-02,8.877680469634e-01,-2.345782411989e-02
2.438561241852e+01,9.891835712388e-01,6.307229386354e-03,9.573157606276e-01,1.194592511589e-02,9.154578734548e-01,8.727956824713e-03,8.858859979385e-01,2.039318316687e-03
2.461141174125e+01,9.909423928974e-01,8.506287464031e-03,9.613164267610e-01,2.107930321907e-02,9.199727745784e-01,2.731108577841e-02,8.897515890960e-01,2.743035626764e-02
2.483930185971e+01,9.931540376190e-01,1.025606093160e-02,9.672868051333e-01,2.910322966783e-02,9.285862894266e-01,4.447219782395e-02,8.992720781618e-01,5.141083267538e-02
2.506930213368e+01,9.957089013701e-01,1.146004589179e-02,9.749456068919e-01,3.558242633889e-02,9.409196777581e-01,5.929066779901e-02,9.140538751751e-01,7.270194330805e-02
2.530143210220e+01,9.984757273438e-01,1.204781370349e-02,9.839118234254e-01,4.014928127599e-02,9.563814916346e-01,7.093793554520e-02,9.334069668653e-01,9.012135122046e-02
2.553571148526e+01,1.001307717624e+00,1.198016983964e-02,9.937203937200e-01,4.252766022254e-02,9.741884578165e-01,7.872828711082e-02,9.563663505778e-01,1.026539157265e-01
2.577216018542e+01,1.004049947861e+00,1.125289769044e-02,1.003843792421e+00,4.255322545874e-02,9.933988787511e-01,8.216524607006e-02,9.817308307357e-01,1.095181828142e-01
2.601079828953e+01,1.006547762702e+00,9.898741752074e-03,1.013718799769e+00,4.018873793776e-02,1.012957735325e+00,8.098040336687e-02,1.008118507235e+00,1.102242714239e-01
2.625164607046e+01,1.008655734746e+00,7.987355905765e-03,1.022777312035e+00,3.553296092096e-02,1.031751854901e+00,7.516162695116e-02,1.034037168861e+00,1.046188296423e-01
2.649472398877e+01,1.010246689736e+00,5.623040436141e-03,1.030479670355e+00,2.882203355726e-02,1.048672687197e+00,6.496791943966e-02,1.057966656991e+00,9.291306217767e-02
2.674005269449e+01,1.011220243067e+00,2.940213319323e-03,1.036348656260e+00,2.042254014184e-02,1.062683464207e+00,5.092874297402e-02,1.078449159422e+00,7.569046661844e-02
2.698765302884e+01,1.011510264728e+00,9.670223610319e-05,1.040002053871e+00,1.081595630889e-02,1.072886870095e+00,3.382640081452e-02,1.094182414495e+00,5.389186350264e-02
2.723754602605e+01,1.011090697824e+00,-2.734903336175e-03,1.041181541479e+00,5.746897355795e-04,1.078588876205e+00,1.466103366658e-02,1.104110040241e+00,2.877654429820e-02
2.748975291510e+01,1.009979204393e+00,-5.377444836396e-03,1.039775675123e+00,-9.669476243825e-03,1.079354165860e+00,-5.401084346397e-03,1.107502739557e+00,1.859847180547e-03
2.774429512154e+01,1.008238203873e+00,-7.660389211612e-03,1.035834884414e+00,-1.926311718870e-02,1.075048636533e+00,-2.509403806213e-02,1.104024050191e+00,-2.517086814522e-02
2.800119426931e+01,1.005973003729e+00,-9.431354603866e-03,1.029576727935e+00,-2.757307323915e-02,1.065864862875e+00,-4.313038858941e-02,1.093774671631e+00,-5.055813512466e-02
2.826047218259e+01,1.003326894674e+00,-1.056720087475e-02,1.021380152821e+00,-3.403000068084e-02,1.052327153389e+00,-5.828656697980e-02,1.077310250152e+00,-7.258877342863e-02
2.852215088761e+01,1.000473287171e+00,-1.098386757695e-02,1.011768158031e+00,-3.817064569240e-02,1.035273932258e+00,-6.949017757304e-02,1.055628847011e+00,-8.971382680037e-02
2.878625261460e+01,9.976051902459e-01,-1.064414559042e-02,1.001379046028e+00,-3.967568666280e-02,1.015816593320e+00,-7.590309771528e-02,1.030126123543e+00,-1.006659123787e-01
2.905279979959e+01,9.949225635321e-01,-9.562634693886e-03,9.909273207136e-01,-3.839997329718e-02,9.952756411580e-01,-7.699388554987e-02,1.002518478103e+00,-1.045651156158e-01
2.932181508638e+01,9.926182913858e-01,-7.807271693667e-03,9.811561936714e-01,-3.439221733690e-02,9.750967590611e-01,-7.259309054545e-02,9.747368457955e-01,-1.010044295757e-01
2.959332132843e+01,9.908637144145e-01,-5.497011351162e-03,9.727845270791e-01,-2.790167916530e-02,9.567512994588e-01,-6.292566486221e-02,9.487964618295e-01,-9.010630140171e-02
2.986734159082e+01,9.897947890405e-01,-2.795498510744e-03,9.664517927141e-01,-1.937014556862e-02,9.416274301427e-01,-4.861582619245e-02,9.266503947841e-01,-7.254317170265e-02
3.014389915219e+01,9.895000108733e-01,9.912833916710e-05,9.626651819156e-01,-9.408482332064e-03,9.309196242297e-01,-3.066141013365e-02,9.100368522405e-01,-4.951697829197e-02
3.042301750675e+01,9.900112169569e-01,2.967833328839e-03,9.617532844364e-01,1.241777916323e-03,9.255251857841e-01,-1.037690857659e-02,9.003319118785e-01,-2.269538099317e-02
3.070472036624e+01,9.912982646202e-01,5.586879860205e-03,9.638306995356e-01,1.176006133764e-02,9.259569002715e-01,1.069309703739e-02,8.984202087086e-01,5.894187748952e-03
3.098903166195e+01,9.932683668692e-01,7.745524093607e-03,9.687775047899e-01,2.130853278671e-02,9.322805623873e-01,3.088570173894e-02,9.045960175299e-01,3.400784276107e-02
3.127597554678e+01,9.957705507920e-01,9.263855221477e-03,9.762366690035e-01,2.909976080482e-02,9.440849823620e-01,4.854957020823e-02,9.185059692562e-01,5.935736376352e-02
3.156557639728e+01,9.986053107929e-01,1.000927445502e-02,9.856312719526e-01,3.446501170357e-02,9.604900876385e-01,6.218349867981e-02,9.391422713861e-01,7.979903442689e-02
3.185785881570e+01,1.001539077207e+00,9.910062633715e-03,9.962018416965e-01,3.691727817120e-02,9.801959785275e-01,7.057234585524e-02,9.648918094228e-01,9.352425656213e-02
3.215284763209e+01,1.004322647088e+00,8.964581292639e-03,1.007062337314e+00,3.620296993718e-02,1.001572408157e+00,7.290799415150e-02,9.936420473920e-01,9.923512615368e-02
3.245056790644e+01,1.006712269654e+00,7.244894872751e-03,1.017271427891e+00,3.233656284823e-02,1.022784369764e+00,6.888298798650e-02,1.022939504829e+00,9.628762767673e-02
3.275104493075e+01,1.008491691069e+00,4.893990608563e-03,1.025913916646e+00,2.561346406340e-02,1.041945598789e+00,5.874566250911e-02,1.050191165265e+00,8.478616613667e-02
3.305430423125e+01,1.009493189854e+00,2.116290451902e-03,1.032185622435e+00,1.659789821874e-02,1.057288206282e+00,4.330798738776e-02,1.072893965715e+00,6.561595015489e-02
3.336037157050e+01,1.009615519680e+00,-8.382369305760e-04,1.035473954490e+00,6.084683832827e-03,1.067333760932e+00,2.390095070997e-02,1.088873089682e+00,4.040424543097e-02
3.366927294962e+01,1.008836755359e+00,-3.695395158666e-03,1.035425979572e+00,-4.963783587401e-03,1.071049333654e+00,2.276907409413e-03,1.096506713990e+00,1.140753292752e-02
3.398103461049e+01,1.007220330929e+00,-6.181894850898e-03,1.031996125291e+00,-1.550139353802e-02,1.067971666573e+00,-1.953641520558e-02,1.094913672359e+00,-1.867127024739e-02
3.429568303798e+01,1.004913065978e+00,-8.052127351337e-03,1.025466869636e+00,-2.449651493708e-02,1.058283985853e+00,-3.942008501131e-02,1.084081611425e+00,-4.692372770570e-02
3.461324496219e+01,1.002134674953e+00,-9.113997101246e-03,1.016437833683e+00,-3.103580016532e-02,1.042833157813e+00,-5.537101135586e-02,1.064916859557e+00,-7.051572949246e-02
3.493374736073e+01,9.991590956139e-01,-9.251053599887e-03,1.005781524117e+00,-3.442331599968e-02,1.023079817296e+00,-6.571242226057e-02,1.039203390963e+00,-8.698073414277e-02
3.525721746102e+01,9.962888846933e-01,-8.438263069051e-03,9.945673628536e-01,-3.426408077024e-02,1.000980489812e+00,-6.928575563248e-02,1.009466641300e+00,-9.449651301994e-02
3.558368274258e+01,9.938248182788e-01,-6.749166526016e-03,9.839592917770e-01,-3.052158190030e-02,9.788080788396e-01,-6.560149682641e-02,9.787478994712e-01,-9.211390207941e-02
3.591317093938e+01,9.920335960439e-01,-4.352883354750e-03,9.750957685978e-01,-2.354058839391e-02,9.589246906878e-01,-5.492853721825e-02,9.503056506513e-01,-7.990783536380e-02
3.624571004220e+01,9.911170743027e-01,-1.500399233065e-03,9.689639421848e-01,-1.402954125352e-02,9.435277636064e-01,-3.830630273603e-02,9.272704250028e-01,-5.902638161775e-02
3.658132830100e+01,9.911866458442e-01,1.499252845384e-03,9.662817737970e-01,-3.000830839024e-03,9.343959246423e-01,-1.747104801231e-02,9.122881204290e-01,-3.162254053583e-02
3.692005422731e+01,9.922461723829e-01,4.311063323139e-03,9.674024647813e-01,8.327976738767e-03,9.326640174148e-01,5.303163797298e-03,9.071921176756e-01,-6.656254436175e-04
3.726191659668e+01,9.941862248575e-01,6.611332690498e-03,9.722544802560e-01,1.866390036617e-02,9.386565808449e-01,2.743800362938e-02,9.127456575198e-01,3.035686874042e-02
3.760694445109e+01,9.967913147487e-01,8.126180277901e-03,9.803276066878e-01,2.678656915509e-02,9.518052485048e-01,4.633785101760e-02,9.284921128484e-01,5.782140996996e-02
3.795516710145e+01,9.997603806340e-01,8.666701483755e-03,9.907109463686e-01,3.169812084295e-02,9.706680136426e-01,5.970010152822e-02,9.527416903965e-01,7.839574346251e-02
3.830661413008e+01,1.002739161143e+00,8.156127913362e-03,1.002182870651e+00,3.275652952987e-02,9.930574817782e-01,6.581236198622e-02,9.827091189980e-01,8.946239367176e-02
3.866131539320e+01,1.005361421961e+00,6.644865534946e-03,1.013346302338e+00,2.977399684774e-02,1.016272044565e+00,6.379765238782e-02,1.014799131930e+00,8.948427104218e-02
3.901930102350e+01,1.007294528952e+00,4.310416273815e-03,1.022796055236e+00,2.306455860409e-02,1.037409775028e+00,5.377113254396e-02,1.045016850642e+00,7.825970299227e-02
3.938060143267e+01,1.008283800568e+00,1.440863987405e-03,1.029299236311e+00,1.343003880748e-02,1.053731561710e+00,3.687951351074e-02,1.069460935042e+00,5.702291930431e-02
3.974524731401e+01,1.008189638507e+00,-1.597325700251e-03,1.031965848081e+00,2.080601223977e-03,1.063029552379e+00,1.520693086291e-02,1.084841343120e+00,2.836194547507e-02
4.011326964502e+01,1.007011779070e+00,-4.404214666053e-03,1.030385542526e+00,-9.505281722934e-03,1.063951283289e+00,-8.452384869933e-03,1.088953513965e+00,-4.052163867935e-03
4.048469969005e+01,1.004896193888e+00,-6.598943259515e-03,1.024708546657e+00,-1.976761848896e-02,1.056230474989e+00,-3.093559741333e-02,1.081039124963e+00,-3.590503600020e-02
4.085956900291e+01,1.002122148329e+00,-7.873227674104e-03,1.015654289943e+00,-2.727643746888e-02,1.040783252152e+00,-4.912943493762e-02,1.061971806145e+00,-6.280154262318e-02
4.123790942962e+01,9.990695215383e-01,-8.038252619294e-03,1.004439910607e+00,-3.094004521968e-02,1.019643423839e+00,-6.041219749145e-02,1.034224609667e+00,-8.088200757267e-02
4.161975311107e+01,9.961694022834e-01,-7.057567231338e-03,9.926317612819e-01,-3.017935369002e-02,9.957312620273e-01,-6.305726854700e-02,1.001603389970e+00,-8.740702604352e-02
4.200513248574e+01,9.938437984662e-01,-5.059890706543e-03,9.819349311362e-01,-2.503932358567e-02,9.724746250960e-01,-5.653454814782e-02,9.687636853273e-01,-8.122089185433e-02
4.239408029250e+01,9.924425812765e-01,-2.328136624712e-03,9.739469273412e-01,-1.621496772065e-02,9.533259974147e-01,-4.165466916359e-02,9.405638683456e-01,-6.301196839947e-02
4.278662957335e+01,9.921870848952e-01,7.357485466345e-04,9.699101210502e-01,-4.980139120053e-03,9.412401457837e-01,-2.051912192479e-02,9.213388790749e-01,-3.531069467002e-02
4.318281367626e+01,9.931297446603e-01,3.666768606189e-03,9.705015870272e-01,6.978598795562e-03,9.381906380724e-01,3.733981225411e-03,9.142010666680e-01,-2.200797203512e-03
4.358266625795e+01,9.951375903642e-01,6.006617003442e-03,9.756972196667e-01,1.780518950981e-02,9.448060279341e-01,2.736695764080e-02,9.204824244764e-01,3.123718126772e-02
4.398622128684e+01,9.979043546629e-01,7.377102950169e-03,9.847389179712e-01,2.576195631394e-02,9.601959751250e-01,4.660842903871e-02,9.394222789503e-01,5.968474424565e-02
4.439351304584e+01,1.000991711353e+00,7.545502154309e-03,9.962196287624e-01,2.951866676312e-02,9.820137537096e-01,5.826640696215e-02,9.681752778260e-01,7.844010422614e-02
4.480457613532e+01,1.003895285881e+00,6.470175004865e-03,1.008282669511e+00,2.839431788043e-02,1.006766630217e+00,6.028974399041e-02,1.002168504354e+00,8.423360423483e-02
4.521944547603e+01,1.006126348182e+00,4.316942992858e-03,1.018911616002e+00,2.250598162853e-02,1.030343977203e+00,5.217690123864e-02,1.035779319278e+00,7.586028343468e-02
4.563815631206e+01,1.007296375562e+00,1.440819695646e-03,1.026268497092e+00,1.279034563243e-02,1.048691226562e+00,3.514649622061e-02,1.063245726575e+00,5.450187985183e-02
4.606074421386e+01,1.007189788823e+00,-1.666706380938e-03,1.029024726620e+00,8.825692046442e-04,1.058523511625e+00,1.201717769308e-02,1.079669277483e+00,2.365178556042e-02
4.648724508124e+01,1.005810738038e+00,-4.458364346914e-03,1.026624388812e+00,-1.113863556698e-02,1.057953644708e+00,-1.320847971364e-02,1.081937693137e+00,-1.138082053573e-02
4.691769514643e+01,1.003393097784e+00,-6.427433267792e-03,1.019425367730e+00,-2.110500478409e-02,1.046910873306e+00,-3.600698043150e-02,1.069389660210e+00,-4.433588032119e-02
4.735213097713e+01,1.000368591547e+00,-7.203116555612e-03,1.008680844377e+00,-2.715458848138e-02,1.027252506577e+00,-5.214252143595e-02,1.044072867507e+00,-6.910888231136e-02
4.779058947968e+01,9.972954378441e-01,-6.626768081204e-03,9.963502075116e-01,-2.809791069279e-02,1.002518589824e+00,-5.848049961611e-02,1.010507783458e+00,-8.091025905812e-02
4.823310790212e+01,9.947578598019e-01,-4.792565417232e-03,9.847605611389e-01,-2.368076575488e-02,9.773441168416e-01,-5.364840540132e-02,9.749566443540e-01,-7.725739583656e-02
4.867972383740e+01,9.932536851933e-01,-2.041523525145e-03,9.761720725868e-01,-1.468243591665e-02,9.566131751307e-01,-3.839930221253e-02,9.442958079147e-01,-5.858726099066e-02
4.913047522657e+01,9.930915098645e-01,1.094024619891e-03,9.723257472115e-01,-2.814695951302e-03,9.445012763400e-01,-1.557715762716e-02,9.246813403572e-01,-2.833065214762e-02
4.958540036199e+01,9.943192267288e-01,3.988481824771e-03,9.740644976716e-01,9.575784421226e-03,9.435916598747e-01,1.034580203066e-02,9.202620097092e-01,7.617695044592e-03
5.004453789059e+01,9.967014904841e-01,6.046931583891e-03,9.811130084927e-01,1.995749562108e-02,9.542566874574e-01,3.410292795861e-02,9.322127319599e-01,4.197922787208e-02
5.050792681715e+01,9.997551453758e-01,6.831041166747e-03,9.920774028790e-01,2.613503958634e-02,9.744601993799e-01,5.069559079319e-02,9.583238660233e-01,6.754405958224e-02
5.097560650763e+01,1.002840045458e+00,6.160011092769e-03,1.004684660731e+00,2.673502912765e-02,1.000062534772e+00,5.647584543701e-02,9.932872859199e-01,7.871660238996e-02
5.144761669248e+01,1.005290203758e+00,4.162292296148e-03,1.016230892973e+00,2.154708330008e-02,1.025607673127e+00,5.001305900477e-02,1.029681543899e+00,7.282281281576e-02
5.192399747005e+01,1.006559545323e+00,1.262256920725e-03,1.024157150555e+00,1.163061224240e-02,1.045460879857e+00,3.253046680565e-02,1.059500829817e+00,5.086376756884e-02
5.240478930998e+01,1.006350459168e+00,-1.900811628521e-03,1.026633275718e+00,-8.580556677389e-04,1.055069988512e+00,7.772366375650e-03,1.075929847582e+00,1.749182560467e-02
5.289003305663e+01,1.004693956380e+00,-4.608580541561e-03,1.023015294428e+00,-1.310340822244e-02,1.052069115523e+00,-1.871988879817e-02,1.074975462528e+00,-1.985783883939e-02
5.337976993256e+01,1.001958377748e+00,-6.227198489245e-03,1.014057099407e+00,-2.225403494920e-02,1.036949565817e+00,-4.080674363610e-02,1.056556022417e+00,-5.255404204194e-02
5.387404154205e+01,9.987783595911e-01,-6.361750288715e-03,1.001803460575e+00,-2.609860101087e-02,1.013096642926e+00,-5.317978146812e-02,1.024735525708e+00,-7.276006208624e-02
5.437288987460e+01,9.959144457003e-01,-4.963206409296e-03,9.891617809760e-01,-2.363410279363e-02,9.861248023103e-01,-5.269301784530e-02,9.869653668383e-01,-7.537793490131e-02
5.487635730851e+01,9.940721553395e-01,-2.357212680925e-03,9.792301677070e-01,-1.537537041724e-02,9.626120241674e-01,-3.925543163809e-02,9.524300318417e-01,-5.945746528139e-02
5.538448661451e+01,9.937226843966e-01,8.193288288681e-04,9.745299950506e-01,-3.304161575919e-03,9.484989532272e-01,-1.601791124903e-02,9.298329859889e-01,-2.866235247801e-02
5.589732095932e+01,9.949714758692e-01,3.765575980693e-03,9.763321518581e-01,9.561464848161e-03,9.475351658762e-01,1.125869705491e-02,9.251425805554e-01,9.414976575865e-03
5.641490390941e+01,9.975132017223e-01,5.716674260593e-03,9.842621575098e-01,1.989867044731e-02,9.601852045248e-01,3.556382952944e-02,9.398870840744e-01,4.501698713814e-02
5.693727943463e+01,1.000692629902e+00,6.147589153410e-03,9.963146690464e-01,2.494394030099e-02,9.833293552490e-01,5.042894353867e-02,9.705064703569e-01,6.869146897004e-02
5.746449191197e+01,1.003664031075e+00,4.925903954003e-03,1.009310211209e+00,2.326676998703e-02,1.010913795437e+00,5.170258823713e-02,1.009036049770e+00,7.386138169799e-02
5.799658612934e+01,1.005613639662e+00,2.366989224716e-03,1.019707440385e+00,1.523071866085e-02,1.035457236325e+00,3.881526464589e-02,1.045056291977e+00,5.879048509400e-02
5.853360728937e+01,1.005988102875e+00,-8.323954384262e-04,1.024574033599e+00,2.983903862250e-03,1.050067708318e+00,1.513029468680e-02,1.068476069304e+00,2.733349421980e-02
5.907560101322e+01,1.004664085230e+00,-3.773571212295e-03,1.022452030657e+00,-1.006052873544e-02,1.050437135106e+00,-1.280404640407e-02,1.072426821549e+00,-1.185788151786e-02
5.962261334451e+01,1.002004563458e+00,-5.605978997153e-03,1.013855593474e+00,-2.014802058399e-02,1.036228548551e+00,-3.698338348703e-02,1.055431172805e+00,-4.758421007789e-02
6.017469075318e+01,9.987753540182e-01,-5.779758223284e-03,1.001220375263e+00,-2.427206707415e-02,1.011387399529e+00,-5.023261930936e-02,1.022132761699e+00,-6.926819670034e-02
6.073188013947e+01,9.959350148120e-01,-4.224874272008e-03,9.882707378283e-01,-2.111488310369e-02,9.831840023457e-01,-4.840660248033e-02,9.822325018939e-01,-7.016962636386e-02
6.129422883790e+01,9.943517458710e-01,-1.395452812612e-03,9.789475612524e-01,-1.153637361330e-02,9.601660799273e-01,-3.181978117401e-02,9.477931645716e-01,-4.965751637012e-02
6.186178462127e+01,9.945295155122e-01,1.846138580291e-03,9.761933659125e-01,1.582182627053e-03,9.495641961646e-01,-5.385534589367e-03,9.296076678739e-01,-1.373841975924e-02
6.243459570474e+01,9.964313629913e-01,4.482351039055e-03,9.809695194332e-01,1.414749936706e-02,9.549288838641e-01,2.269741311481e-02,9.337054579610e-01,2.648954781246e-02
6.301271074993e+01,9.994654662477e-01,5.660464287968e-03,9.918453331762e-01,2.211218805919e-02,9.747890142745e-01,4.341721403171e-02,9.591466900734e-01,5.814584450583e-02
6.359617886903e+01,1.002652542626e+00,4.979774336677e-03,1.005345841523e+00,2.280547401061e-02,1.002868802237e+00,4.986734578059e-02,9.979539888788e-01,7.070674403187e-02
6.418504962900e+01,1.004933952237e+00,2.646752394072e-03,1.017008870617e+00,1.589556149519e-02,1.029932663606e+00,3.966878905857e-02,1.037402360537e+00,5.965580368139e-02
6.477937305575e+01,1.005527303717e+00,-5.661504203086e-04,1.022852594568e+00,3.621330274597e-03,1.046773810941e+00,1.602002378293e-02,1.064099181149e+00,2.834763293112e-02
6.537919963841e+01,1.004209969340e+00,-3.560543509804e-03,1.020778613401e+00,-9.852388931029e-03,1.047407701687e+00,-1.311676522474e-02,1.068594272334e+00,-1.273095723895e-02
6.598458033363e+01,1.001423986840e+00,-5.283032434858e-03,1.011407078789e+00,-1.980514630198e-02,1.031354436026e+00,-3.757394569877e-02,1.048929857775e+00,-4.927972364641e-02
6.659556656988e+01,9.981492823905e-01,-5.104598230764e-03,9.979918763630e-01,-2.262645251323e-02,1.004101816660e+00,-4.851484430683e-02,1.011748042271e+00,-6.812037199076e-02
6.721221025184e+01,9.955719158472e-01,-3.070016472686e-03,9.853654033848e-01,-1.719066340995e-02,9.754131578123e-01,-4.173563526349e-02,9.703230234280e-01,-6.207949015628e-02
6.783456376480e+01,9.946536860802e-01,8.687400943263e-05,9.782216417597e-01,-5.401080505251e-03,9.559179219559e-01,-1.947442059500e-02,9.399728814777e-01,-3.298358480167e-02
6.846267997912e+01,9.957582014457e-01,3.187818613676e-03,9.793326264245e-01,8.377490291242e-03,9.531292652326e-01,1.009784912876e-02,9.323608812858e-01,8.550140154175e-03
6.909661225470e+01,9.984828214453e-01,5.042248098618e-03,9.883835879040e-01,1.887619454422e-02,9.683820625249e-01,3.571734369708e-02,9.507975411181e-01,4.674024821751e-02
6.973641444554e+01,1.001780134906e+00,4.912718294179e-03,1.001940929004e+00,2.194282729224e-02,9.959843226435e-01,4.728768745921e-02,9.884923103267e-01,6.656480874914e-02
7.038214090430e+01,1.004344927628e+00,2.830070868392e-03,1.014665962388e+00,1.625548195315e-02,1.025123578027e+00,3.997650637460e-02,1.030728605404e+00,5.980976749136e-02
7.103384648692e+01,1.005131412873e+00,-3.829471137710e-04,1.021388425056e+00,4.001868020174e-03,1.043997438289e+00,1.645716249554e-02,1.060430890016e+00,2.877674648164e-02
7.169158655728e+01,1.003797138604e+00,-3.414142865479e-03,1.019253286441e+00,-9.849392858453e-03,1.044649173224e+00,-1.380552888901e-02,1.065114097646e+00,-1.410907006532e-02
7.235541699191e+01,1.000879870552e+00,-4.990309584758e-03,1.009038677889e+00,-1.950108439713e-02,1.026522452973e+00,-3.818976238620e-02,1.042394193235e+00,-5.099939490028e-02
7.302539418471e+01,9.976088079738e-01,-4.423611696556e-03,9.950043005744e-01,-2.077000335557e-02,9.970863120032e-01,-4.616700521883e-02,1.001549738607e+00,-6.599599584817e-02
7.370157505179e+01,9.954017972136e-01,-1.938402864507e-03,9.832076098376e-01,-1.299209557814e-02,9.689919627722e-01,-3.400869131447e-02,9.600881950925e-01,-5.220112800302e-02
7.438401703625e+01,9.952458843522e-01,1.385590167528e-03,9.789045364103e-01,5.071065130904e-04,9.547196139172e-01,-6.797451871431e-03,9.363970203346e-01,-1.526348046093e-02
7.507277811310e+01,9.972320664576e-01,4.060344562843e-03,9.841347631573e-01,1.371619346097e-02,9.609237893956e-01,2.341403930425e-02,9.414671649261e-01,2.851290580390e-02
7.576791679417e+01,1.000471803367e+00,4.853588706834e-03,9.966236501880e-01,2.056867145439e-02,9.850668881090e-01,4.279060254746e-02,9.734373889925e-01,5.911540814502e-02
7.646949213308e+01,1.003466614628e+00,3.376414557725e-03,1.010632461536e+00,1.777966636477e-02,1.016131745991e+00,4.210559769427e-02,1.017786790846e+00,6.201060601107e-02
7.717756373027e+01,1.004792318449e+00,3.073503272781e-04,1.019520234345e+00,6.548796004292e-03,1.039437240085e+00,2.138019290823e-02,1.053595672531e+00,3.536980941457e-02
7.789219173803e+01,1.003791724383e+00,-2.886559942982e-03,1.018918845647e+00,-7.799229803634e-03,1.043575385024e+00,-9.648785449131e-03,1.063368840703e+00,-8.372193410124e-03
7.861343686564e+01,1.000933816458e+00,-4.635877664547e-03,1.009000871927e+00,-1.823794354336e-02,1.026216251915e+00,-3.583761488450e-02,1.041864536880e+00,-4.791236509682e-02
7.934136038454e+01,9.976306654274e-01,-4.050786468895e-03,9.946172245539e-01,-1.948368443945e-02,9.957473890910e-01,-4.397114428487e-02,9.993763621250e-01,-6.333023913228e-02
8.007602413348e+01,9.955605042326e-01,-1.406387777772e-03,9.830486318488e-01,-1.078197181222e-02,9.675335034541e-01,-2.962426232606e-02,9.572791455273e-01,-4.636001353642e-02
8.081749052384e+01,9.958086226339e-01,1.946521893642e-03,9.803383032945e-01,3.477055466046e-03,9.562736925144e-01,8.200138845262e-05,9.374725054195e-01,-5.309042860686e-03
8.156582254487e+01,9.982666648812e-01,4.245788069173e-03,9.880322072861e-01,1.582961553404e-02,9.681772531096e-01,2.966203090729e-02,9.507953217978e-01,3.847932472777e-02
8.232108376911e+01,1.001636160176e+00,4.246607861396e-03,1.002125588278e+00,1.960812625760e-02,9.971799727965e-01,4.318906746893e-02,9.905980873369e-01,6.146201320935e-02
8.308333835771e+01,1.004084614364e+00,1.926405011386e-03,1.014986475112e+00,1.263538379052e-02,1.027644892754e+00,3.301407271045e-02,1.035481610706e+00,5.071069426503e-02
8.385265106594e+01,1.004241604565e+00,-1.446762034441e-03,1.019435969927e+00,-1.341270057800e-03,1.042607373600e+00,4.460492032146e-03,1.060487419172e+00,1.169018633201e-02
8.462908724869e+01,1.001996468055e+00,-3.973964936330e-03,1.012845828735e+00,-1.448814813897e-02,1.033349644040e+00,-2.654040160944e-02,1.051106608982e+00,-3.389238773516e-02
8.541271286598e+01,9.986194433460e-01,-4.191772787782e-03,9.988784814018e-01,-1.921161935666e-02,1.004862419081e+00,-4.212417622565e-02,1.012219134961e+00,-5.980620609758e-02
8.620359448860e+01,9.960789722909e-01,-1.950805410806e-03,9.856399419750e-01,-1.263372812706e-02,9.736036614775e-01,-3.290909682945e-02,9.662253297998e-01,-5.050928059559e-02
8.700179930374e+01,9.958979132778e-01,1.435517149366e-03,9.810465909147e-01,1.457411224032e-03,9.582233409157e-01,-4.044566203028e-03,9.405296148362e-01,-1.101492189925e-02
8.780739512075e+01,9.982080753519e-01,3.922882587330e-03,9.879974529475e-01,1.459049504723e-02,9.683091927986e-01,2.719186352653e-02,9.510892229100e-01,3.510328893467e-02
8.862045037682e+01,1.001605955643e+00,3.967047907873e-03,1.002336166698e+00,1.863136516262e-02,9.979841396148e-01,4.149554918960e-02,9.919235850213e-01,5.938041626898e-02
8.944103414286e+01,1.003966560488e+00,1.517840180297e-03,1.015129982757e+00,1.092538386248e-02,1.028835144621e+00,2.961248243570e-02,1.037760963639e+00,4.617828434086e-02
9.026921612933e+01,1.003771221235e+00,-1.881611359769e-03,1.018167708124e+00,-3.736610629895e-03,1.041103390590e+00,-1.214621250737e-03,1.059280702541e+00,3.389180040517e-03
9.110506669219e+01,1.001123869414e+00,-4.028499153695e-03,1.009351530745e+00,-1.588635059350e-02,1.026522782435e+00,-3.114935814737e-02,1.042068437587e+00,-4.151623608422e-02
9.194865683886e+01,9.977547146987e-01,-3.490561853969e-03,9.943825409595e-01,-1.743909593314e-02,9.943888360257e-01,-4.031385809691e-02,9.969634607435e-01,-5.875449093619e-02
9.280005823425e+01,9.959262472224e-01,-6.061082523902e-04,9.832832414610e-01,-7.220054587847e-03,9.661508499394e-01,-2.222729684183e-02,9.540142727516e-01,-3.626123055076e-02
9.365934320686e+01,9.969049499020e-01,2.669268303776e-03,9.837168636548e-01,7.898733422973e-03,9.612622096045e-01,1.106790128705e-02,9.427737053806e-01,1.110222246108e-02
9.452658475490e+01,1.000033232033e+00,4.055694928363e-03,9.955178294332e-01,1.741956928519e-02,9.834659151388e-01,3.651309469219e-02,9.715781552444e-01,5.058793746445e-02
9.540185655254e+01,1.003111150824e+00,2.553394117873e-03,1.010437818500e+00,1.451319163046e-02,1.017349803598e+00,3.590545750851e-02,1.020532684657e+00,5.398581095004e-02
9.628523295611e+01,1.003917389876e+00,-7.786344869217e-04,1.017731125183e+00,1.133905361192e-03,1.038562639740e+00,9.324296299519e-03,1.054502978059e+00,1.829988109451e-02
9.717678901047e+01,1.001840627739e+00,-3.510156624175e-03,1.011946523375e+00,-1.300401877601e-02,1.031317893924e+00,-2.402449243705e-02,1.048252815370e+00,-3.077024408356e-02
9.807660045533e+01,9.984072281045e-01,-3.596218305016e-03,9.972587632642e-01,-1.733499285096e-02,1.000650518579e+00,-3.926440891128e-02,1.005872202507e+00,-5.666232552118e-02
9.898474373173e+01,9.962140926888e-01,-9.491363349670e-04,9.847407932960e-01,-8.450554507287e-03,9.696003448838e-01,-2.454118556524e-02,9.591290632010e-01,-3.930526170382e-02
9.990129598853e+01,9.969664724219e-01,2.408215426887e-03,9.841066421923e-01,6.923962029877e-03,9.622207349401e-01,9.142632062887e-03,9.441966431267e-01,8.475286602200e-03
1.008263350889e+02,1.000097266638e+00,3.842356621703e-03,9.959908417637e-01,1.675699501949e-02,9.846466391655e-01,3.549288625290e-02,9.733116155264e-01,4.944040532564e-02
1.017599396171e+02,1.003122337052e+00,2.190669698974e-03,1.011016469361e+00,1.311040000656e-02,1.019296419386e+00,3.328491597082e-02,1.023753312080e+00,5.063052470926e-02
1.027021888850e+02,1.003580146055e+00,-1.228358205396e-03,1.016977443351e+00,-1.196162448100e-03,1.038074096126e+00,3.939861250119e-03,1.054668407759e+00,1.050460992004e-02
1.036531629387e+02,1.001071284200e+00,-3.600045128395e-03,1.008833088328e+00,-1.442580494496e-02,1.025193131086e+00,-2.855767572725e-02,1.040119931326e+00,-3.822234337045e-02
1.046129425657e+02,9.976835637616e-01,-2.920118052970e-03,9.932922915700e-01,-1.541557755230e-02,9.911065410547e-01,-3.682890769491e-02,9.917459297425e-01,-5.453679621176e-02
1.055816093014e+02,9.963098760431e-01,2.534142326666e-04,9.835971898367e-01,-3.182756246586e-03,9.647909505668e-01,-1.345966814291e-02,9.506064708588e-01,-2.397425103937e-02
1.065592454364e+02,9.981618058233e-01,3.177069240646e-03,9.882650122815e-01,1.175002321749e-02,9.693167599267e-01,2.156166202147e-02,9.527303604338e-01,2.743020387296e-02
1.075459340230e+02,1.001624357683e+00,3.260193075813e-03,1.003311130350e+00,1.616916438786e-02,1.001062737081e+00,3.729492077561e-02,9.968322819499e-01,5.430841060463e-02
1.085417588827e+02,1.003591665700e+00,4.063651894170e-04,1.015276126130e+00,5.976538963101e-03,1.031714261136e+00,1.928901438316e-02,1.043653180327e+00,3.204203383539e-02
1.095468046131e+02,1.002250810583e+00,-2.792834772244e-03,1.013152481610e+00,-9.633559438846e-03,1.033113216482e+00,-1.635052383069e-02,1.050216982851e+00,-1.958698030084e-02
1.105611565951e+02,9.988261206460e-01,-3.360356327633e-03,9.987731772867e-01,-1.615680814011e-02,1.003585447494e+00,-3.656605698521e-02,1.009843385164e+00,-5.274327090815e-02
1.115849010002e+02,9.965460033518e-01,-7.394560525413e-04,9.856509450796e-01,-7.310683347736e-03,9.707843126278e-01,-2.196871089566e-02,9.602562971063e-01,-3.567600016605e-02
1.126181247980e+02,9.976147776891e-01,2.568549301900e-03,9.864569151052e-01,8.529911067782e-03,9.663432985313e-01,1.377664008791e-02,9.492401605476e-01,1.579917006701e-02
1.136609157630e+02,1.001009491750e+00,3.328723127410e-03,1.000542618563e+00,1.589817034926e-02,9.949712617563e-01,3.583027324550e-02,9.881310782587e-01,5.156917531199e-02
1.147133624828e+02,1.003365712184e+00,7.661894437467e-04,1.013992765430e+00,7.359258410396e-03,1.028486842660e+00,2.200593106851e-02,1.038737073600e+00,3.569319330243e-02
1.157755543652e+02,1.002290345672e+00,-2.547113030512e-03,1.013160103545e+00,-8.585771963098e-03,1.032922837312e+00,-1.409426503240e-02,1.049808002109e+00,-1.637916803720e-02
1.168475816457e+02,9.988672903851e-01,-3.204934842517e-03,9.987620851777e-01,-1.556779600592e-02,1.003352506278e+00,-3.547191789072e-02,1.009396240614e+00,-5.133816857023e-02
1.179295353956e+02,9.966641933544e-01,-5.009267866006e-04,9.857616374906e-01,-6.178951964931e-03,9.704080430293e-01,-1.951615031791e-02,9.592740398498e-01,-3.225378988398e-02
1.190215075292e+02,9.980338165730e-01,2.709102238126e-03,9.880300950165e-01,9.730871358661e-03,9.692034274954e-01,1.718530308037e-02,9.528283256610e-01,2.118931212679e-02
1.201235908121e+02,1.001517221037e+00,2.955058988084e-03,1.003254850261e+00,1.498227008611e-02,1.001414127122e+00,3.505843122531e-02,9.976078290718e-01,5.141888134071e-02
1.212358788689e+02,1.003295969221e+00,-5.237896051256e-05,1.014784520678e+00,3.689156786564e-03,1.031900154382e+00,1.417506159238e-02,1.044843068414e+00,2.478745696711e-02
1.223584661909e+02,1.001370357594e+00,-2.970296738721e-03,1.009671471979e+00,-1.165414375356e-02,1.026462141886e+00,-2.249208415829e-02,1.041578761660e+00,-2.953714998964e-02
1.234914481444e+02,9.979068185026e-01,-2.481137535422e-03,9.935842491594e-01,-1.361593562322e-02,9.908936216469e-01,-3.333055168768e-02,9.909166241215e-01,-4.994864973147e-02
1.246349209790e+02,9.968984438551e-01,8.701703844795e-04,9.850417017471e-01,1.954357270418e-04,9.660665202271e-01,-5.496260875845e-03,9.510041563032e-01,-1.237497939543e-02
1.257889818352e+02,9.995439679261e-01,3.163972795383e-03,9.941605870973e-01,1.367323065776e-02,9.813356049942e-01,2.865819744034e-02,9.689963660994e-01,3.961163708842e-02
1.269537287531e+02,1.002705822412e+00,1.655737390686e-03,1.010192679986e+00,1.069886527086e-02,1.018860180655e+00,2.832013582013e-02,1.024035445245e+00,4.392486303640e-02
1.281292606806e+02,1.002550183054e+00,-1.845571207549e-03,1.013713874403e+00,-5.255427158387e-03,1.033227846080e+00,-6.469365323902e-03,1.049563833395e+00,-5.246389682868e-03
1.293156774820e+02,9.992509677039e-01,-3.032734732854e-03,1.000268185040e+00,-1.459396866782e-02,1.006428290382e+00,-3.305972740439e-02,1.013657288339e+00,-4.769475366215e-02
1.305130799459e+02,9.969266748447e-01,-4.055441588696e-04,9.865918261308e-01,-5.538488637751e-03,9.717076687340e-01,-1.795152996069e-02,9.607537271731e-01,-2.997437165558e-02
1.317215697945e+02,9.985428912669e-01,2.709272684382e-03,9.901300944628e-01,1.051041638841e-02,9.733238551306e-01,1.999148211226e-02,9.582550898343e-01,2.595619872001e-02
1.329412496918e+02,1.002027315514e+00,2.282340665088e-03,1.006435389890e+00,1.280355143126e-02,1.009548847018e+00,3.176121366534e-02,1.009970212407e+00,4.790397361811e-02
1.341722232523e+02,1.002805870071e+00,-1.141989940645e-03,1.014129252731e+00,-1.789321161631e-03,1.032958617912e+00,1.574512120494e-03,1.048265112982e+00,6.535443157334e-03
1.354145950500e+02,9.998252618191e-01,-3.001106420841e-03,1.002845564315e+00,-1.386589757016e-02,1.012058171776e+00,-3.053291032341e-02,1.021652660320e+00,-4.337780756309e-02
1.366684706274e+02,9.971160834347e-01,-7.631875775394e-04,9.877863792507e-01,-6.981472846695e-03,9.748736598345e-01,-2.086496225914e-02,9.656876248020e-01,-3.393480668654e-02
1.379339565040e+02,9.984175727967e-01,2.501941269583e-03,9.897338053144e-01,9.492194699046e-03,9.726881069400e-01,1.760322224072e-02,9.575175810504e-01,2.242298655223e-02
1.392111601856e+02,1.001922245798e+00,2.221526526437e-03,1.006078161801e+00,1.249659922024e-02,1.008901578375e+00,3.107762588316e-02,1.009128806544e+00,4.693658609658e-02
1.405001901738e+02,1.002647927262e+00,-1.219487142203e-03,1.013609878266e+00,-2.349880131431e-03,1.032162129044e+00,8.902806352493e-05,1.047405169311e+00,4.260781200588e-03
1.418011559745e+02,9.995339281988e-01,-2.855154641147e-03,1.001354163792e+00,-1.365970125980e-02,1.008613866276e+00,-3.081677718707e-02,1.016664894216e+00,-4.434979254863e-02
1.431141681077e+02,9.971423830311e-01,-2.749428129179e-04,9.872154624663e-01,-4.761902632836e-03,9.725378824187e-01,-1.610198297145e-02,9.615409090835e-01,-2.729340909117e-02
1.444393381169e+02,9.990459398201e-01,2.684346998049e-03,9.923200964238e-01,1.117435513304e-02,9.778181875260e-01,2.260717809121e-02,9.643396158690e-01,3.052813059513e-02
1.457767785782e+02,1.002372759249e+00,1.536964183626e-03,1.009040266919e+00,9.993771763234e-03,1.016779839098e+00,2.667086446877e-02,1.021357137981e+00,4.156064755381e-02
1.471266031104e+02,1.002004095228e+00,-1.963168005341e-03,1.011660062713e+00,-6.589918115926e-03,1.029548090658e+00,-1.047344943621e-02,1.045022799966e+00,-1.167615792053e-02
1.484889263840e+02,9.985055169773e-01,-2.348826140153e-03,9.959901866903e-01,-1.269309827747e-02,9.958888053764e-01,-3.091712638579e-02,9.979030902587e-01,-4.625086228976e-02
1.498638641315e+02,9.974251440991e-01,1.001222496741e-03,9.868503358364e-01,1.454541903281e-03,9.690327936632e-01,-1.972956236611e-03,9.544355619851e-01,-6.910673622424e-03
1.512515331571e+02,1.000511778617e+00,2.693339574813e-03,9.990420367674e-01,1.311388967936e-02,9.924604598525e-01,2.993670822171e-02,9.849780588734e-01,4.334435583407e-02
1.526520513464e+02,1.002720138767e+00,-4.774370182324e-05,1.012683858891e+00,3.146435560237e-03,1.028082401938e+00,1.243867032833e-02,1.039987913910e+00,2.204662809176e-02
1.540655376766e+02,1.000375954919e+00,-2.673439198405e-03,1.005062978541e+00,-1.196080685228e-02,1.016598463984e+00,-2.565584457667e-02,1.027909005256e+00,-3.587543341744e-02
1.554921122267e+02,9.974281394855e-01,-7.503712035204e-04,9.889588107797e-01,-6.687793320101e-03,9.771128995024e-01,-2.000998343622e-02,9.686519795854e-01,-3.262374251437e-02
1.569318961874e+02,9.989284583985e-01,2.433088443623e-03,9.919769632011e-01,1.001150651283e-02,9.772888132301e-01,1.997511284798e-02,9.637289119402e-01,2.669525461357e-02
1.583850118716e+02,1.002272993599e+00,1.339360122331e-03,1.008945510898e+00,9.086639076815e-03,1.017083571327e+00,2.477165651133e-02,1.022150897587e+00,3.897383616109e-02
1.598515827248e+02,1.001556465272e+00,-2.105162199857e-03,1.009906632543e+00,-7.903299667831e-03,1.026279194930e+00,-1.434093641279e-02,1.040877533425e+00,-1.789451886117e-02
1.613317333357e+02,9.980592533048e-01,-1.727228358012e-03,9.930682270445e-01,-1.051630274213e-02,9.881566938401e-01,-2.732880849701e-02,9.859429585925e-01,-4.213454160067e-02
1.628255894463e+02,9.981431084459e-01,1.788542723637e-03,9.890497198640e-01,6.065970736581e-03,9.719858217881e-01,9.658966399692e-03,9.571080354308e-01,1.072848493574e-02
1.643332779632e+02,1.001655207204e+00,1.950872683682e-03,1.005330876962e+00,1.124155601048e-02,1.007833681158e+00,2.842142590382e-02,1.007966536669e+00,4.328304882578e-02
1.658549269680e+02,1.002014232061e+00,-1.545545938358e-03,1.011419320835e+00,-4.743364483868e-03,1.028624821694e+00,-6.396007713266e-03,1.043421449279e+00,-5.804933706900e-03
1.673906657281e+02,9.985371857342e-01,-2.051283986067e-03,9.956859620201e-01,-1.150748103507e-02,9.946378723815e-01,-2.868401008875e-02,9.957390462377e-01,-4.339767564060e-02
1.689406247082e+02,9.979346699880e-01,1.408988809089e-03,9.884762993043e-01,4.048804359994e-03,9.713576637785e-01,4.739853948490e-03,9.567229401962e-01,3.341559242747e-03
1.705049355808e+02,1.001384980884e+00,2.058491205470e-03,1.003950057250e+00,1.147882909273e-02,1.004531600214e+00,2.852590750743e-02,1.003047917443e+00,4.309867826490e-02
1.720837312377e+02,1.002031620753e+00,-1.390772419631e-03,1.011376605722e+00,-4.017404163237e-03,1.028343112415e+00,-4.736180541275e-03,1.042874801075e+00,-3.378132685776e-03
1.736771458012e+02,9.985745365139e-01,-1.984285108119e-03,9.957521054045e-01,-1.121357603163e-02,9.946506378537e-01,-2.808442552823e-02,9.956719116045e-01,-4.259060409339e-02
1.752853146355e+02,9.980851896179e-01,1.487227522800e-03,9.890208005151e-01,4.635729266749e-03,9.722775504374e-01,6.363122174702e-03,9.577959344324e-01,5.890327167204e-03
1.769083743582e+02,1.001573177135e+00,1.820399940292e-03,1.005171450954e+00,1.065618401425e-02,1.007763586589e+00,2.721227629215e-02,1.008050917814e+00,4.164616714899e-02
1.785464628520e+02,1.001697338293e+00,-1.679151075889e-03,1.010221134625e+00,-5.840642750801e-03,1.026492386050e+00,-9.527666178144e-03,1.040821730540e+00,-1.078429608208e-02
1.801997192762e+02,9.982005570167e-01,-1.541304244201e-03,9.933778026803e-01,-9.645655261181e-03,9.883815273841e-01,-2.548644392240e-02,9.859538509413e-01,-3.961143813929e-02
1.818682840787e+02,9.986521785610e-01,1.926505577383e-03,9.911019138063e-01,7.486277801910e-03,9.758935207421e-01,1.397971509946e-02,9.621242041802e-01,1.776457274013e-02
1.835522990079e+02,1.002050681030e+00,1.112874831710e-03,1.008392173279e+00,7.946085045511e-03,1.016529463269e+00,2.225803423652e-02,1.021829997283e+00,3.546197154492e-02
1.852519071249e+02,1.000833714583e+00,-2.160028718810e-03,1.006760254602e+00,-9.286361568754e-03,1.019847906023e+00,-1.915392726843e-02,1.032214540032e+00,-2.608476841896e-02
1.869672528150e+02,9.977596559258e-01,-5.098511673126e-04,9.898987733710e-01,-5.318966852843e-03,9.782977481319e-01,-1.679504086128e-02,9.696861958943e-01,-2.799111396691e-02
1.886984818010e+02,9.998557862830e-01,2.275483101166e-03,9.963855913967e-01,1.075502441177e-02,9.869550900324e-01,2.398372879193e-02,9.773164429216e-01,3.423839146588e-02
1.904457411546e+02,1.002248120262e+00,-2.556048723875e-04,1.011153823818e+00,1.659657512986e-03,1.025769248150e+00,8.587241496568e-03,1.037515881910e+00,1.624484860124e-02
1.922091793095e+02,9.993238414704e-01,-2.141063662039e-03,9.994962721162e-01,-1.119622508735e-02,1.003476240891e+00,-2.679914026155e-02,1.008720599126e+00,-3.974864635286e-02
1.939889460739e+02,9.980607810176e-01,1.097236743895e-03,9.892183860011e-01,2.798555403466e-03,9.732003461842e-01,2.148627175263e-03,9.594940531489e-01,-2.826364769318e-04
1.957851926430e+02,1.001491538140e+00,1.632218959237e-03,1.005106750448e+00,9.822467178509e-03,1.008044566291e+00,2.550997181204e-02,1.008739994030e+00,3.936205468972e-02
1.975980716120e+02,1.001217606444e+00,-1.825305103626e-03,1.008260696089e+00,-7.267999444714e-03,1.022720643350e+00,-1.385484605603e-02,1.035952616148e+00,-1.783966211581e-02
1.994277369892e+02,9.979396790836e-01,-7.042706429906e-04,9.909153353060e-01,-6.087135352359e-03,9.808882281668e-01,-1.832237733721e-02,9.736722371617e-01,-3.004854694334e-02
2.012743442088e+02,9.998844036150e-01,2.157612256747e-03,9.966379712346e-01,1.033540525710e-02,9.876388305432e-01,2.326003575604e-02,9.783576478001e-01,3.336214221677e-02
2.031380501443e+02,1.002083012944e+00,-5.084736721874e-04,1.010799396016e+00,2.328316412961e-04,1.025706662144e+00,5.091805753434e-03,1.038014838567e+00,1.103575895696e-02
2.050190131219e+02,9.988885181654e-01,-1.814391480597e-03,9.969440809693e-01,-1.029162122547e-02,9.970173773115e-01,-2.590108351175e-02,9.989105134413e-01,-3.938723158499e-02
2.069173929335e+02,9.986501868044e-01,1.623699700196e-03,9.912927692145e-01,6.167056610312e-03,9.765565648322e-01,1.110144090423e-02,9.632279764874e-01,1.364244135334e-02
2.088333508511e+02,1.001969484993e+00,7.152378519119e-04,1.008695994812e+00,6.069404129316e-03,1.018285329449e+00,1.821066714337e-02,1.025164025163e+00,2.984890843418e-02
2.107670496394e+02,9.999696660945e-01,-2.079084405600e-03,1.002570976113e+00,-1.022128131573e-02,1.010479152485e+00,-2.343893970702e-02,1.018883934547e+00,-3.396468083684e-02
2.127186535707e+02,9.980958353619e-01,7.948364564931e-04,9.896193853108e-01,1.403794671227e-03,9.744763212611e-01,-1.011106664757e-03,9.616269205820e-01,-4.884117297783e-03
2.146883284382e+02,1.001460778368e+00,1.434864065330e-03,1.005292907722e+00,8.965087172293e-03,1.008935987526e+00,2.379035600473e-02,1.010355806155e+00,3.708608219073e-02
2.166762415703e+02,1.000714463779e+00,-1.902193315470e-03,1.006014820716e+00,-8.419371558100e-03,1.018037372535e+00,-1.771739888327e-02,1.029573822926e+00,-2.438047422019e-02
2.186825618447e+02,9.979894626589e-01,1.536268403630e-04,9.898912668953e-01,-1.889389466369e-03,9.764475247326e-01,-8.832954764090e-03,9.655773409092e-01,-1.645059722051e-02
2.207074597029e+02,1.001012246508e+00,1.726047973095e-03,1.002719851086e+00,9.852261081274e-03,1.002381985295e+00,2.491224247464e-02,1.000315596796e+00,3.797484317764e-02
2.227511071647e+02,1.001067363142e+00,-1.674391883473e-03,1.007486183936e+00,-6.866281614024e-03,1.020985849190e+00,-1.339802161205e-02,1.033509123374e+00,-1.749560420221e-02
2.248136778426e+02,9.980351740598e-01,-1.490275517791e-04,9.904711270665e-01,-3.336026063039e-03,9.783910175674e-01,-1.210986793086e-02,9.688982076407e-01,-2.117844650655e-02
2.268953469566e+02,1.000824384985e+00,1.773119738080e-03,1.001738515232e+00,9.882366181330e-03,1.000002361918e+00,2.464438136065e-02,9.967483140865e-01,3.731334141538e-02
2.289962913494e+02,1.001104299869e+00,-1.595557006574e-03,1.007599722267e+00,-6.457408806823e-03,1.021151448609e+00,-1.240056293986e-02,1.033679785095e+00,-1.598940155979e-02
2.311166895009e+02,9.980774074696e-01,-1.073445970506e-04,9.905818227874e-01,-3.088231380874e-03,9.784874002743e-01,-1.149961004881e-02,9.689159226692e-01,-2.027355569178e-02
2.332567215438e+02,1.000938655878e+00,1.664418644714e-03,1.002460122357e+00,9.538720841727e-03,1.001899554710e+00,2.419426180570e-02,9.996794923877e-01,3.693912849443e-02
2.354165692787e+02,1.000855765726e+00,-1.692149578486e-03,1.006523964037e+00,-7.300144235005e-03,1.018963738837e+00,-1.494478557451e-02,1.030749344881e+00,-2.016334913597e-02
2.375964161898e+02,9.981369120235e-01,2.641924288037e-04,9.903397035125e-01,-1.167122033765e-03,9.770113253484e-01,-6.967881268126e-03,9.660274779722e-01,-1.362154058057e-02
2.397964474598e+02,1.001300090041e+00,1.340404811457e-03,1.004712918842e+00,8.444849609554e-03,1.007856220542e+00,2.257058625152e-02,1.008940400335e+00,3.531936314423e-02
2.420168499866e+02,1.000278796380e+00,-1.831949561455e-03,1.003850147932e+00,-8.806881374257e-03,1.013153495627e+00,-1.980702004532e-02,1.022612791489e+00,-2.835263881109e-02
2.442578123983e+02,9.984034407318e-01,9.123720429186e-04,9.907634838508e-01,2.437873695622e-03,9.764280695847e-01,1.984135608745e-03,9.639010769649e-01,-1.105832590883e-04
2.465195250699e+02,1.001707384486e+00,6.439859578282e-04,1.007717264611e+00,5.530436311528e-03,1.016465987193e+00,1.681495908054e-02,1.022813736066e+00,2.776189137415e-02
2.488021801391e+02,9.993770077675e-01,-1.700294535250e-03,9.991511182540e-01,-9.397890750872e-03,1.001964580785e+00,-2.333171599983e-02,1.006088211796e+00,-3.524595306654e-02
2.511059715225e+02,9.991597563385e-01,1.588435156450e-03,9.936231918170e-01,6.876755460984e-03,9.814415415944e-01,1.407929777134e-02,9.698720293894e-01,1.897134542936e-02
2.534310949327e+02,1.001719668793e+00,-4.718597632994e-04,1.009320696163e+00,-6.204992644512e-05,1.022851617069e+00,3.862377479852e-03,1.034298366340e+00,8.921845437457e-03
2.557777478940e+02,9.984706090800e-01,-8.901701166156e-04,9.934682620701e-01,-6.569210368162e-03,9.868206972954e-01,-1.891951439269e-02,9.824291062985e-01,-3.058951347654e-02
2.581461297601e+02,1.000469247575e+00,1.692191486085e-03,1.000086094055e+00,9.206659012279e-03,9.962377389500e-01,2.262898293511e-02,9.912511774286e-01,3.400729079978e-02
2.605364417303e+02,1.000805855474e+00,-1.545087620964e-03,1.006183050134e+00,-6.745704653726e-03,1.018102298893e+00,-1.389859223744e-02,1.029469854352e+00,-1.879503194411e-02
2.629488868673e+02,9.983821408795e-01,6.106886803704e-04,9.909506125955e-01,9.058312135324e-04,9.773568318607e-01,-1.686494194722e-03,9.656596978903e-01,-5.591134304296e-03
2.653836701136e+02,1.001614438666e+00,5.817320489221e-04,1.007424116013e+00,5.155990342598e-03,1.016041453934e+00,1.590523122280e-02,1.022379811181e+00,2.643020232813e-02
2.678409983098e+02,9.991234277191e-01,-1.459984877273e-03,9.975213643154e-01,-8.634826581000e-03,9.976351870567e-01,-2.234978961710e-02,9.993671785731e-01,-3.446748280266e-02
2.703210802114e+02,9.997964077382e-01,1.677581491972e-03,9.966720491760e-01,8.285102599900e-03,9.881972523687e-01,1.899090214362e-02,9.794211553263e-01,2.745935577547e-02
2.728241265071e+02,1.001154428667e+00,-1.216343868108e-03,1.007563658819e+00,-4.640646716826e-03,1.020689929503e+00,-8.172652032383e-03,1.032739232933e+00,-9.738837031266e-03
2.753503498364e+02,9.983677861551e-01,3.243577421315e-04,9.911991853276e-01,-5.731001351566e-04,9.784979602381e-01,-5.242691377342e-03,9.677931769782e-01,-1.089583513985e-02
2.778999648077e+02,1.001523736693e+00,6.366646917813e-04,1.006940806531e+00,5.353314786449e-03,1.014841898947e+00,1.626502477874e-02,1.020552079135e+00,2.688875713614e-02
2.804731880167e+02,9.990656821141e-01,-1.346326283826e-03,9.970498972396e-01,-8.197027661197e-03,9.962651120145e-01,-2.158573414086e-02,9.971647668095e-01,-3.356853445733e-02
2.830702380646e+02,1.000101014695e+00,1.623084411009e-03,9.982878703881e-01,8.487404549562e-03,9.920538608618e-01,2.029440355136e-02,9.851050459344e-01,3.004352893406e-02
2.856913355767e+02,1.000713993781e+00,-1.447240982555e-03,1.005671172718e+00,-6.472217519007e-03,1.016899462362e+00,-1.358574851761e-02,1.027734992178e+00,-1.857221703357e-02
2.883367032213e+02,9.986931795753e-01,9.256430538193e-04,9.919808553359e-01,2.973327569546e-03,9.787795509064e-01,3.881582685256e-03,9.669206701374e-01,3.113416182153e-03
2.910065657283e+02,1.001572601195e+00,-2.289681244729e-04,1.008442471972e+00,9.892569618613e-04,1.020561282333e+00,6.153565487445e-03,1.030739551967e+00,1.220194770313e-02
2.937011499087e+02,9.984945346745e-01,-4.696564893555e-04,9.928585946278e-01,-4.513513832837e-03,9.841998393947e-01,-1.436295530576e-02,9.776581326123e-01,-2.417878436511e-02
2.964206846736e+02,1.001171959405e+00,1.037112908257e-03,1.004637387170e+00,6.999600801366e-03,1.008486814457e+00,1.947480975217e-02,1.010429073134e+00,3.106548265337e-02
2.991654010537e+02,9.993251850000e-01,-1.398707831387e-03,9.984381402625e-01,-8.197518214573e-03,9.997017858098e-01,-2.113308551454e-02,1.002378088139e+00,-3.253187385935e-02
3.019355322189e+02,1.000120204289e+00,1.536406760295e-03,9.984893005182e-01,8.155118246134e-03,9.926451315511e-01,1.969900987189e-02,9.860406892315e-01,2.931474852745e-02
3.047313134983e+02,1.000404535711e+00,-1.474836256597e-03,1.004159744125e+00,-7.116497662083e-03,1.013526933332e+00,-1.595814419832e-02,1.022963048108e+00,-2.274298851591e-02
3.075529823997e+02,9.991586818342e-01,1.263060983709e-03,9.938512330384e-01,5.413943073754e-03,9.822320817656e-01,1.083893351590e-02,9.711828948539e-01,1.430162751737e-02
3.104007786305e+02,1.001162052663e+00,-9.579480879737e-04,1.007407391945e+00,-3.380665551802e-03,1.020042438409e+00,-5.202748744116e-03,1.031577974756e+00,-5.319634918523e-03
3.132749441174e+02,9.986366418711e-01,6.121375098444e-04,9.920118271507e-01,1.295261231246e-03,9.794009007821e-01,-2.766612505388e-04,9.682852210400e-01,-3.198720734599e-03
3.161757230274e+02,1.001458754120e+00,-2.672974564371e-04,1.008017178446e+00,6.431163482474e-04,1.019836965444e+00,5.154632535402e-03,1.029898806236e+00,1.062067444412e-02
3.191033617883e+02,9.985290925665e-01,-4.812071713107e-05,9.923492798862e-01,-2.316277443660e-03,9.818030603613e-01,-9.201460755066e-03,9.731616760007e-01,-1.664949074897e-02
3.220581091097e+02,1.001425385353e+00,3.180325577197e-04,1.007043944918e+00,3.674378802183e-03,1.016088567867e+00,1.235787757369e-02,1.023171673350e+00,2.124672446366e-02
3.250402160042e+02,9.986535792681e-01,-5.361962607500e-04,9.936679160791e-01,-4.717205172980e-03,9.861490423803e-01,-1.468049553550e-02,9.805859218920e-01,-2.454334616379e-02
3.280499358084e+02,1.001254569063e+00,7.031318452056e-04,1.005622286313e+00,5.475008235554e-03,1.011740329919e+00,1.629049330049e-02,1.015945014215e+00,2.675919466669e-02
3.310875242051e+02,9.988341763599e-01,-8.232034503625e-04,9.950071526741e-01,-5.992086582116e-03,9.900650681571e-01,-1.733218034563e-02,9.869789501144e-01,-2.813980040136e-02
3.341532392443e+02,1.001091670448e+00,9.022281740232e-04,1.004496654949e+00,6.314326132518e-03,1.008548874653e+00,1.794318172966e-02,1.010800964257e+00,2.891219591181e-02
3.372473413655e+02,9.989603853422e-01,-9.457198625808e-04,9.958337318461e-01,-6.480655728294e-03,9.923515588110e-01,-1.823506199826e-02,9.906266449583e-01,-2.925708166235e-02
3.403700934198e+02,1.001013818457e+00,9.577304168728e-04,1.004018786098e+00,6.517751130299e-03,1.007266519379e+00,1.828195698470e-02,1.008780346993e+00,2.929305384672e-02
3.435217606920e+02,9.989843935908e-01,-9.401961078448e-04,9.959406580403e-01,-6.437185030245e-03,9.925874486979e-01,-1.811471896022e-02,9.909663202444e-01,-2.906871945096e-02
3.467026109236e+02,1.001043697196e+00,8.927053927809e-04,1.004282574191e+00,6.234404498870e-03,1.008076600145e+00,1.771875756193e-02,1.010121227074e+00,2.855972017278e-02
3.499129143350e+02,9.989058930438e-01,-8.126521151847e-04,9.953281872476e-01,-5.889285100107e-03,9.907730614726e-01,-1.703484928320e-02,9.879969137725e-01,-2.766947408593e-02
3.531529436489e+02,1.001159749502e+00,6.958014208353e-04,1.005196051465e+00,5.368460542759e-03,1.010801203365e+00,1.596347381826e-02,1.014597194653e+00,2.623452071860e-02
3.564229741132e+02,9.987701520295e-01,-5.373538358683e-04,9.941948271743e-01,-4.630067335959e-03,9.873080290731e-01,-1.437453755075e-02,9.822444907023e-01,-2.403748980884e-02
3.597232835243e+02,1.001289385168e+00,3.336206712543e-04,1.006424461074e+00,3.631861406683e-03,1.014728920441e+00,1.212542314550e-02,1.021233684271e+00,2.083258020732e-02
3.630541522512e+02,9.986810399128e-01,-8.438837174571e-05,9.930497452052e-01,-2.343685755652e-03,9.833381591798e-01,-9.090750361287e-03,9.753396238624e-01,-1.638943193708e-02
3.664158632588e+02,1.001295568108e+00,-2.040902051185e-04,1.007249619315e+00,7.647458449690e-04,1.018151629728e+00,5.206390176624e-03,1.027516946582e+00,1.056038076830e-02
3.698087021321e+02,9.988050714708e-01,5.158232882613e-04,9.928320666720e-01,1.055218129191e-03,9.812203026140e-01,-5.272584447953e-04,9.708561373987e-01,-3.371856680940e-03
3.732329571006e+02,1.000995943318e+00,-8.223155062695e-04,1.006548756239e+00,-2.994229381316e-03,1.018088584796e+00,-4.707656051974e-03,1.028794717755e+00,-4.868433405100e-03
3.766889190625e+02,9.993124633721e-01,1.081651938863e-03,9.947306110572e-01,4.842711314729e-03,9.843341530708e-01,1.001901659415e-02,9.742410142472e-01,1.347174013534e-02
3.801768816096e+02,1.000277335823e+00,-1.241258086120e-03,1.003292023113e+00,-6.305182489249e-03,1.011276075284e+00,-1.466718693616e-02,1.019565099280e+00,-2.131824371476e-02
3.836971410525e+02,1.000199667703e+00,1.246238570990e-03,9.992766739949e-01,7.032184010717e-03,9.949709915571e-01,1.770587497912e-02,9.897495700086e-01,2.691668493370e-02
3.872499964452e+02,9.993239672417e-01,-1.054359682138e-03,9.978648295697e-01,-6.693689330249e-03,9.975438138853e-01,-1.814674357613e-02,9.986412431115e-01,-2.863777418597e-02
3.908357496109e+02,1.001055372738e+00,6.564830822929e-04,1.004774927852e+00,5.095249323702e-03,1.009964570319e+00,1.525214334743e-02,1.013470648722e+00,2.515887248711e-02
3.944547051674e+02,9.987704722044e-01,-9.744020543078e-05,9.934581931159e-01,-2.317477134031e-03,9.842228275820e-01,-8.922979545248e-03,9.765842546332e-01,-1.608285437611e-02
3.981071705535e+02,1.001111601001e+00,-5.122371630228e-04,1.006797725524e+00,-1.169861151228e-03,1.018032931543e+00,6.901760593018e-05,1.028159470342e+00,2.568308480275e-03
